Parameter Code,Analysis Method Code,Unit,Parameter Long Name,Method Name,Method Type,Method Number,Method Source,Method Description
1112TTCETA,0,µg/l,"1,1,1,2-Tetrachloroethane",,,,,Undefined Analysis Method
111TCA,0,µg/l,"1,1,1-Trichloroethane",,,,,Undefined Analysis Method
1122TTCETA,0,µg/l,"1,1,2,2-Tetrachloroethane",,,,,Undefined Analysis Method
112TCA,0,µg/l,"1,1,2-Trichloroethane",,,,,Undefined Analysis Method
11DCA,0,µg/l,"1,1-Dichloroethane",,,,,Undefined Analysis Method
11DCE,0,µg/l,"1,1-Dichloroethene",,,,,Undefined Analysis Method
1234TECBZ,0,µg/l,"1,2,3,4-Tetrachlorobenzene",,,,,Undefined Analysis Method
123TCBZ,0,µg/l,"1,2,3-Trichlorobenzene",,,,,Undefined Analysis Method
123TCPA,0,µg/l,"1,2,3-Trichloropropane",,,,,Undefined Analysis Method
124TCBZ,0,µg/l,"1,2,4-Trichlorobenzene",,,,,Undefined Analysis Method
12DCPA,0,µg/l,"1,2-Dichloropropane",,,,,Undefined Analysis Method
135TCBZ,0,µg/l,"1,3,5-Trichlorobenzene",,,,,Undefined Analysis Method
1CLNAPHTHALENE,0,µg/l,1-Chloronaphthalene,,,,,Undefined Analysis Method
1MNPT,0,µg/l,1-Methylnaphthalene,,,,,Undefined Analysis Method
1MNPT,VMV_2863,ng/l,1-Methylnaphthalene,"Analysis of OCs, PCBs, CBs and PAHs in 1 L water samples by GC-ECD and GC-MSD.",Chromatography,VMV Method,VMV Method,
23DCP,0,µg/l,"2,3-Dichlorophenol",,,,,Undefined Analysis Method
245T,0,µg/l,"(2,4,5-Trichlorophenoxy)acetic acid",,,,,Undefined Analysis Method
245T,VMV_247,ng/l,"(2,4,5-Trichlorophenoxy)acetic acid",Acid herbicides extracted using Strata-X SPE cartridges.,Chromatography,VMV Method,VMV Method,
245T,VMV_2865,ng/l,"(2,4,5-Trichlorophenoxy)acetic acid",Analysis of acidic herbicides as PFBB esters by GC-ECD.,Chromatography,VMV Method,VMV Method,
245T,VMV_3002,ng/l,"(2,4,5-Trichlorophenoxy)acetic acid",Analysis of acidic herbicides in water using GC-MSD.,Chromatography,VMV Method,VMV Method,
245TCPHL,0,µg/l,"2,4,5-Trichlorophenol",,,,,Undefined Analysis Method
245TP,0,µg/l,"2-(2,4,5-Trichlorophenoxy)propanoic acid",,,,,Undefined Analysis Method
245TP,VMV_247,ng/l,"2-(2,4,5-Trichlorophenoxy)propanoic acid",Acid herbicides extracted using Strata-X SPE cartridges.,Chromatography,VMV Method,VMV Method,
245TP,VMV_2865,ng/l,"2-(2,4,5-Trichlorophenoxy)propanoic acid",Analysis of acidic herbicides as PFBB esters by GC-ECD.,Chromatography,VMV Method,VMV Method,
245TP,VMV_3002,ng/l,"2-(2,4,5-Trichlorophenoxy)propanoic acid",Analysis of acidic herbicides in water using GC-MSD.,Chromatography,VMV Method,VMV Method,
246TCPHL,0,µg/l,"2,4,6-Trichlorophenol",,,,,Undefined Analysis Method
24D,0,µg/l,"2,4-Dichlorophenoxyacetic Acid",,,,,Undefined Analysis Method
24D,24D-LLE-GC-ECD,µg/l,"2,4-Dichlorophenoxyacetic Acid","Liquid-Liquid Extraction Gas Chromatography with Electron Capture Detector (2,4-D)",Chromatography,SM 6630 B,APHA 2012,"A water sample is collected and acidified at a pH <= 1.0 with 50% sulphuric acid. The sample is extracted with dichloromethane and evaporated. The residue is dissolved and esterified with BCl3/2-chloroethanol to pentafluoro-benzyl esters. Add benzene and potassium bicarbonate (2%), shake and dry the benzene extract with anhydrous sodium. Add iso-octane as a keeper and concentrate under a gentle stream of nitrogen at 40°C. Load to a silica gel column and elute with 25% benzene in hexane to remove the excess reagent and contaminants from the extract: discard this product. Elute fraction A with benzene and fraction B with 10% diethyl ether in benzene (with a benzene wash between the two fractions to remove extraneous interfering peaks). Quantify the 2,4-D (fraction A) by GC-ECD, according to its retention time and peak height/area, using multi-point calibration curve. Interference: Some non-target compounds may co-extract but most interferences are removed through silica gel chromatography."
24D,VMV_247,ng/l,"2,4-Dichlorophenoxyacetic Acid",Acid herbicides extracted using Strata-X SPE cartridges.,Chromatography,VMV Method,VMV Method,
24D,VMV_2865,ng/l,"2,4-Dichlorophenoxyacetic Acid",Analysis of acidic herbicides as PFBB esters by GC-ECD.,Chromatography,VMV Method,VMV Method,
24D,VMV_3002,ng/l,"2,4-Dichlorophenoxyacetic Acid",Analysis of acidic herbicides in water using GC-MSD.,Chromatography,VMV Method,VMV Method,
24D,VMV_303,ng/l,"2,4-Dichlorophenoxyacetic Acid",Analysis of  organophosphorus and triazine pesticides in surface waters using GC-MS/MS.,Chromatography,VMV Method,VMV Method,LEEQ Method No. Q0515E0.
24D,VMV_3216,ng/l,"2,4-Dichlorophenoxyacetic Acid","Pesticides of the organophosphorus type, triazine, carbamate and urea: extraction with C-18",Chromatography,VMV Method,VMV Method,
24DB,0,µg/l,"4-(2,4-dichlorophenoxy)butanoic acid",,,,,Undefined Analysis Method
24DB,VMV_2865,ng/l,"4-(2,4-dichlorophenoxy)butanoic acid",Analysis of acidic herbicides as PFBB esters by GC-ECD.,Chromatography,VMV Method,VMV Method,
24DB,VMV_287,ng/l,"4-(2,4-dichlorophenoxy)butanoic acid",Analysis of acidic herbicides by SPE and LC-MS/MS.,Chromatography,VMV Method,VMV Method,
24DB,VMV_3002,ng/l,"4-(2,4-dichlorophenoxy)butanoic acid",Analysis of acidic herbicides in water using GC-MSD.,Chromatography,VMV Method,VMV Method,
24DCP,0,µg/l,"2,4-Diclorophenol",,,,,Undefined Analysis Method
24DDD,0,µg/l,"2,4'-DDD",,,,,Undefined Analysis Method
24DDD,LLE-GC-ECD,µg/l,"2,4'-DDD",Liquid-Liquid Extraction Gas Chromatographic Method I with Electron Capture Detector,Chromatography,SM 6630 B,APHA 2012,"A sample is extracted three times in benzene or hexane. Add saturated sodium sulphate, methanol, iso-propanol or two-octanol to break down the emulsions. Add iso-octane and concentrate the combined extract, using a rotary evaporator flask. The extract is loaded on a Florisil® column and four separate fractions are eluted using hexane, 6% ethyl ether in petroleum ether, 15% ethyl ether in petroleum ether, then 50% ethyl ether in petroleum ether or chloroform. Concentrate in a rotary flask, transfer to a graduated centrifuge tube. Add iso-octane as a keeper and concentrate under a gentle stream of nitrogen at 40°C. The sample extract is then injected into a dual column GC/ECD and quantified, according to its retention time and peak height/area, using a multi-point calibration curve. Confirmation is achieved by chemical derivation techniques, TLC, or Mass Spectrometry.
 Interference: Other pesticide residues and their degradation products or metabolites and organic compounds, other than OCs and PCBs, may interfere. As many of these compounds cannot be separated, confirmation is required.
 Alternative name: o,p'- TDE
 The method detection limit is 0.001 µg/L."
24DDD,VMV_2863,ng/l,"2,4'-DDD","Analysis of OCs, PCBs, CBs and PAHs in 1 L water samples by GC-ECD and GC-MSD.",Chromatography,VMV Method,VMV Method,
24DDD,VMV_3654,ng/l,"2,4'-DDD",Chlorobenzenes and organochlorine pesticides by liquid-liquid extraction and GC-MS/MS detection.,Chromatography,VMV Method,VMV Method,
24DDE,0,µg/l,"2,4'-DDE",,,,,Undefined Analysis Method
24DDE,LLE-GC-ECD,µg/l,"2,4'-DDE",Liquid-Liquid Extraction Gas Chromatographic Method I with Electron Capture Detector,Chromatography,SM 6630 B,APHA 2012,"A sample is extracted three times in benzene or hexane. Add saturated sodium sulphate, methanol, iso-propanol or 2-octanol to break down the emulsions. Add iso-octane and concentrate the combined extract, using a rotary evaporator flask. The extract is loaded on a Florisil® column and four separate fractions are eluted using hexane, 6% ethyl ether in petroleum ether, 15% ethyl ether in petroleum ether, then 50% ethyl ether in petroleum ether or chloroform. Concentrate in a rotary flask, transfer to a graduated centrifuge tube. Add iso-octane as a keeper and concentrate under a gentle stream of nitrogen at 40°C. The sample extract is then injected into a dual column GC/ECD and quantified, according to its retention time and peak height/area, using a multi-point calibration curve. Confirmation is achieved by chemical derivation techniques, TLC, or Mass Spectrometry.
 Interference: Other pesticide residues and their degradation products or metabolites and organic compounds, other than OCs and PCBs, may interfere. As many of these compounds cannot be separated, confirmation is required.
 The method detection limit is 0.001 µg/L."
24DDE,VMV_2863,ng/l,"2,4'-DDE","Analysis of OCs, PCBs, CBs and PAHs in 1 L water samples by GC-ECD and GC-MSD.",Chromatography,VMV Method,VMV Method,
24DDE,VMV_3654,ng/l,"2,4'-DDE",Chlorobenzenes and organochlorine pesticides by liquid-liquid extraction and GC-MS/MS detection.,Chromatography,VMV Method,VMV Method,
24DDT,0,µg/l,"2,4'-DDT",,,,,Undefined Analysis Method
24DDT,LLE-GC-ECD,µg/l,"2,4'-DDT",Liquid-Liquid Extraction Gas Chromatographic Method I with Electron Capture Detector,Chromatography,SM 6630 B,APHA 2012,"A sample is extracted three times in benzene or hexane. Add saturated sodium sulphate, methanol, iso-propanol or two-octanol to break down the emulsions. Add iso-octane and concentrate the combined extract, using a rotary evaporator flask. The extract is loaded on a Florisil® column and four separate fractions are eluted using hexane, 6% ethyl ether in petroleum ether, 15% ethyl ether in petroleum ether, then 50% ethyl ether in petroleum ether or chloroform. Concentrate in a rotary flask, transfer to a graduated centrifuge tube. Add iso-octane as a keeper and concentrate under a gentle stream of nitrogen at 40°C. The sample extract is then injected into a dual column GC/ECD and quantified, according to its retention time and peak height/area, using a multi-point calibration curve. Confirmation is achieved by chemical derivation techniques, TLC, or Mass Spectrometry.
 Interference: Other pesticide residues and their degradation products or metabolites and organic compounds, other than OCs and PCBs, may interfere. As many of these compounds cannot be separated, confirmation is required.
 The method detection limit is 0.001 µg/L."
24DDT,VMV_2863,ng/l,"2,4'-DDT","Analysis of OCs, PCBs, CBs and PAHs in 1 L water samples by GC-ECD and GC-MSD.",Chromatography,VMV Method,VMV Method,
24DDT,VMV_3654,ng/l,"2,4'-DDT",Chlorobenzenes and organochlorine pesticides by liquid-liquid extraction and GC-MS/MS detection.,Chromatography,VMV Method,VMV Method,
24DNP,0,µg/l,"2,4-Dinitrophenol",,,,,Undefined Analysis Method
24DNT,0,µg/l,"2,4-Dinitrotoluene",,,,,Undefined Analysis Method
24DP,0,µg/l,Dichlorprop,,,,,Undefined Analysis Method
24DP,VMV_247,ng/l,Dichlorprop,Acid herbicides extracted using Strata-X SPE cartridges.,Chromatography,VMV Method,VMV Method,
24DP,VMV_2865,ng/l,Dichlorprop,Analysis of acidic herbicides as PFBB esters by GC-ECD.,Chromatography,VMV Method,VMV Method,
24DP,VMV_3002,ng/l,Dichlorprop,Analysis of acidic herbicides in water using GC-MSD.,Chromatography,VMV Method,VMV Method,
26DCPHL,0,µg/l,"2,6-Dichlorophenol",,,,,Undefined Analysis Method
26DNT,0,µg/l,"2,6-dinitrotoluene",,,,,Undefined Analysis Method
2CLNAPHTHALENE,0,µg/l,2-Chloronaphthalene,,,,,Undefined Analysis Method
2CT,0,µg/l,1-Chloro-2-methylbenzene,,,,,Undefined Analysis Method
2CVE,0,µg/l,2-Chloroethyl vinyl ether,,,,,Undefined Analysis Method
2MNPT,0,µg/l,2-Methylnaphthalene,,,,,Undefined Analysis Method
2MNPT,VMV_2863,ng/l,2-Methylnaphthalene,"Analysis of OCs, PCBs, CBs and PAHs in 1 L water samples by GC-ECD and GC-MSD.",Chromatography,VMV Method,VMV Method,
2MPHL,0,µg/l,2-Methylphenol,,,,,Undefined Analysis Method
2NITROPHENOL,0,µg/l,2-Nitrophenol,,,,,Undefined Analysis Method
34DCA,0,µg/l,"3,4-Dichloroaniline",,,,,Undefined Analysis Method
36DCP,0,µg/l,"3,6-Dichloropyridine-2-carboxylic acid",,,,,Undefined Analysis Method
36DCP,VMV_247,ng/l,"3,6-Dichloropyridine-2-carboxylic acid",Acid herbicides extracted using Strata-X SPE cartridges.,Chromatography,VMV Method,VMV Method,
36DCP,VMV_3002,ng/l,"3,6-Dichloropyridine-2-carboxylic acid",Analysis of acidic herbicides in water using GC-MSD.,Chromatography,VMV Method,VMV Method,
44DDD,0,µg/l,"4,4'-DDD",,,,,Undefined Analysis Method
44DDD,LLE-GC-ECD,µg/l,"4,4'-DDD",Liquid-Liquid Extraction Gas Chromatographic Method I with Electron Capture Detector,Chromatography,SM 6630 B,APHA 2012,"A sample is extracted three times in benzene or hexane. Add saturated sodium sulphate, methanol, iso-propanol or two-octanol to break down the emulsions. Add iso-octane and concentrate the combined extract, using a rotary evaporator flask. The extract is loaded on a Florisil® column and four separate fractions are eluted using hexane, 6% ethyl ether in petroleum ether, 15% ethyl ether in petroleum ether, then 50% ethyl ether in petroleum ether or chloroform. Concentrate in a rotary flask, transfer to a graduated centrifuge tube. Add iso-octane as a keeper and concentrate under a gentle stream of nitrogen at 40°C. The sample extract is then injected into a dual column GC/ECD and quantified, according to its retention time and peak height/area, using a multi-point calibration curve. Confirmation is achieved by chemical derivation techniques, TLC, or Mass Spectrometry.
 Interference: Other pesticide residues and their degradation products or metabolites and organic compounds, other than OCs and PCBs, may interfere. As many of these compounds cannot be separated, confirmation is required.
 Alternate name: p,p'-TDE
 The method detection limit is 0.001 µg/L."
44DDD,VMV_2863,ng/l,"4,4'-DDD","Analysis of OCs, PCBs, CBs and PAHs in 1 L water samples by GC-ECD and GC-MSD.",Chromatography,VMV Method,VMV Method,
44DDD,VMV_3654,ng/l,"4,4'-DDD",Chlorobenzenes and organochlorine pesticides by liquid-liquid extraction and GC-MS/MS detection.,Chromatography,VMV Method,VMV Method,
44DDE,0,µg/l,"4,4'-DDE",,,,,Undefined Analysis Method
44DDE,LLE-GC-ECD,µg/l,"4,4'-DDE",Liquid-Liquid Extraction Gas Chromatographic Method I with Electron Capture Detector,Chromatography,SM 6630 B,APHA 2012,"A sample is extracted three times in benzene or hexane. Add saturated sodium sulphate, methanol, iso-propanol or two-octanol to break down the emulsions. Add iso-octane and concentrate the combined extract, using a rotary evaporator flask. The extract is loaded on a Florisil® column and four separate fractions are eluted using hexane, 6% ethyl ether in petroleum ether, 15% ethyl ether in petroleum ether, then 50% ethyl ether in petroleum ether or chloroform. Concentrate in a rotary flask, transfer to a graduated centrifuge tube. Add iso-octane as a keeper and concentrate under a gentle stream of nitrogen at 40°C. The sample extract is then injected into a dual column GC/ECD and quantified, according to its retention time and peak height/area, using a multi-point calibration curve. Confirmation is achieved by chemical derivation techniques, TLC, or Mass Spectrometry.
 Interference: Other pesticide residues and their degradation products or metabolites and organic compounds, other than OCs and PCBs, may interfere. As many of these compounds cannot be separated, confirmation is required.
 The method detection limit is 0.001 µg/L."
44DDE,VMV_2863,ng/l,"4,4'-DDE","Analysis of OCs, PCBs, CBs and PAHs in 1 L water samples by GC-ECD and GC-MSD.",Chromatography,VMV Method,VMV Method,
44DDE,VMV_3654,ng/l,"4,4'-DDE",Chlorobenzenes and organochlorine pesticides by liquid-liquid extraction and GC-MS/MS detection.,Chromatography,VMV Method,VMV Method,
44DDT,0,µg/l,"4,4'-DDT",,,,,Undefined Analysis Method
44DDT,LLE-GC-ECD,µg/l,"4,4'-DDT",Liquid-Liquid Extraction Gas Chromatographic Method I with Electron Capture Detector,Chromatography,SM 6630 B,APHA 2012,"A sample is extracted three times in benzene or hexane. Add saturated sodium sulphate, methanol, iso-propanol or two-octanol to break down the emulsions. Add iso-octane and concentrate the combined extract, using a rotary evaporator flask. The extract is loaded on a Florisil® column and four separate fractions are eluted using hexane, 6% ethyl ether in petroleum ether, 15% ethyl ether in petroleum ether, then 50% ethyl ether in petroleum ether or chloroform. Concentrate in a rotary flask, transfer to a graduated centrifuge tube. Add iso-octane as a keeper and concentrate under a gentle stream of nitrogen at 40°C. The sample extract is then injected into a dual column GC/ECD and quantified, according to its retention time and peak height/area, using a multi-point calibration curve. Confirmation is achieved by chemical derivation techniques, TLC, or Mass Spectrometry.
 Interference: Other pesticide residues and their degradation products or metabolites and organic compounds, other than OCs and PCBs, may interfere. As many of these compounds cannot be separated, confirmation is required.
 The method detection limit is 0.001 µg/L."
44DDT,VMV_2863,ng/l,"4,4'-DDT","Analysis of OCs, PCBs, CBs and PAHs in 1 L water samples by GC-ECD and GC-MSD.",Chromatography,VMV Method,VMV Method,
44DDT,VMV_3654,ng/l,"4,4'-DDT",Chlorobenzenes and organochlorine pesticides by liquid-liquid extraction and GC-MS/MS detection.,Chromatography,VMV Method,VMV Method,
4BPPE,0,µg/l,4-Bromophenyl phenyl ether,,,,,Undefined Analysis Method
4CMPHL,0,µg/l,4-Chloro-2-methylphenol,,,,,Undefined Analysis Method
4NNPHL,0,µg/l,1-(4-Hydroxyphenyl)nonane,,,,,Undefined Analysis Method
4NNPHLBRA,0,µg/l,4-Nonylphenol (branched),,,,,Undefined Analysis Method
4NPHENOL,0,µg/l,4-Nitrophenol,,,,,Undefined Analysis Method
4OPHLH,0,µg/l,4-Octylphenol,,,,,Undefined Analysis Method
4TOTPHL,0,µg/l,4-tert-Octylphenol,,,,,Undefined Analysis Method
A340,0,,Absorbance at 340 nm,,,,,Undefined Analysis Method
ACETAMIPRID,0,µg/l,Acetamiprid,,,,,Undefined Analysis Method
ACETAMIPRID,VMV_3619,ng/l,Acetamiprid,Neonicotinoid insecticides in water are analyzed by ESI-LC-MS/MS.,Chromatography,VMV Method,VMV Method,
ACETAMIPRID,VMV_655,ng/l,Acetamiprid,Multi residue analysis of pesticides in water by solid phase extraction and LC-MS/MS.,Chromatography,VMV Method,VMV Method,
ACETOCHLOR,0,µg/l,Acetochlor,,,,,Undefined Analysis Method
ACHLORDANE,0,µg/l,Alpha-Chlordane,,,,,Undefined Analysis Method
ACHLORDANE,GC-ECD-ENV718,µg/l,Alpha-Chlordane,Gas Chromatography (ENV 718),Chromatography,ENV 718,Environment Canada 1995,"A 1 litre sample is extracted by benzene or hexane, and the extract dried, concentrated and cleaned up on a Florisil column for the preliminary separation. The eluates are concentrated, and injected into a gas chromatograph using electron capture detection. The pesticide is confirmed qualitatively by thin layer chromatography (TLC) and measured quantitatively by comparing the non-solvent areas of the chromatogram to those of standard solutions of the purified pesticide."
ACHLORDANE,VMV_2863,ng/l,Alpha-Chlordane,"Analysis of OCs, PCBs, CBs and PAHs in 1 L water samples by GC-ECD and GC-MSD.",Chromatography,VMV Method,VMV Method,
ACHLORDANE,VMV_3654,ng/l,Alpha-Chlordane,Chlorobenzenes and organochlorine pesticides by liquid-liquid extraction and GC-MS/MS detection.,Chromatography,VMV Method,VMV Method,
ACIFLUORFEN,VMV_3431,ng/l,Acifluorfen,Analysis of sulfonyl ureas and related herbicides by SPE and LC-MS/MS detection,Chromatography,VMV Method,VMV Method,
ACLONIFEN,0,µg/l,2-chloro-6-nitro-3-phenoxyaniline,,,,,Undefined Analysis Method
ACROLEIN,0,µg/l,Prop-2-enal,,,,,Undefined Analysis Method
ACRYLONITRILE,0,µg/l,Prop-2-enenitrile,,,,,Undefined Analysis Method
ALACHLOR,0,µg/l,Methachlor,,,,,Undefined Analysis Method
ALACHLOR,VMV_303,ng/l,Methachlor,Analysis of  organophosphorus and triazine pesticides in surface waters using GC-MS/MS.,Chromatography,VMV Method,VMV Method,LEEQ Method No. Q0515E0.
ALDICARB,0,µg/l,Aldicarb,,,,,Undefined Analysis Method
ALDICARB,ALD-HPLC-FD-UVD,µg/l,Aldicarb,High Performance Liquid Chromatography (HPLC - UV and Fluorescent Detectors) (ALDICARB),Chromatography,Afghan and Ryan 1982,Afghan and Ryan 1982,"A water sample is extracted with dichloromethane under different pH conditions. The extract is concentrated and subjected to adsorption chromatography on alumina and/or size exclusion chromatography on µ styragel to remove interfering substances. The eluents are evaporated to dryness and dissolved in 45:55 methanol/water solution and analysed, using reverse phase HPLC with UV and fluorescent detectors, at a flow rate of 2 mL/min in the mobile phase. Some carbamate pesticides elute very closely during HPLC separation; therefore, the identification is done through adsorption and fluorescence response ratios or by extracting the sample under acidic (pH 2) and neutral conditions. Quantify by monitoring the UV adsorption at 205 nm as well as the fluorescence at 313 nm or 390 nm, using an excitation wavelength of 254 nm, and compared to multi-point calibration standards and blank solutions. Interference: Many high molecular weight compounds (lipids, humic/fulvic acids, phenols, amines, PAHs, etc) can co-extract and interfere. The clean-up procedures using solvent partitioning, gel permeation chromatography or micro-alumina column chromatography will remove most interferences. UV light and hydrolysis under certain strong acidic or alkaline conditions can also interfere."
ALDICARB,VMV_3461,ng/l,Aldicarb,Carbamate fungicides in water are analyzed by SPE and ESI-LC-MS/MS.,Chromatography,VMV Method,VMV Method,
ALDRIN,0,µg/l,Aldrin,,,,,Undefined Analysis Method
ALDRIN,LLE-GC-ECD,µg/l,Aldrin,Liquid-Liquid Extraction Gas Chromatographic Method I with Electron Capture Detector,Chromatography,SM 6630 B,APHA 2012,"A sample is extracted three times in benzene or hexane. Add saturated sodium sulphate, methanol, iso-propanol or two-octanol to break down the emulsions. Add iso-octane and concentrate the combined extract, using a rotary evaporator flask. The extract is loaded on a Florisil® column and four separate fractions are eluted using hexane, 6% ethyl ether in petroleum ether, 15% ethyl ether in petroleum ether, then 50% ethyl ether in petroleum ether or chloroform. Concentrate in a rotary flask, transfer to a graduated centrifuge tube. Add iso-octane as a keeper and concentrate under a gentle stream of nitrogen at 40°C. The sample extract is then injected into a dual column GC/ECD and quantitated, according to its retention time and peak height/area, using a multi-point calibration curve. Confirmation is achieved by chemical derivation techniques, TLC, or Mass Spectrometry. Interference: Other pesticide residues and their degradation products or metabolites and organic compounds, other than OCs and PCBs, may interfere. As many of these compounds cannot be separated, confirmation is required."
ALDRIN,VMV_2863,ng/l,Aldrin,"Analysis of OCs, PCBs, CBs and PAHs in 1 L water samples by GC-ECD and GC-MSD.",Chromatography,VMV Method,VMV Method,
ALDRIN,VMV_3654,ng/l,Aldrin,Chlorobenzenes and organochlorine pesticides by liquid-liquid extraction and GC-MS/MS detection.,Chromatography,VMV Method,VMV Method,
ALPHACYPERMETHRIN,0,µg/l,Alpha-Cypermethrin,,,,,Undefined Analysis Method
AMETRYN,0,µg/l,"N-ethyl-6-(methylsulfanyl)-N'-(propan-2-yl)-1,3,5-triazine-2,4-diamine",,,,,Undefined Analysis Method
AMETRYN,VMV_303,ng/l,"N-ethyl-6-(methylsulfanyl)-N'-(propan-2-yl)-1,3,5-triazine-2,4-diamine",Analysis of  organophosphorus and triazine pesticides in surface waters using GC-MS/MS.,Chromatography,VMV Method,VMV Method,LEEQ Method No. Q0515E0.
AMETRYN,VMV_526,ng/l,"N-ethyl-6-(methylsulfanyl)-N'-(propan-2-yl)-1,3,5-triazine-2,4-diamine",Analysis of organophosphorus and triazine pesticides in surface waters - by gas chromatography.,Chromatography,VMV Method,VMV Method,LEEQ Method No. Q0500E0.
AMPA,0,µg/l,Aminomethylphosphonic acid,,,,,Undefined Analysis Method
ANILINE,0,µg/l,Phenylamine,,,,,Undefined Analysis Method
ANTH,0,µg/l,"1,2-Dihydroacenaphthylene",,,,,Undefined Analysis Method
ANTH,EPA8310,µg/l,"1,2-Dihydroacenaphthylene",Polynuclear Aromatic Hydrocarbons,Chromatography,,EPA 1986,"Method 8310 provides high performance liquid chromatographic (HPLC) conditions for the detection of ppb levels of certain polynuclear aromatic hydrocarbons. Prior to use of this method, appropriate sample extraction techniques must be used. A 5- to 25-uL aliquot of the extract is injected into an HPLC, and compounds in the effluent are detected by ultraviolet (UV) and fluorescence detectors.

Collect water samples in amber glass containers with screwcaps Teflon lined septa. If residual chlorine is present, add 3 mL of 10% sodium thiosulfate per gallon. Refrigerate at 4°C until extraction. Extract within 7 days. Solid samples: Collect sample in wide-mouth glass jar. Refrigerate at 4°C until extraction. Extract within 14 days. All extracts should be stored at 4°C and analyzed within 40 days after extraction. (https://www.nemi.gov/methods/method_pdf/4727/)"
ANTH,LLE-HPLC-FD-UVD,µg/l,"1,2-Dihydroacenaphthylene",Liquid-Liquid Extraction High Performance Liquid Chromatography and Fluorescence/UV-Detector,Chromatography,SM 6440 B,APHA 2012,"Mark the water meniscus on the side of the sample bottle for later determination of volume. Pour entire sample into a 2-L separatory funnel and extract. Separation and clean-up is by means of a silica-gel column. Add 4mL acetonitrile and concentrate the extract in a 95-100°C water bath using a micro-Snyder column. Rinse column with 0.2 mL acetonitrile. Adjust final extract volume to 1.0mL. After the operating conditions are met, proceed with calibration and sample analysis. If the internal standard calibration procedure is being used, add internal standard to sample extract and mix thoroughly. Immediately inject 5 to 25µL sample extract or standard into HPLC using a high pressure syringe or constant-volume sample injection loop. Record volume injected to nearest 0.1 µL and resulting peak size in area or peak height units. Re-equilibrate HPLC column at initial gradient conditions for at least 10 minutes between injections. Identify compounds in sample by comparing peak retention times with peaks of standard chromatograms."
ANTH,VMV_2863,ng/l,"1,2-Dihydroacenaphthylene","Analysis of OCs, PCBs, CBs and PAHs in 1 L water samples by GC-ECD and GC-MSD.",Chromatography,VMV Method,VMV Method,
ANTH,VMV_3669,ng/l,"1,2-Dihydroacenaphthylene",Extraction of PAHs in water by solid phase extraction (SPE) and analysis by GC-MSMS.,Chromatography,VMV Method,VMV Method,
ANTH,VMV_4100,µg/l,"1,2-Dihydroacenaphthylene",PAH and alkyl substituted PAH in water are analyzed via GC-MS.,Chromatography,VMV Method,VMV Method,
ANTHRACENE,0,µg/l,Anthracene,,,,,Undefined Analysis Method
ANTHRACENE,EPA8310,µg/l,Anthracene,Polynuclear Aromatic Hydrocarbons,Chromatography,,EPA 1986,"Method 8310 provides high performance liquid chromatographic (HPLC) conditions for the detection of ppb levels of certain polynuclear aromatic hydrocarbons. Prior to use of this method, appropriate sample extraction techniques must be used. A 5- to 25-uL aliquot of the extract is injected into an HPLC, and compounds in the effluent are detected by ultraviolet (UV) and fluorescence detectors.

Collect water samples in amber glass containers with screwcaps Teflon lined septa. If residual chlorine is present, add 3 mL of 10% sodium thiosulfate per gallon. Refrigerate at 4°C until extraction. Extract within 7 days. Solid samples: Collect sample in wide-mouth glass jar. Refrigerate at 4°C until extraction. Extract within 14 days. All extracts should be stored at 4°C and analyzed within 40 days after extraction. (https://www.nemi.gov/methods/method_pdf/4727/)"
ANTHRACENE,LLE-HPLC-FD-UVD,µg/l,Anthracene,Liquid-Liquid Extraction High Performance Liquid Chromatography and Fluorescence/UV-Detector,Chromatography,SM 6440 B,APHA 2012,"Mark the water meniscus on the side of the sample bottle for later determination of volume. Pour entire sample into a 2-L separatory funnel and extract. Separation and clean-up is by means of a silica-gel column. Add 4mL acetonitrile and concentrate the extract in a 95-100°C water bath using a micro-Snyder column. Rinse column with 0.2 mL acetonitrile. Adjust final extract volume to 1.0mL. After the operating conditions are met, proceed with calibration and sample analysis. If the internal standard calibration procedure is being used, add internal standard to sample extract and mix thoroughly. Immediately inject 5 to 25µL sample extract or standard into HPLC using a high pressure syringe or constant-volume sample injection loop. Record volume injected to nearest 0.1 µL and resulting peak size in area or peak height units. Re-equilibrate HPLC column at initial gradient conditions for at least 10 minutes between injections. Identify compounds in sample by comparing peak retention times with peaks of standard chromatograms."
ANTHRACENE,VMV_3669,ng/l,Anthracene,Extraction of PAHs in water by solid phase extraction (SPE) and analysis by GC-MSMS.,Chromatography,VMV Method,VMV Method,
ANTL,0,µg/l,Acenaphthylene,,,,,Undefined Analysis Method
ANTL,EPA8310,µg/l,Acenaphthylene,Polynuclear Aromatic Hydrocarbons,Chromatography,,EPA 1986,"Method 8310 provides high performance liquid chromatographic (HPLC) conditions for the detection of ppb levels of certain polynuclear aromatic hydrocarbons. Prior to use of this method, appropriate sample extraction techniques must be used. A 5- to 25-uL aliquot of the extract is injected into an HPLC, and compounds in the effluent are detected by ultraviolet (UV) and fluorescence detectors.

Collect water samples in amber glass containers with screwcaps Teflon lined septa. If residual chlorine is present, add 3 mL of 10% sodium thiosulfate per gallon. Refrigerate at 4°C until extraction. Extract within 7 days. Solid samples: Collect sample in wide-mouth glass jar. Refrigerate at 4°C until extraction. Extract within 14 days. All extracts should be stored at 4°C and analyzed within 40 days after extraction. (https://www.nemi.gov/methods/method_pdf/4727/)"
ANTL,LLE-HPLC-FD-UVD,µg/l,Acenaphthylene,Liquid-Liquid Extraction High Performance Liquid Chromatography and Fluorescence/UV-Detector,Chromatography,SM 6440 B,APHA 2012,"Mark the water meniscus on the side of the sample bottle for later determination of volume. Pour entire sample into a 2-L separatory funnel and extract. Separation and clean-up is by means of a silica-gel column. Add 4mL acetonitrile and concentrate the extract in a 95-100°C water bath using a micro-Snyder column. Rinse column with 0.2 mL acetonitrile. Adjust final extract volume to 1.0mL. After the operating conditions are met, proceed with calibration and sample analysis. If the internal standard calibration procedure is being used, add internal standard to sample extract and mix thoroughly. Immediately inject 5 to 25µL sample extract or standard into HPLC using a high pressure syringe or constant-volume sample injection loop. Record volume injected to nearest 0.1 µL and resulting peak size in area or peak height units. Re-equilibrate HPLC column at initial gradient conditions for at least 10 minutes between injections. Identify compounds in sample by comparing peak retention times with peaks of standard chromatograms."
ANTL,VMV_2863,ng/l,Acenaphthylene,"Analysis of OCs, PCBs, CBs and PAHs in 1 L water samples by GC-ECD and GC-MSD.",Chromatography,VMV Method,VMV Method,
ANTL,VMV_3669,ng/l,Acenaphthylene,Extraction of PAHs in water by solid phase extraction (SPE) and analysis by GC-MSMS.,Chromatography,VMV Method,VMV Method,
ANTL,VMV_4100,µg/l,Acenaphthylene,PAH and alkyl substituted PAH in water are analyzed via GC-MS.,Chromatography,VMV Method,VMV Method,
AOX,0,µg/l,Adsorbable Organic Halides,,,,,Undefined Analysis Method
ATENOLOL,0,µg/l,Atenolol,,,,,Undefined Analysis Method
ATRAZINE,0,µg/l,Atrazine,,,,,Undefined Analysis Method
ATRAZINE,GC-NPD,µg/l,Atrazine,Gas Chromatography with Nitrogen-Phosphorus Detector,Chromatography,NAQ 18415,Environment Canada 1979,"A sample aliquot is extracted with dichloromethane three times. The extract is loaded on a Florisil® column and two separate fractions are eluted using 15% dichloromethane in hexane for fraction A and 2% methanol in dichloromethane for fraction B (which contains the atrazine). Concentrate in a rotary flask, transfer to a graduated centrifuge tube. Add iso-octane as a keeper and concentrate under a gentle stream of nitrogen at 40°C. The sample extract is then injected into a dual column GC/NPD and quantitated, according to its retention time and peak height/area, using a multi-point calibration curve. A gas chromatograph equipped with a mass selective detector (GC/MSD) is used if confirmation is required. Interference: Some organic compounds may co-extract with atrazine but most interferences are eliminated by Florisil® clean up. All solvents are checked for background interference."
ATRAZINE,VMV_2868,ng/l,Atrazine,Analysis of sulphate in unfiltered samples using COBAS method,Colorimetry,VMV Method,VMV Method,
ATRAZINE,VMV_3003,ng/l,Atrazine,Analysis of neutral herbicides in water using GC-MSD.,Chromatography,VMV Method,VMV Method,
ATRAZINE,VMV_303,ng/l,Atrazine,Analysis of  organophosphorus and triazine pesticides in surface waters using GC-MS/MS.,Chromatography,VMV Method,VMV Method,LEEQ Method No. Q0515E0.
ATRAZINE,VMV_3216,ng/l,Atrazine,"Pesticides of the organophosphorus type, triazine, carbamate and urea: extraction with C-18",Chromatography,VMV Method,VMV Method,
ATRAZINE,VMV_526,ng/l,Atrazine,Analysis of organophosphorus and triazine pesticides in surface waters - by gas chromatography.,Chromatography,VMV Method,VMV Method,LEEQ Method No. Q0500E0.
ATRAZINEDESET,0,µg/l,Atrazine-desethyl,,,,,Undefined Analysis Method
ATRAZINEDESET,VMV_2868,ng/l,Atrazine-desethyl,Analysis of sulphate in unfiltered samples using COBAS method,Colorimetry,VMV Method,VMV Method,
ATRAZINEDESET,VMV_3003,ng/l,Atrazine-desethyl,Analysis of neutral herbicides in water using GC-MSD.,Chromatography,VMV Method,VMV Method,
ATRAZINEDESET,VMV_303,ng/l,Atrazine-desethyl,Analysis of  organophosphorus and triazine pesticides in surface waters using GC-MS/MS.,Chromatography,VMV Method,VMV Method,LEEQ Method No. Q0515E0.
ATRAZINEDESET,VMV_3216,ng/l,Atrazine-desethyl,"Pesticides of the organophosphorus type, triazine, carbamate and urea: extraction with C-18",Chromatography,VMV Method,VMV Method,
ATTAINA,0,µg/l,Fluroxypyr-Meptyl,,,,,Undefined Analysis Method
AZINPHOS-ETHYL,0,µg/l,Azinphos-ethyl,,,,,Undefined Analysis Method
AZINPHOS-ETHYL,VMV_303,ng/l,Azinphos-ethyl,Analysis of  organophosphorus and triazine pesticides in surface waters using GC-MS/MS.,Chromatography,VMV Method,VMV Method,LEEQ Method No. Q0515E0.
AZITHROMYCIN,0,µg/l,Azithromycin,,,,,Undefined Analysis Method
AZOXYSTROBIN,0,µg/l,Azoxystrobin,,,,,Undefined Analysis Method
Ag-Dis,0,µg/l,Silver - Dissolved,,,,,Undefined Analysis Method
Ag-Dis,FAAS-AAc-D,mg/l,Silver - Dissolved,Direct Air-Acetylene Flame Atomic Absorption Spectrometry,Spectroscopy,SM 3111 B,APHA 2012,"A sample is preserved in the field with EDTA/nitric acid. The sample aliquot is aspirated and the absorbance is measured spectrometrically and compared to identically-prepared standard and blank solutions, using an air-acetylene oxidizing flame."
Ag-Dis,VMV_1920,µg/l,Silver - Dissolved,Dissolved metals with in-bottle digestion using inductively coupled plasma-sector field MS,Spectroscopy,VMV Method,VMV Method,
Ag-Dis,VMV_2651,mg/l,Silver - Dissolved,Dissolved silver in a filtered samples using ICP-OES spectrometer with an external nebulizer,Spectroscopy,VMV Method,VMV Method,
Ag-Dis,VMV_2725,µg/l,Silver - Dissolved,Dissolved metals are analyzed by ICP-AES,Spectroscopy,VMV Method,VMV Method,
Ag-Dis,VMV_2816,µg/l,Silver - Dissolved,Dissolved metals by inductively coupled argon plasma/mass spectrometer with pneumatic nebulization,Spectroscopy,VMV Method,VMV Method,
Ag-Dis,VMV_3007,µg/l,Silver - Dissolved,"Dissolved metals in water by ""in-bottle"" digestion are analyzed by ICP-MS/ICP-OES.",Spectroscopy,VMV Method,VMV Method,
Ag-Dis,VMV_3017,µg/l,Silver - Dissolved,Dissolved metals by inductively coupled argon plasma-mass spectrometry technique (ICP-MS).,Spectroscopy,VMV Method,VMV Method,
Ag-Dis,VMV_3529,µg/l,Silver - Dissolved,Dissolved metals by CRC-ICP-MS with in-bottle digestion and discrete sampling pneumatic nebulization,Spectroscopy,VMV Method,VMV Method,
Ag-Dis,VMV_3584,µg/l,Silver - Dissolved,Dissolved metals by CRC-ICP-MS and discrete sampling pneumatic nebulization,Spectroscopy,VMV Method,VMV Method,
Ag-Dis,VMV_3744,µg/l,Silver - Dissolved,Analysis of dissolved metals is done by inductively coupled argon plasma mass spectrometry (ICP-MS).,Spectroscopy,VMV Method,VMV Method,
Ag-Ext,FAAS-AAc-E,mg/l,Silver - Extractable,Extraction/Air-Acetylene Flame Atomic Absorption Spectrometry,Spectroscopy,SM 3111 C,APHA 2012,"The whole water sample, preserved with EDTA, is acidified with dilute mineral acid (0.2% HNO3), shaken, left to stand overnight. The pH of an aliquot of this solution is adjusted to between 3.5 and 6.5. The aliquot is extracted with ethyl propionate containing diphenylthiocarbazone. The solvent layer is homogenized with acetone and analyzed spectrophotometrically at a wavelength of 328.1 nm and compared with those of identically prepared standards. An acetylene-air oxidizing flame is used."
Ag-Ext,VMV_1917,µg/l,Silver - Extractable,Extractable metals with inductively coupled argon plasma-sector field mass spectrometer (ICP-SFMS),Spectroscopy,VMV Method,VMV Method,
Ag-Ext,VMV_2817,µg/l,Silver - Extractable,Extractable metals by inductively coupled argon plasma-mass spectrometry with pneumatic nebulization,Spectroscopy,VMV Method,VMV Method,
Ag-Ext,VMV_2841,µg/l,Silver - Extractable,Extractable elements in acid preserved samples are analyzed by ICP-MS.,Spectroscopy,VMV Method,VMV Method,
Ag-Ext,VMV_4070,µg/l,Silver - Extractable,Extractable metals by inductively coupled plasma-collision/reaction cell-mass spectrometry,Spectroscopy,VMV Method,VMV Method,
Ag-Tot,0,µg/l,Silver - Total,,,,,Undefined Analysis Method
Ag-Tot,ICP-AES-Dgs,mg/l,Silver - Total,Inductively Coupled Plasma (ICP) Method (Total Metals after Rigorous Digestion),Spectroscopy,SM 3120 B,APHA 2012,"Preconcentration by evaporation to near dryness with HNO3 or aqua regia (HNO3/HCl ratio v/v: 1to 3). Residue is taken up with HCl, and digested to near dryness, then brought to one-fifth or one-tenth original volume with deionized water. Digest is filtered through 0.4 um membrane before analysis."
Ag-Tot,ICP-SFMS-CVD,mg/l,Silver - Total,Inductively-Coupled Plasma Sector Field Mass Spectrometry with Closed Vessel Digestion,Spectroscopy,SM 3125 B,APHA 2012,"Closed Vessel Digestion - The whole water sample is collected, preserved with 2% H2NO3, and stored in a HDPE or Teflon bottle. The sample is digested ""in-bottle"" in a convection oven at 60°C for 16 hours. The sample is cooled and introduced to an inductively coupled argon plasma-sector field mass spectrometer (ICP-SFMS) by pneumatic nebulization. Each respective element is measured at a specific mass to charge ratio, m/z value expressed in amu (atomic mass units), and at a specified instrument resolution. LR: Low Resolution ~ 300, MR: Mid Resolution ~ 4000 and HR : High Resolution ~ 10000"
Ag-Tot,VMV_1919,µg/l,Silver - Total,Total metals with in-bottle digestion and inductively coupled plasma-sector field mass spectrometer,Spectroscopy,VMV Method,VMV Method,
Ag-Tot,VMV_2459,µg/l,Silver - Total,Total recoverable metals with thermal digestion and inductively coupled plasma mass spectrometry,Spectroscopy,VMV Method,VMV Method,
Ag-Tot,VMV_2650,mg/l,Silver - Total,Total silver in unfiltered samples using ICP-OES spectrometer equipped with an external nebulizer,Spectroscopy,VMV Method,VMV Method,
Ag-Tot,VMV_2960,µg/l,Silver - Total,"Total metals in water by ""in bottle"" digestion are analyzed by ICP-MS/ICP-OES.",Spectroscopy,VMV Method,VMV Method,
Ag-Tot,VMV_3528,µg/l,Silver - Total,Total metals by CRC-ICP-MS with in-bottle digestion and discrete sampling pneumatic nebulization,Spectroscopy,VMV Method,VMV Method,
Ag-Tot,VMV_3583,µg/l,Silver - Total,Total metals by CRC-ICP-MS and discrete sampling pneumatic nebulization,Spectroscopy,VMV Method,VMV Method,
Ag-Tot,VMV_375,µg/l,Silver - Total,Total metals in water by ICP-MS,Spectroscopy,VMV Method,VMV Method,
Ag-Tot,VMV_4007,µg/l,Silver - Total,Total metals by inductively coupled plasma-mass spectrometry with in-bottle digestion,Spectroscopy,VMV Method,VMV Method,Total metals in water with in bottle digestion are analyzed by inductively coupled plasma - collision/reaction cell - mass spectrometry (ICP-CRC-MS).
Al-Dis,0,mg/l,Aluminium - Dissolved,,,,,Undefined Analysis Method
Al-Dis,COL-F,mg/l,Aluminium - Dissolved,Colorimetry using Ferron as Indicator,Colorimetry,ENV 488,Environment Canada 1995,"A sample is preserved in the field with diluted mineral acid. A hydroxylamine hydrochloride (NH2OH.HCl) solution, containing BeSO4 (to minimize the interference of fluoride), is added to two aliquots: one is the test aliquot and the other is the colour correction aliquot. A solution, containing ferron and orthophenanthroline (9, 10-phenanthroline) (to minimize the interference of iron), is added to one of the sample aliquots. Sodium acetate solution is added to both sample aliquots. The absorbance of the aliquot, containing ferron and orthophenanthroline, is measured spectrometrically at 520 nm, and compared to identically-prepared Al standard and blank solutions. A colour correction is made, using the aliquot without ferron and orthophenanthroline.The Al concentration measured is corrected for Fe, Mn and F ions, by the following equation:mg/L Al = A - B - C + D where, A = apparent mg/L Al ;B = (0.12 x mg/L Fe); C = 0.04 x mg/L Mn) ;D = (0.05 x mg/L F)"
Al-Dis,FAAS-NAc-D,mg/l,Aluminium - Dissolved,Direct Nitrous Oxide-Acetylene Flame Atomic Absorption Spectrometry,Spectroscopy,SM 3111 D,APHA 2012,"A sample is filtered in the field through a 0.45 µm membrane filter and preserved with diluted mineral acid. The sample aliquot is aspirated and the absorbance measured spectrometrically at 309.3 nm, and compared with to identically-prepared Al standard and blank solutions, using a N2O-C2H2 reducing flame."
Al-Dis,VMV_1920,µg/l,Aluminium - Dissolved,Dissolved metals with in-bottle digestion using inductively coupled plasma-sector field MS,Spectroscopy,VMV Method,VMV Method,
Al-Dis,VMV_2632,mg/l,Aluminium - Dissolved,Dissolved metals by inductively coupled argon plasma emission spectrometry with external nebulizer,Spectroscopy,VMV Method,VMV Method,
Al-Dis,VMV_2633,mg/l,Aluminium - Dissolved,Dissolved metals by ICP argon plasma emission spectrometry with standard spray chamber,Spectroscopy,VMV Method,VMV Method,
Al-Dis,VMV_2725,µg/l,Aluminium - Dissolved,Dissolved metals are analyzed by ICP-AES,Spectroscopy,VMV Method,VMV Method,
Al-Dis,VMV_2816,µg/l,Aluminium - Dissolved,Dissolved metals by inductively coupled argon plasma/mass spectrometer with pneumatic nebulization,Spectroscopy,VMV Method,VMV Method,
Al-Dis,VMV_3007,µg/l,Aluminium - Dissolved,"Dissolved metals in water by ""in-bottle"" digestion are analyzed by ICP-MS/ICP-OES.",Spectroscopy,VMV Method,VMV Method,
Al-Dis,VMV_3017,µg/l,Aluminium - Dissolved,Dissolved metals by inductively coupled argon plasma-mass spectrometry technique (ICP-MS).,Spectroscopy,VMV Method,VMV Method,
Al-Dis,VMV_3529,µg/l,Aluminium - Dissolved,Dissolved metals by CRC-ICP-MS with in-bottle digestion and discrete sampling pneumatic nebulization,Spectroscopy,VMV Method,VMV Method,
Al-Dis,VMV_3744,µg/l,Aluminium - Dissolved,Analysis of dissolved metals is done by inductively coupled argon plasma mass spectrometry (ICP-MS).,Spectroscopy,VMV Method,VMV Method,
Al-Ext,FAAS-NAc-D,mg/l,Aluminium - Extractable,Direct Nitrous Oxide-Acetylene Flame Atomic Absorption Spectrometry,Spectroscopy,SM 3111 D,APHA 2012,"The sample is acidified with diluted mineral acid (0.2% HNO3), shaken, and left overnight. The solution is then aspirated; the absorbance is measured spectrophotometrically at 309.3 nm, and compared with those of standard Al solutions. A N2O-C2H2 reducing flame is used."
Al-Ext,FAAS-NAc-E,mg/l,Aluminium - Extractable,Extraction/Nitrous Oxide-Aceteylene Flame Atomic Absorption Spectrometry,Spectroscopy,SM 3111 E,APHA 2012,"If turbid the sample is passed through a 0.45µ membrane filter. The sample is acidified with dilute mineral acid, shaken and left overnight. The pH of the filtrate is adjusted to 8.00 with buffer solution, 8-Hydroxyquinoline is added, followed by extraction with methyl isobutyl ketone (MIBK). The absorbance of the extract is measured at 309.6 nm and compared with those of standard Al solution. An N2O-C2H2 reducing flame is used."
Al-Ext,VMV_1917,µg/l,Aluminium - Extractable,Extractable metals with inductively coupled argon plasma-sector field mass spectrometer (ICP-SFMS),Spectroscopy,VMV Method,VMV Method,
Al-Ext,VMV_2628,µg/l,Aluminium - Extractable,Extractable metals by inductively coupled argon plasma (ICAP) emission.,Spectroscopy,VMV Method,VMV Method,
Al-Ext,VMV_2841,µg/l,Aluminium - Extractable,Extractable elements in acid preserved samples are analyzed by ICP-MS.,Spectroscopy,VMV Method,VMV Method,
Al-Tot,0,mg/l,Aluminium - Total,,,,,Undefined Analysis Method
Al-Tot,FAAS-NAc-D-NA,mg/l,Aluminium - Total,Direct Nitrous Oxide-Acetylene Flame Atomic Absorption Spectrometry with HNO3 digestion,Spectroscopy,SM 3111 D,APHA 2012,A sample is preserved in the field with nitric acid. The sample aliquot is digested with nitric acid and aspirated in a N2O-C2H2 reducing flame. The absorbance is measured spectrometrically at 309.3 nm. The sample is compared to identically-prepared Al standard and blank solutions.
Al-Tot,ICP-AES-Dgs,mg/l,Aluminium - Total,Inductively Coupled Plasma (ICP) Method (Total Metals after Rigorous Digestion),Spectroscopy,SM 3120 B,APHA 2012,A sample is preserved in the field with diluted mineral acid. The sample aliquot is digested with aqua regia and evaporated near dryness. The residue is dissolved in concentration HCl and diluted appropriately. The digested sample aliquot is aspirated and the emission is measured spectrometrically at 309.3 nm (See Appendix 4) and compared to identically-prepared Al standard and blank solutions.
Al-Tot,ICP-AES-Xtr,mg/l,Aluminium - Total,Inductively Coupled Plasma (ICP) Method (Extractable/Recoverable Metals),Spectroscopy,"SM 3120 B, 3030 C",APHA 2012,"A sample is preserved in the field with nitric acid. The sample aliquot is digested with concentrated nitric acid or aqua regia, concentrated appropriately, and aspirated from an autosampler. The emission is measured at 309.3 nm (See Appendix 4) and compared to identically-prepared standard and blank solutions."
Al-Tot,ICP-SFMS-CVD,mg/l,Aluminium - Total,Inductively-Coupled Plasma Sector Field Mass Spectrometry with Closed Vessel Digestion,Spectroscopy,SM 3125 B,APHA 2012,"Closed Vessel Digestion - The whole water sample is collected, preserved with 2% H2NO3, and stored in a HDPE or Teflon bottle. The sample is digested ""in-bottle"" in a convection oven at 60°C for 16 hours. The sample is cooled and introduced to an inductively coupled argon plasma-sector field mass spectrometer (ICP-SFMS) by pneumatic nebulization. Each respective element is measured at a specific mass to charge ratio, m/z value expressed in amu (atomic mass units), and at a specified instrument resolution. LR: Low Resolution ~ 300, MR: Mid Resolution ~ 4000 and HR : High Resolution ~ 10000"
Al-Tot,VMV_1919,µg/l,Aluminium - Total,Total metals with in-bottle digestion and inductively coupled plasma-sector field mass spectrometer,Spectroscopy,VMV Method,VMV Method,
Al-Tot,VMV_2459,µg/l,Aluminium - Total,Total recoverable metals with thermal digestion and inductively coupled plasma mass spectrometry,Spectroscopy,VMV Method,VMV Method,
Al-Tot,VMV_2631,mg/l,Aluminium - Total,Total metals by inductively coupled argon plasma emission spectrometry with standard spray chamber,Spectroscopy,VMV Method,VMV Method,
Al-Tot,VMV_2634,mg/l,Aluminium - Total,Total metals by inductively coupled argon plasma emission spectrometry with external nebulizer.,Spectroscopy,VMV Method,VMV Method,
Al-Tot,VMV_2960,µg/l,Aluminium - Total,"Total metals in water by ""in bottle"" digestion are analyzed by ICP-MS/ICP-OES.",Spectroscopy,VMV Method,VMV Method,
Al-Tot,VMV_3528,µg/l,Aluminium - Total,Total metals by CRC-ICP-MS with in-bottle digestion and discrete sampling pneumatic nebulization,Spectroscopy,VMV Method,VMV Method,
Al-Tot,VMV_3583,µg/l,Aluminium - Total,Total metals by CRC-ICP-MS and discrete sampling pneumatic nebulization,Spectroscopy,VMV Method,VMV Method,
Al-Tot,VMV_375,µg/l,Aluminium - Total,Total metals in water by ICP-MS,Spectroscopy,VMV Method,VMV Method,
Alk-Phen,0,mg/l,Phenolphthalein Alkalinity,,,,,Undefined Analysis Method
Alk-Phen,Alk-T-POT-8_3,mg/l,Phenolphthalein Alkalinity,Titration Method - Potentiometric Titration to preselected pH using Titroprocessor (Endpoint pH=8.3),Titration,SM 2320 B4c,APHA 2012,"A sample is preserved in the field at 4°C. If turbid, the sample is allowed to settle. A known volume of sample aliquot is titrated with standard H2SO4 to pH of 8.3, at 25°C, using an automatic titration system and a pH meter (free residual chlorine is removed with sodium thiosulphate). Interference: Turbidity, dissolved gases such as carbon dioxide, hydrogen sulphite and ammonia."
Alk-Phen,VMV_10299,mg/l,Phenolphthalein Alkalinity,Alkalinity by single potentiometric titration.,Titration,VMV Method,VMV Method,
Alk-Phen,VMV_379,mg/l,Phenolphthalein Alkalinity,Total alkalinity by potentiometric titration (VMV 379),Titration,VMV Method,VMV Method,
Alk-Tot,0,mg/l,Total Alkalinity,,,,,Undefined Analysis Method
Alk-Tot,Alk-T-COL-BCG,mg/l,Total Alkalinity,Titration Method - Color Change using Bromcresol Green as Indicator (Endpoint pH=4.5),Titration,SM 2320 B4a,APHA 2012,A known volume of sample aliquot is titrated with standardized HCl to the end point colour change from blue to steel grey with a pH 4.5 indicator.
Alk-Tot,Alk-T-D1067-B,mg/l,Total Alkalinity,Electrometric or Color-Change Titration,Titration,D1067 B,ASTM 1971,"A sample is preserved in the field at 4°C. If turbid, the sample is allowed to settle. A known volume of the sample aliquot is titrated with standardized H2SO4 or HCl to the methyl purple end point of pH=4.8 -5.4 calibrated for 25°C. Methyl purple indicator is used with a blue water-soluble dye to sharpen the end point. An indicator blank is also titrated. Alternatively, one can use methyl red indicator to a pH 4.8 end point [Japan method], or methyl red to a pH 5.4 end point [Russian method], or bromophenol blue measured colourimetrically at 600 nm [South Africa]."
Alk-Tot,Alk-T-POT-4_5-Auto,mg/l,Total Alkalinity,Titration Method - Potentiometric Titration to preselected pH using Titroprocessor (Endpoint pH=4.5),Titration,SM 2320 B4c,APHA 2012,"If turbid, the sample is allowed to settle. An aliquot of the sample is then titrated with standard H2SO4 or HCL to pH 4.5 using an automatic titration system and a pH meter."
Alk-Tot,Alk-T-POT-Auto,mg/l,Total Alkalinity,Potentiometric Titration using Titroprocessor (Endpoint not defined),Titration,ENV 373,Environment Canada 1995,"The total alkalinity is a measure of all hydroxides, carbonates and bicarbonates present in the water sample. Total alkalinity is determined in a whole water sample by potentiometric titration of a sample aliquot with a standard solution of sulphuric acid. This method employs an automated titrator which makes incremental additions of titrant to the sample and plots a titration curve. The titration curve is a plot of pH vs volume of titrant added. The endpoint of the titration is determined by analysis of the titration curve using a first derivative function to find the inflection point (curve changes from concave to convex or vice versa). The inflection point represents the stoichiometric equivalence point for the neutralization of the carbonates and other bases present. The total alkalinity is given by the equation F*X, where X= ml of acid needed to titrate to the inflection point and F is a factor derived from standardization of the acid. The factor F, incorporates the concentration of the acid used in the titration, the volume of sample analyzed and the conversion of the units to mg/L CaCO3."
Alk-Tot,Alk-T-POT-GRN,mg/l,Total Alkalinity,Gran Titration,Titration,ENV 372,Environment Canada 1995,"The Gran Function employs an algorithm to determine inflection points from titration curves that are not well defined. The titration curves of low ionic strength soft waters and precipitation samples fall into this category. Total alkalinity of these samples is determined by titration with sulphuric acid employing an automatic titrator which makes incremental addition of titrant and plots a titration curve of pH against volume of titrant. Add 0.25mL 1 N KCl to 100mL of sample, then titrate to pH 3.7 with 0.001N HCl. 
 To use the Gran function, small increments of acid are added beyond the expected inflection point. Record both the incremental volumes added, and the corresponding pH. The volume corrected H+ concentration is plotted against the volume of added acid. The alkalinity is determined from extrapolation of the linear portion of the curve on the abscissa. Total alkalinity is given by the equation F*X, where X= ml of acid needed to titrate to the inflection point and F is a factor derived from standardization of the acid. The factor F incorporates the concentration of the acid used in the titration, the volume of sample analyzed, and the conversion of the units to mg/L CaCO3. The results of this titration, which is suitable only for very ""soft"" waters, may be either positive or negative."
Alk-Tot,Alk-T-POT-PTC,me/L,Total Alkalinity,Titration Method - Potentiometric Titration Curve,Titration,SM 2320 B.4b,APHA 2012,"Alkalinity is defined as the quantitative capacity of a sample to neutralise a strong acid to a selected pH. Select sample aliquot size (adjust to room temperature: 25°C) and normality of titrant. Add standard acid in increments of 0.5 mL or less, mix thoroughly; as the end point approaches, make smaller additions of acid and be sure the pH has reached equilibrium before adding more titrant. Titrate to pH of 3.7. Construct a titration curve by plotting the observed pH against the cumulative millilitres of titrant used. A smooth curve showing one or more inflections should be obtained (an erratic curve may indicate that equilibrium was not reached between successive additions). Results expressed as milliequivalent per litre of CaCO"
Alk-Tot,Alk-T-POT-TE-Auto,mg/l,Total Alkalinity,Two Endpoint Potentiometric Titration using Titroprocessor (Endpoints pH=4.5-4.2),Titration,NAQ 10101,Environment Canada 1974,"Alkalinity is defined as the quantitative capacity of a sample to neutralise a strong acid to a selected pH. A sample is preserved in the field at 4°C. If turbid, the sample is allowed to settle. A known volume of the sample aliquot is titrated with a standardized solution of H2SO4 (or HCl), to pH=4.5 then to pH=4.2, using an automatic titrator and a pH meter calibrated for 25°C. The total alkalinity is found from both titration volumes. A two endpoint technique is employed to determine the actual inflection point."
Alk-Tot,VMV_10299,mg/l,Total Alkalinity,Alkalinity by single potentiometric titration.,Titration,VMV Method,VMV Method,
Alk-Tot,VMV_363,mg/l,Total Alkalinity,Total alkalinity by potentiometric titration (VMV 363),Titration,VMV Method,VMV Method,
Alk-Tot,VMV_373,mg/l,Total Alkalinity,Total alkalinity using titroprocessor,Titration,VMV Method,VMV Method,
Alk-Tot,VMV_3738,mg/l,Total Alkalinity,Alkalinity in water is determined by potentiometric titration.,Electrochemical Analysis,VMV Method,VMV Method,
Alk-Tot,VMV_452,mg/l,Total Alkalinity,Total alkalinity in water by potentiometry,Electrochemical Analysis,VMV Method,VMV Method,
As-Dis,0,mg/l,Arsenic - Dissolved,,,,,Undefined Analysis Method
As-Dis,AAS-AsH-HAg-APHA1975,mg/l,Arsenic - Dissolved,Det. of As and Se by Conversion to their Hydrides and Aspiration of the Gas into the Ag-H Flame,Spectroscopy,SM 301 A.VII,APHA 1975,"A sample is filtered in the field through a 0.45 µm membrane filter and preserved at 4°C. The sample aliquot is digested with sulphuric acid, nitric acid and potassium permanganate until a white fume of sulphuric acid is generated. Dissolve the residue with HCl and transfer into reactor vessel generator. Add KI, SnCl2 and ferric solutions (10 mg/L Fe), mix and let stand 15 minutes. Connect generator to Atomic Absorption Analyser, replace air with argon, quickly add one gram of zinc powder. Pass arsenic hydride into hydrogen-argon flame and the absorbance of the resultant ground state atoms is measured at 193.7 nm and is compared to identically-prepared standard and blank solutions."
As-Dis,COL-SDDC-NA,mg/l,Arsenic - Dissolved,Silver Diethyldithiocarbamate Method with HNO3 Digestion,Colorimetry,SM 404 A,APHA 1975,"A sample is preserved in the field at 4°C. The sample aliquot is digested in nitric acid. Add consecutively HCl, KI and SnCl2 solutions (swirl between each addition) to the sample aliquot and allow one hour for reduction. The inorganic arsenic is reduced (gaseous arsine) by zinc in an acid medium. The arsine is then passed through a scrubber containing glass wool impregnated with lead acetate to remove sulphide and finally through an absorber tube containing Silver Diethyl Dithiocarbamate in pyridine. The arsenic reacts with the silver salt and forms a red colour, measured spectrometrically at 540 nm and compared to identically-prepared standard and blank solutions."
As-Dis,ICP-AES-AsH-PS,mg/l,Arsenic - Dissolved,Inductively Coupled Plasma (ICP) Method with AsH3 Generation and S2O8 Digestion,Spectroscopy,SM 3114C; 3120 B,APHA 2012,"A sample is filtered in the field through a 0.45 µm membrane filter and preserved at 4°C. All organoarsenides, from the sample aliquot, are decomposed with acidic persulphate. After reduction to arsenite with HCl, the metal is converted to its hydride form with sodium borohydride in an automated system and passed though an argon plasma torch where it is decomposed to its arsenic atoms, measured by emission spectrometry at 193.7 nm and compared to identically-prepared standard and blank solutions."
As-Dis,ICP-MS,mg/l,Arsenic - Dissolved,Inductively-Coupled Plasma Mass Spectrometry,Spectroscopy,SM 3125 B,APHA 2012,"A sample is filtered in the field through a 0.45 µm membrane filter and preserved with nitric acid. The sample aliquot is aspirated into an argon-based, high temperature radio frequency plasma. The sample is dissolved, atomised and ionised. These ions are extracted from the plasma through a vacuum interface and separated on the basis of their mass to charge ratio by a mass spectrometer. The ions are counted by an electron multiplier detector and the resulting information processed by a computer database system and compared to identically-prepared standard and blank solutions."
As-Dis,ICP-SFMS-CVD,mg/l,Arsenic - Dissolved,Inductively-Coupled Plasma Sector Field Mass Spectrometry with Closed Vessel Digestion,Spectroscopy,SM 3125 B,APHA 2012,"Closed Vessel Digestion - A filtered water sample is collected, preserved with 2% H2NO3, and stored in a HDPE or Teflon bottle. The sample is digested ""in-bottle"" in a convection oven at 60°C for 16 hours. The sample is cooled and introduced to an inductively coupled argon plasma-sector field mass spectrometer (ICP-SFMS) by pneumatic nebulization. Each respective element is measured at a specific mass to charge ratio, m/z value expressed in amu (atomic mass units), and at a specified instrument resolution. LR: Low Resolution ~ 300, MR: Mid Resolution ~ 4000 and HR : High Resolution ~ 10000"
As-Dis,VMV_1920,µg/l,Arsenic - Dissolved,Dissolved metals with in-bottle digestion using inductively coupled plasma-sector field MS,Spectroscopy,VMV Method,VMV Method,
As-Dis,VMV_2641,mg/l,Arsenic - Dissolved,"Determination of dissolved arsenic, antimony and selenium by inductively coupled argon plasma",Spectroscopy,VMV Method,VMV Method,
As-Dis,VMV_2816,µg/l,Arsenic - Dissolved,Dissolved metals by inductively coupled argon plasma/mass spectrometer with pneumatic nebulization,Spectroscopy,VMV Method,VMV Method,
As-Dis,VMV_3017,µg/l,Arsenic - Dissolved,Dissolved metals by inductively coupled argon plasma-mass spectrometry technique (ICP-MS).,Spectroscopy,VMV Method,VMV Method,
As-Dis,VMV_3529,µg/l,Arsenic - Dissolved,Dissolved metals by CRC-ICP-MS with in-bottle digestion and discrete sampling pneumatic nebulization,Spectroscopy,VMV Method,VMV Method,
As-Dis,VMV_3584,µg/l,Arsenic - Dissolved,Dissolved metals by CRC-ICP-MS and discrete sampling pneumatic nebulization,Spectroscopy,VMV Method,VMV Method,
As-Dis,VMV_3744,µg/l,Arsenic - Dissolved,Analysis of dissolved metals is done by inductively coupled argon plasma mass spectrometry (ICP-MS).,Spectroscopy,VMV Method,VMV Method,
As-Sus,ICP-AES-AH-NPCPMPSHF,µg/g,Arsenic - Suspended,"Inductively Coupled Plasma (ICP) Method with AsH3 Generation and HNO3, HClO4, KMnO4, K2S2O8, HF Dig.",Spectroscopy,SM 3114C; 3120 B,APHA 2012,"A sample is preserved in the field. Arsenic is extracted from the soil or sediment aliquot by digestion with HNO3, HClO4, KMnO4, K2S2O8 and HF to its inorganic forms. Following the oxidation and complete solubilization, an automated system is used to determine arsenic. After reduction to arsenite with HCl, the metal is converted to its hydride form with sodium borohydride in an automated system and passed though an argon plasma torch where it is decomposed to its arsenic atoms, measured by emission spectrometry at 193.7 nm and compared to identically-prepared standard and blank solutions."
As-Sus,VMV_1917,µg/l,Arsenic - Suspended,Extractable metals with inductively coupled argon plasma-sector field mass spectrometer (ICP-SFMS),Spectroscopy,VMV Method,VMV Method,
As-Sus,VMV_2841,µg/l,Arsenic - Suspended,Extractable elements in acid preserved samples are analyzed by ICP-MS.,Spectroscopy,VMV Method,VMV Method,
As-Sus,VMV_4070,µg/l,Arsenic - Suspended,Extractable metals by inductively coupled plasma-collision/reaction cell-mass spectrometry,Spectroscopy,VMV Method,VMV Method,
As-Tot,0,mg/l,Arsenic - Total,,,,,Undefined Analysis Method
As-Tot,As-AAS-E-PPS,mg/l,Arsenic - Total,Electrothermal Atomic Absorption Spectrometric Method with K2S2O8 Digestion (Arsenic),Spectroscopy,SM 3113 B,APHA 2012,"A sample is preserved in the field at 4°C. The sample aliquot is digested and oxidised with an acidic potassium persulphate solution, then all forms of arsenic are reduced to arsenite (As3+) with HCl. Hydrides of arsenic are formed in an acidic sodium borohydride solution. The arsine vapours are separated from the solution by heating, usually in three stages in a graphite furnace or an electrically heated atomiser in which: first, a low current is applied to dry the sample; the second stage chars the sample by destroying the organic matter and volatilises other matrix compounds; finally, the third stage applies a high current which heats the tube to incandescence and atomises the arsenic to be determined. The absorbance of the resultant ground state atoms is measured at 193.7 nm and is compared to identically-prepared standard and blank solutions"
As-Tot,COL-SDDC-NA,mg/l,Arsenic - Total,Silver Diethyldithiocarbamate Method with HNO3 Digestion,Colorimetry,SM 404 A,APHA 1975,"A sample is preserved in the field at 4°C. The sample aliquot is digested in nitric acid. Add consecutively HCl, KI and SnCl2 solutions (swirl between each addition) to the sample aliquot and allow one hour for reduction. The inorganic arsenic is reduced (gaseous arsine) by zinc in an acid medium. The arsine is then passed through a scrubber containing glass wool impregnated with lead acetate to remove sulphide and finally through an absorber tube containing Silver Diethyl Dithiocarbamate in pyridine. The arsenic reacts with the silver salt and forms a red colour, measured spectrometrically at 540 nm and compared to identically-prepared standard and blank solutions."
As-Tot,ICP-AES-AsH-PS,mg/l,Arsenic - Total,Inductively Coupled Plasma (ICP) Method with AsH3 Generation and S2O8 Digestion,Spectroscopy,SM 3114C; 3120 B,APHA 2012,"A sample is preserved in the field at 4°C. From the sample aliquot, all organoarsenides are decomposed with acidic persulphate. After reduction to arsenite with HCl, the metal is converted to its hydride form with sodium borohydride in an automated system and passed though an argon plasma torch where it is decomposed to its arsenic atoms, measured by emission spectrometry at 193.7 nm and compared to identically-prepared standard and blank solutions."
As-Tot,ICP-MS,mg/l,Arsenic - Total,Inductively-Coupled Plasma Mass Spectrometry,Spectroscopy,SM 3125 B,APHA 2012,"A sample is preserved in the field with mineral acid. The sample aliquot is aspirated into an argon-based, high temperature radio frequency plasma. The sample is dissolved, atomised and ionised. These ions are extracted from the plasma through a vacuum interface and separated on the basis of their mass to charge ratio by a mass spectrometer. The ions are counted by an electron multiplier detector and the resulting information processed by a computer database system and compared to identically-prepared standard and blank solutions."
As-Tot,ICP-OES-JWWA2001,mg/l,Arsenic - Total,Inductively Coupled Plasma by Optical Emission Spectrometry (JWWA 2001),Spectroscopy,VI-3 17.4,JWWA 2001,"A sample is preserved in the field with nitric acid. The sample aliquot is digested with nitric acid and H2O2 to oxidise all organoarsenides, then passed through a tube furnace at 850°C, using a 1000 ppm nickel nitrate solution as a matrix modifier, and the arsenic atoms and measured spectrometrically at 193.7 nm and compared to identically-prepared standard and blank solutions."
As-Tot,ICP-SFMS-CVD,mg/l,Arsenic - Total,Inductively-Coupled Plasma Sector Field Mass Spectrometry with Closed Vessel Digestion,Spectroscopy,SM 3125 B,APHA 2012,"Closed Vessel Digestion - The whole water sample is collected, preserved with 2% H2NO3, and stored in a HDPE or Teflon bottle. The sample is digested ""in-bottle"" in a convection oven at 60°C for 16 hours. The sample is cooled and introduced to an inductively coupled argon plasma-sector field mass spectrometer (ICP-SFMS) by pneumatic nebulization. Each respective element is measured at a specific mass to charge ratio, m/z value expressed in amu (atomic mass units), and at a specified instrument resolution. LR: Low Resolution ~ 300, MR: Mid Resolution ~ 4000 and HR : High Resolution ~ 10000"
As-Tot,VMV_1919,µg/l,Arsenic - Total,Total metals with in-bottle digestion and inductively coupled plasma-sector field mass spectrometer,Spectroscopy,VMV Method,VMV Method,
As-Tot,VMV_2640,mg/l,Arsenic - Total,"Determination of total arsenic, antimony and selenium by inductively coupled argon plasma",Spectroscopy,VMV Method,VMV Method,
As-Tot,VMV_3528,µg/l,Arsenic - Total,Total metals by CRC-ICP-MS with in-bottle digestion and discrete sampling pneumatic nebulization,Spectroscopy,VMV Method,VMV Method,
As-Tot,VMV_3583,µg/l,Arsenic - Total,Total metals by CRC-ICP-MS and discrete sampling pneumatic nebulization,Spectroscopy,VMV Method,VMV Method,
As-Tot,VMV_375,µg/l,Arsenic - Total,Total metals in water by ICP-MS,Spectroscopy,VMV Method,VMV Method,
As-Tot,VMV_4007,µg/l,Arsenic - Total,Total metals by inductively coupled plasma-mass spectrometry with in-bottle digestion,Spectroscopy,VMV Method,VMV Method,Total metals in water with in bottle digestion are analyzed by inductively coupled plasma - collision/reaction cell - mass spectrometry (ICP-CRC-MS).
B-Dis,0,mg/l,Boron - Dissolved,,,,,Undefined Analysis Method
B-Dis,COL-CAR-APHA1975,mg/l,Boron - Dissolved,Carmine Method (APHA 1975),Colorimetry,SM 405 B,APHA 1975,"A sample is filtered in the field through a 0.45 µm membrane filter and preserved in a plastic container. The sample aliquot is mixed with a solution of carminic acid and phenol in concentrated H2SO4. The absorbance of the resulting colour is measured spectrometrically at 600 mµ, and compared to identically-prepared standard and blank solutions.
 Interference: a phenol concentration of 0.05% in the carminic acid solution will suppress the nitrate interference up to 40 mg/L of nitrogen.
 The method detection limit is 0.02 mg/L."
B-Dis,ICP-AES,mg/l,Boron - Dissolved,Inductively Coupled Plasma (ICP) Method,Spectroscopy,SM 3120 B,APHA 2012,"Inductively Coupled Plasma by Optical Emission Spectroscopy (ICP-OES) ICP 1516 (See Appendix 3).
 A sample is filtered in the field through a 0.45 µm membrane filter and preserved in a plastic container with dilute mineral acid. The sample aliquot is aspirated and the emission is measured at the wavelength of 249.7 nm and compared to identically-prepared standard and blank solutions."
B-Dis,ICP-MS,mg/l,Boron - Dissolved,Inductively-Coupled Plasma Mass Spectrometry,Spectroscopy,SM 3125 B,APHA 2012,"A sample is filtered in the field through a 0.45 µm membrane filter and preserved in a plastic container with dilute mineral acid. The sample aliquot is aspirated into an argon-based, high temperature radio frequency plasma. The sample is dissolved, atomised and ionised. These ions are extracted from the plasma through a vacuum interface and separated on the basis of their mass to charge ratio by a mass spectrometer and compared to identically-prepared standard and blank solutions. The ions are counted by an electron multiplier detector and the resulting information processed by a computer database system."
B-Dis,T-POT-MAN,mg/l,Boron - Dissolved,Potentiometric Titration using Mannitol,Titration,,,"A sample is filtered in the field through a 0.45 µm membrane filter and preserved in a plastic container. If PO4 concentration exceeds 10 mg/L, the filtrate is precipitated with Pb(NO3)2. The excess Pb is removed by precipitation with NaHCO3; the HCO3 is then removed by acidification with H2SO4. If hardness exceeds 100 mg/L of CaCO3 the sample is passed through a strongly acidic cation exchange resin. The final sample aliquot is titrated, with a pH meter, to a pH of 7.00 with NaOH, using mannitol as indicator. The concentration of boron is proportional to the amount of NaOH needed and is compared to identically prepared standard and blank (to compensate for any CO2 error) solutions.
 Interference: Ge and tetravalent V also interfere.
 The method detection limit is 0.01 mg/L."
B-Dis,VMV_1920,µg/l,Boron - Dissolved,Dissolved metals with in-bottle digestion using inductively coupled plasma-sector field MS,Spectroscopy,VMV Method,VMV Method,
B-Dis,VMV_2633,mg/l,Boron - Dissolved,Dissolved metals by ICP argon plasma emission spectrometry with standard spray chamber,Spectroscopy,VMV Method,VMV Method,
B-Dis,VMV_3007,µg/l,Boron - Dissolved,"Dissolved metals in water by ""in-bottle"" digestion are analyzed by ICP-MS/ICP-OES.",Spectroscopy,VMV Method,VMV Method,
B-Dis,VMV_3529,µg/l,Boron - Dissolved,Dissolved metals by CRC-ICP-MS with in-bottle digestion and discrete sampling pneumatic nebulization,Spectroscopy,VMV Method,VMV Method,
B-Dis,VMV_3584,µg/l,Boron - Dissolved,Dissolved metals by CRC-ICP-MS and discrete sampling pneumatic nebulization,Spectroscopy,VMV Method,VMV Method,
B-Ext,VMV_1917,µg/l,Boron - Extractable,Extractable metals with inductively coupled argon plasma-sector field mass spectrometer (ICP-SFMS),Spectroscopy,VMV Method,VMV Method,
B-Ext,VMV_2628,mg/l,Boron - Extractable,Extractable metals by inductively coupled argon plasma (ICAP) emission.,Spectroscopy,VMV Method,VMV Method,
B-Ext,VMV_2817,µg/l,Boron - Extractable,Extractable metals by inductively coupled argon plasma-mass spectrometry with pneumatic nebulization,Spectroscopy,VMV Method,VMV Method,
B-Ext,VMV_2841,µg/l,Boron - Extractable,Extractable elements in acid preserved samples are analyzed by ICP-MS.,Spectroscopy,VMV Method,VMV Method,
B-Tot,0,mg/l,Boron - Total,,,,,Undefined Analysis Method
B-Tot,AAS-E-GF-NA,mg/l,Boron - Total,Electrothermal Atomic Absorption Spectrometric Method (Graphite Furnace) with Nitric Acid Digestion,Spectroscopy,SM 3113 B,APHA 2012,"A sample is preserved in the field, in a plastic container, with mineral acid. The shaken sample aliquot is digested with nitric acid and the absorbance is measured, spectrometrically by Graphite Furnace, at 249.7 nm, and compared to identically-prepared boron standard solutions
 The method detection limit is 0.15 mg/L."
B-Tot,ICP-AES-Xtr,mg/l,Boron - Total,Inductively Coupled Plasma (ICP) Method (Extractable/Recoverable Metals),Spectroscopy,"SM 3120 B, 3030 C",APHA 2012,"A sample is preserved in the field, in a plastic container, with nitric acid. The shaken sample aliquot is digested with nitric acid and HCl (aqua regia), concentrated appropriately and aspirated from an autosampler. The emission is measured at 249.7 nm and compared to identically-prepared standard and blank solutions."
B-Tot,ICP-MS,mg/l,Boron - Total,Inductively-Coupled Plasma Mass Spectrometry,Spectroscopy,SM 3125 B,APHA 2012,"A sample is preserved in the field, in a plastic container, with dilute mineral acid. The shaken sample aliquot is aspirated into an argon-based, high temperature radio frequency plasma. The sample is dissolved, atomised and ionised. These ions are extracted from the plasma through a vacuum interface and separated on the basis of their mass to charge ratio by a mass spectrometer. The ions are counted by an electron multiplier detector, compared to identically-prepared standard and blank solutions and the resulting information processed by a computer database system."
B-Tot,ICP-SFMS-CVD,mg/l,Boron - Total,Inductively-Coupled Plasma Sector Field Mass Spectrometry with Closed Vessel Digestion,Spectroscopy,SM 3125 B,APHA 2012,"Closed Vessel Digestion - The whole water sample is collected, preserved with 2% H2NO3, and stored in a HDPE or Teflon bottle. The sample is digested ""in-bottle"" in a convection oven at 60°C for 16 hours. The sample is cooled and introduced to an inductively coupled argon plasma-sector field mass spectrometer (ICP-SFMS) by pneumatic nebulization. Each respective element is measured at a specific mass to charge ratio, m/z value expressed in amu (atomic mass units), and at a specified instrument resolution. LR: Low Resolution ~ 300, MR: Mid Resolution ~ 4000 and HR : High Resolution ~ 10000"
B-Tot,VMV_1919,µg/l,Boron - Total,Total metals with in-bottle digestion and inductively coupled plasma-sector field mass spectrometer,Spectroscopy,VMV Method,VMV Method,
B-Tot,VMV_2631,mg/l,Boron - Total,Total metals by inductively coupled argon plasma emission spectrometry with standard spray chamber,Spectroscopy,VMV Method,VMV Method,
B-Tot,VMV_2960,µg/l,Boron - Total,"Total metals in water by ""in bottle"" digestion are analyzed by ICP-MS/ICP-OES.",Spectroscopy,VMV Method,VMV Method,
B-Tot,VMV_3528,µg/l,Boron - Total,Total metals by CRC-ICP-MS with in-bottle digestion and discrete sampling pneumatic nebulization,Spectroscopy,VMV Method,VMV Method,
B-Tot,VMV_3583,µg/l,Boron - Total,Total metals by CRC-ICP-MS and discrete sampling pneumatic nebulization,Spectroscopy,VMV Method,VMV Method,
BAM,0,µg/l,"2,6-Dichlorobenzamide",,,,,Undefined Analysis Method
BAM,VMV_3216,ng/l,"2,6-Dichlorobenzamide","Pesticides of the organophosphorus type, triazine, carbamate and urea: extraction with C-18",Chromatography,VMV Method,VMV Method,
BAP,0,µg/l,Benzo[a]pyrene,,,,,Undefined Analysis Method
BAP,LLE-HPLC-FD-UVD,µg/l,Benzo[a]pyrene,Liquid-Liquid Extraction High Performance Liquid Chromatography and Fluorescence/UV-Detector,Chromatography,SM 6440 B,APHA 2012,"Mark the water meniscus on the side of the sample bottle for later determination of volume. Pour entire sample into a 2-L separatory funnel and extract. Separation and clean-up is by means of a silica-gel column. Add 4mL acetonitrile and concentrate the extract in a 95-100°C water bath using a micro-Snyder column. Rinse column with 0.2 mL acetonitrile. Adjust final extract volume to 1.0mL. After the operating conditions are met, proceed with calibration and sample analysis. If the internal standard calibration procedure is being used, add internal standard to sample extract and mix thoroughly. Immediately inject 5 to 25µL sample extract or standard into HPLC using a high pressure syringe or constant-volume sample injection loop. Record volume injected to nearest 0.1 µL and resulting peak size in area or peak height units. Re-equilibrate HPLC column at initial gradient conditions for at least 10 minutes between injections. Identify compounds in sample by comparing peak retention times with peaks of standard chromatograms."
BAP,VMV_2863,ng/l,Benzo[a]pyrene,"Analysis of OCs, PCBs, CBs and PAHs in 1 L water samples by GC-ECD and GC-MSD.",Chromatography,VMV Method,VMV Method,
BAP,VMV_3669,ng/l,Benzo[a]pyrene,Extraction of PAHs in water by solid phase extraction (SPE) and analysis by GC-MSMS.,Chromatography,VMV Method,VMV Method,
BAP,VMV_4100,µg/l,Benzo[a]pyrene,PAH and alkyl substituted PAH in water are analyzed via GC-MS.,Chromatography,VMV Method,VMV Method,
BCHLORDANE,0,µg/l,Beta-Chlordane,,,,,Undefined Analysis Method
BDCMA,0,µg/l,Bromo(dichloro)methane,,,,,Undefined Analysis Method
BENDIOCARB,0,µg/l,Bendiocarb,,,,,Undefined Analysis Method
BENDIOCARB,VMV_303,ng/l,Bendiocarb,Analysis of  organophosphorus and triazine pesticides in surface waters using GC-MS/MS.,Chromatography,VMV Method,VMV Method,LEEQ Method No. Q0515E0.
BENDIOCARB,VMV_3216,ng/l,Bendiocarb,"Pesticides of the organophosphorus type, triazine, carbamate and urea: extraction with C-18",Chromatography,VMV Method,VMV Method,
BENSULFURON,VMV_3431,ng/l,Bensulfuron,Analysis of sulfonyl ureas and related herbicides by SPE and LC-MS/MS detection,Chromatography,VMV Method,VMV Method,
BENTAZON,0,µg/l,Bentazone,,,,,Undefined Analysis Method
BENTAZON,VMV_3216,ng/l,Bentazone,"Pesticides of the organophosphorus type, triazine, carbamate and urea: extraction with C-18",Chromatography,VMV Method,VMV Method,
BENZATHRENE,EPA8310,µg/l,Benzo[a]anthracene,Polynuclear Aromatic Hydrocarbons,Chromatography,,EPA 1986,"Method 8310 provides high performance liquid chromatographic (HPLC) conditions for the detection of ppb levels of certain polynuclear aromatic hydrocarbons. Prior to use of this method, appropriate sample extraction techniques must be used. A 5- to 25-uL aliquot of the extract is injected into an HPLC, and compounds in the effluent are detected by ultraviolet (UV) and fluorescence detectors.

Collect water samples in amber glass containers with screwcaps Teflon lined septa. If residual chlorine is present, add 3 mL of 10% sodium thiosulfate per gallon. Refrigerate at 4°C until extraction. Extract within 7 days. Solid samples: Collect sample in wide-mouth glass jar. Refrigerate at 4°C until extraction. Extract within 14 days. All extracts should be stored at 4°C and analyzed within 40 days after extraction. (https://www.nemi.gov/methods/method_pdf/4727/)"
BENZENE,0,µg/l,Benzene,,,,,Undefined Analysis Method
BENZENE,P-T-GC-MS,µg/l,Benzene,Purge-and-Trap Gas Chromatography/Mass Spectrometry,Chromatography,JIS K 0125 5.1,JSA 1998,"A surface water sample (150 ml) is spiked with deuterated surrogate standards and internal standards, purged with helium, and the released volatiles are adsorbed onto a Tenax GC trap. This is followed by thermal desorption and analysis using a 25 meter DB-5 capillary column with mass spectrometry detection. Screening is performed using the relative retention time and relative abundance of two or more characteristic ions. Full identification of organic compounds screened and their quantification are performed using full reference spectra, multi internal standards and extracted areas of characteristic ions. Non-target compounds are tentatively identified using mass spectral libraries. Approximate concentration ranges are based on relative total ion counts."
BENZENE,VMV_3653,µg/l,Benzene,Canada wide standards for petroleum hydrocarbons in soil determined by GC/FID and GC/MS,Chromatography,VMV Method,VMV Method,
BENZIDINE,0,µg/l,Benzidine,,,,,Undefined Analysis Method
BENZOYLPROP-ETHYL,VMV_2868,ng/l,Benzoylprop-ethyl,Analysis of sulphate in unfiltered samples using COBAS method,Colorimetry,VMV Method,VMV Method,
BENZOYLPROP-ETHYL,VMV_3003,ng/l,Benzoylprop-ethyl,Analysis of neutral herbicides in water using GC-MSD.,Chromatography,VMV Method,VMV Method,
BENZOYLPROP-ETHYL,VMV_3433,ng/l,Benzoylprop-ethyl,Neutral herbicides using liquid-liquid extraction with gas chromatography-mass selective detection,Chromatography,VMV Method,VMV Method,
BEP,0,µg/l,Benzo[e]pyrene,,,,,Undefined Analysis Method
BEP,EPA8310,µg/l,Benzo[e]pyrene,Polynuclear Aromatic Hydrocarbons,Chromatography,,EPA 1986,"Method 8310 provides high performance liquid chromatographic (HPLC) conditions for the detection of ppb levels of certain polynuclear aromatic hydrocarbons. Prior to use of this method, appropriate sample extraction techniques must be used. A 5- to 25-uL aliquot of the extract is injected into an HPLC, and compounds in the effluent are detected by ultraviolet (UV) and fluorescence detectors.

Collect water samples in amber glass containers with screwcaps Teflon lined septa. If residual chlorine is present, add 3 mL of 10% sodium thiosulfate per gallon. Refrigerate at 4°C until extraction. Extract within 7 days. Solid samples: Collect sample in wide-mouth glass jar. Refrigerate at 4°C until extraction. Extract within 14 days. All extracts should be stored at 4°C and analyzed within 40 days after extraction. (https://www.nemi.gov/methods/method_pdf/4727/)"
BEP,VMV_2863,ng/l,Benzo[e]pyrene,"Analysis of OCs, PCBs, CBs and PAHs in 1 L water samples by GC-ECD and GC-MSD.",Chromatography,VMV Method,VMV Method,
BEP,VMV_3669,ng/l,Benzo[e]pyrene,Extraction of PAHs in water by solid phase extraction (SPE) and analysis by GC-MSMS.,Chromatography,VMV Method,VMV Method,
BEP,VMV_4100,µg/l,Benzo[e]pyrene,PAH and alkyl substituted PAH in water are analyzed via GC-MS.,Chromatography,VMV Method,VMV Method,
BEP,VMV_4102,ng/l,Benzo[e]pyrene,"Analysis of OCs, PCBs, CBs & PAHs in 1 L water by GC-ECD and GC-MSD",Chromatography,VMV Method,VMV Method,
BEZAFIBRATE,0,µg/l,Bezafibrate,,,,,Undefined Analysis Method
BHC,0,µg/l,Hexachlorocyclohexane,,,,,Undefined Analysis Method
BHC-alpha,0,µg/l,Alpha-Hexachlorocyclohexane,,,,,Undefined Analysis Method
BHC-alpha,LLE-GC-ECD,µg/l,Alpha-Hexachlorocyclohexane,Liquid-Liquid Extraction Gas Chromatographic Method I with Electron Capture Detector,Chromatography,SM 6630 B,APHA 2012,"A sample is extracted three times in benzene or hexane. Add saturated sodium sulphate, methanol, iso-propanol or 2-octanol to break down the emulsions. Add iso-octane and concentrate the combined extract, using a rotary evaporator flask. The extract is loaded on a Florisil® column and four separate fractions are eluted using hexane, 6% ethyl ether in petroleum ether, 15% ethyl ether in petroleum ether, then 50% ethyl ether in petroleum ether or chloroform. Concentrate in a rotary flask, transfer to a graduated centrifuge tube. Add iso-octane as a keeper and concentrate under a gentle stream of nitrogen at 40°C. The sample extract is then injected into a dual column GC/ECD and quantitated, according to its retention time and peak height/area, using a multi-point calibration curve. Confirmation is achieved by chemical derivation techniques, TLC, or Mass Spectrometry. Interference: Other pesticide residues and their degradation products or metabolites and organic compounds, other than OCs and PCBs, may interfere. As many of these compounds cannot be separated, confirmation is required."
BHC-alpha,VMV_2863,ng/l,Alpha-Hexachlorocyclohexane,"Analysis of OCs, PCBs, CBs and PAHs in 1 L water samples by GC-ECD and GC-MSD.",Chromatography,VMV Method,VMV Method,
BHC-alpha,VMV_3654,ng/l,Alpha-Hexachlorocyclohexane,Chlorobenzenes and organochlorine pesticides by liquid-liquid extraction and GC-MS/MS detection.,Chromatography,VMV Method,VMV Method,
BHC-beta,0,µg/l,Beta-Hexachlorocyclohexane,,,,,Undefined Analysis Method
BHC-beta,LLE-GC-ECD,µg/l,Beta-Hexachlorocyclohexane,Liquid-Liquid Extraction Gas Chromatographic Method I with Electron Capture Detector,Chromatography,SM 6630 B,APHA 2012,Collect and extract the sample then inject 3-4 µL of extract solution into a packed column or 1 µL on a fused silica capillary column. Proceed with magnesia-silica gel cleanup and determine extraction efficiency
BHC-beta,VMV_2863,ng/l,Beta-Hexachlorocyclohexane,"Analysis of OCs, PCBs, CBs and PAHs in 1 L water samples by GC-ECD and GC-MSD.",Chromatography,VMV Method,VMV Method,
BHC-beta,VMV_3654,ng/l,Beta-Hexachlorocyclohexane,Chlorobenzenes and organochlorine pesticides by liquid-liquid extraction and GC-MS/MS detection.,Chromatography,VMV Method,VMV Method,
BHC-delta,0,µg/l,Delta-Hexachlorocyclohexane,,,,,Undefined Analysis Method
BHC-delta,LLE-GC-ECD,µg/l,Delta-Hexachlorocyclohexane,Liquid-Liquid Extraction Gas Chromatographic Method I with Electron Capture Detector,Chromatography,SM 6630 B,APHA 2012,"After preparing the chromatograph by packing the column, proper thermal and pesticide conditioning, developing a proper injection technique, and running the calibration procedure. Collect and extract the sample then inject 3-4 µL of extract solution into a packed column or 1 µL on a fused silica capillary column. Proceed with magnesia-silica gel cleanup and determine extraction efficiency."
BHC-epsilon,0,µg/l,Epsilon-Hexachlorocyclohexane,,,,,Undefined Analysis Method
BHC-gamma,0,µg/l,Gamma-Hexachlorocyclohexane (Lindane),,,,,Undefined Analysis Method
BHC-gamma,LLE-GC-ECD,µg/l,Gamma-Hexachlorocyclohexane (Lindane),Liquid-Liquid Extraction Gas Chromatographic Method I with Electron Capture Detector,Chromatography,SM 6630 B,APHA 2012,"A sample is extracted three times in benzene or hexane. Add saturated sodium sulphate, methanol, iso-propanol or two-octanol to break down the emulsions. Add iso-octane and concentrate the combined extract, using a rotary evaporator flask. The extract is loaded on a Florisil® column and four separate fractions are eluted using hexane, 6% ethyl ether in petroleum ether, 15% ethyl ether in petroleum ether, then 50% ethyl ether in petroleum ether or chloroform. Concentrate in a rotary flask, transfer to a graduated centrifuge tube. Add iso-octane as a keeper and concentrate under a gentle stream of nitrogen at 40°C. The sample extract is then injected into a dual column GC/ECD and quantitated, according to its retention time and peak height/area, using a multi-point calibration curve. Confirmation is achieved by chemical derivation techniques, TLC, or Mass Spectrometry. Interference: Other pesticide residues and their degradation products or metabolites and organic compounds, other than OCs and PCBs, may interfere. As many of these compounds cannot be separated, confirmation is required."
BHC-gamma,VMV_2863,ng/l,Gamma-Hexachlorocyclohexane (Lindane),"Analysis of OCs, PCBs, CBs and PAHs in 1 L water samples by GC-ECD and GC-MSD.",Chromatography,VMV Method,VMV Method,
BHC-gamma,VMV_3654,ng/l,Gamma-Hexachlorocyclohexane (Lindane),Chlorobenzenes and organochlorine pesticides by liquid-liquid extraction and GC-MS/MS detection.,Chromatography,VMV Method,VMV Method,
BIFENOX,0,µg/l,"Methyl 5-(2,4-dichlorophenoxy)-2-nitrobenzoate",,,,,Undefined Analysis Method
BIFENTHRIN,0,µg/l,Bifenthrin,,,,,Undefined Analysis Method
BIPHENYL,0,µg/l,"1,1'-Biphenyl",,,,,Undefined Analysis Method
BIPHENYL,VMV_10366,ng/ml,"1,1'-Biphenyl",Alkylated polynuclear aromatic hydrocarbons (alkylated PAHs),Chromatography,VMV Method,VMV Method,
BIPHENYL,VMV_3670,ng/l,"1,1'-Biphenyl",Extraction of alkyl PAHs in water by solid phase extraction (SPE) and analysis by GC-MSMS.,Chromatography,VMV Method,VMV Method,
BIPHENYL,VMV_4100,µg/l,"1,1'-Biphenyl",PAH and alkyl substituted PAH in water are analyzed via GC-MS.,Chromatography,VMV Method,VMV Method,
BIPHENYL,VMV_4102,ng/l,"1,1'-Biphenyl","Analysis of OCs, PCBs, CBs & PAHs in 1 L water by GC-ECD and GC-MSD",Chromatography,VMV Method,VMV Method,
BOD,0,mg/l,Biochemical Oxygen Demand,,,,,Undefined Analysis Method
BOD,BOD-ATU,mg/l,Biochemical Oxygen Demand,5-Day BOD Test with Allylthiourea,,SM 507,APHA 1976,"Dilute the sample, as needed before incubation, adding nutrients such as nitrogen, phosphorus and trace metals. Buffer the solution to ensure that the sample remains in a pH range suitable for bacterial growth (usually pH 6.5 to 7.5). Incubate at 20°C for five days. Results are reported as carbonaceous biochemical oxygen demand (CBOD5) when inhibiting the nitrogenous oxygen demand. When nitrification is not inhibited, results are reported as BOD5."
BOD,BOD-ISE,mg/l,Biochemical Oxygen Demand,5-Day BOD Test using Membrane Electrode,Electrochemical Analysis,5210 B;4500-O G,APHA 2012,"BOD is a measure of the oxygen demand produce by carbonaceous and nitrogenous materials in a sample. It is measured by determining the decrease of oxygen content, using a dissolved oxygen meter, after incubation at 20°C for five days.
 A sample is preserved in the field at 4°C and the analysis started within four hours. The sample aliquot is incubated, at 20°C for five days under proper conditions. The procedure depends on the nature of the sample. After aeration of the samples to bring the dissolved oxygen content to saturation, one of the following three variations can be used, depending on the type of samples to be analysed:
 1 - The direct method: If the BOD does not exceed 7 mg/L, then the BOD is determined directly by measuring the dissolved oxygen content of the water, before and after a five days incubation period at 20°C.
 2 - Unseeded dilution method: For waters having BOD values greater than 7 mg/L: appropriate sample aliquots are diluted using dilution water, saturated with oxygen, and the oxygen content is determined before and after the incubation period. A minimum of three dilutions per sample, with a final content between 40% and 70% of the original oxygen concentration, will give best results.
 3 - Seeded dilution method: It is extremely important that the conditions be appropriate for the living organisms to function unhindered during the incubation period. Toxic substances should be absent, and necessary nutrients, such as nitrogen and phosphorus, should be present. It is important that a mixed group of organisms (called ""seed"") should be present during the test. The dilution water is seeded with the proper kind and number of organisms and saturated with oxygen (overnight) before the BOD test.
 Siphon the diluted sample to fill three BOD bottles; one for incubation (five days), one for the determination of the dissolved oxygen content (measured and record as ""initial DO"") and the other for the determination of the immediate dissolved oxygen demand (IDOD), after a 15 minutes incubation period. A minimum of three dilutions per sample, with a final content between 40% and 70% of the original oxygen concentration, will give best results.
 Use a calibrated oxygen meter to measure the oxygen concentrations before and after incubation.
 Interference: Many synthetic organic components from industrial wastewaters are not biodegradable without adding seeding water due to the toxic effect or the absence or deficiency of appropriate microorganisms. Sample containing residual Cl2, that is acidic or alkaline, must be neutralized to pH=7, and sometimes titrated with a Na2S2O3 solution to liberate the chloride from solution. A sample, containing sulphide, sulphite and/or ferrous ions, creates an immediate demand, corrected by the IDOD.
 The method detection limit is 1 mg/L."
BOD,BOD-T-COL-AZD,mg/l,Biochemical Oxygen Demand,5-Day BOD Test using Acide Modification,Titration,5210 B;4500-O C,APHA 2012,"Biochemical Oxygen Demand is defined as the quantity of oxygen necessary for biological and chemical oxidation of water-borne substances under conditions of the test. A sample is preserved in the field at 4°C and the analysis started within 4 hours. A sample is incubated at 20°C under proper conditions. Comparison of the dissolved oxygen content at the beginning and the end of the incubation period is the measure of the Biochemical Oxygen Demand. The procedure depends on the nature of the sample. After aeration of the samples to bring the dissolved oxygen content to saturation, one of the following three variations can be used, depending on the type of samples to be analysed:
 A - The direct method: If the BOD does not exceed 7 mg/L, the BOD is determined directly by measuring the dissolved content of the water sample before and after a five days incubation period at 20°C.
 B - Unseeded dilution method: With waters having BOD values greater than 7 mg/L, appropriate sample aliquots are diluted using dilution water, saturated with oxygen, and the oxygen content is determined before and after the incubation period. A minimum of three dilutions per sample, with a final content between 40% and 70% of the original oxygen concentration, will give best results.
 C - Seeded dilution method: It is extremely important that the conditions be appropriate for the living organisms to function unhindered during the incubation period. Toxic substances should be absent, and necessary nutrients, such as nitrogen and phosphorus, should be present. It is important that a mixed group of organisms (called ""seed"") be present during the test. The dilution water is seeded with the proper kind and number of organisms and saturated with oxygen (overnight) before the BOD test.
 Siphon the diluted sample to fill three BOD bottles; one for incubation (five days), one for the determination of the dissolved oxygen content (measured and record as ""initial DO""), and the other for the determination of the immediate dissolved oxygen demand (IDOD), after a 15 minutes incubation period (to eliminate the oxygen demand from sulphide, sulphite and/or ferrous ions). A minimum of three dilutions per sample, with a final content between 40% and 70% of the original oxygen concentration, will give best results.
 DO Winkler method:
 A sample is treated with manganous sulphate (MnSO4) and a strong alkaline iodide reagent (NaN3, NaI and NaOH). The manganous hydroxide reacts with the dissolved oxygen to form a brown precipitate (MnO(OH)2. Let stand for one hour. Upon acidification, with concentrated H2SO4, in the presence of iodide, the iodine liberated is equivalent to the dissolved oxygen originally present in the sample. The iodide is titrated with a standardized sodium thiosulphate (Na2S2O3), using starch as an indicator.
 Interference: Many synthetic organic components from industrial wastewaters are not biodegradable without adding seeding water. Sample containing residual Cl2, that is acidic or alkaline, must be neutralized to pH=7 and titrated with Na2S2O3 solution. The IDOD is determined to eliminate the oxygen demand of sulphide, sulphite and/or ferrous ions.
 The method detection limit is 0.01 mg/L.
 NOTE: India uses 27° and 3 days because of geoclimatic conditions."
BOD,VMV_194,mg/l,Biochemical Oxygen Demand,Carbonaceous biochemical oxygen demand (5 days BOD test),Titration,VMV Method,VMV Method,
BROMACIL,0,µg/l,Bromacil,,,,,Undefined Analysis Method
BROMOFORM,0,µg/l,Tribromomethane,,,,,Undefined Analysis Method
BROMOXYNIL,0,µg/l,"3,5-dibromo-4-hydroxybenzonitrile",,,,,Undefined Analysis Method
BROMOXYNIL,VMV_247,ng/l,"3,5-dibromo-4-hydroxybenzonitrile",Acid herbicides extracted using Strata-X SPE cartridges.,Chromatography,VMV Method,VMV Method,
BROMOXYNIL,VMV_2865,ng/l,"3,5-dibromo-4-hydroxybenzonitrile",Analysis of acidic herbicides as PFBB esters by GC-ECD.,Chromatography,VMV Method,VMV Method,
BROMOXYNIL,VMV_3002,ng/l,"3,5-dibromo-4-hydroxybenzonitrile",Analysis of acidic herbicides in water using GC-MSD.,Chromatography,VMV Method,VMV Method,
BTBZLPTHAL8,0,µg/l,Butyl Benzyl Phthalate,,,,,Undefined Analysis Method
BUTYLATE,VMV_2868,ng/l,Butylate,Analysis of sulphate in unfiltered samples using COBAS method,Colorimetry,VMV Method,VMV Method,
BUTYLATE,VMV_3003,ng/l,Butylate,Analysis of neutral herbicides in water using GC-MSD.,Chromatography,VMV Method,VMV Method,
BUTYLATE,VMV_303,ng/l,Butylate,Analysis of  organophosphorus and triazine pesticides in surface waters using GC-MS/MS.,Chromatography,VMV Method,VMV Method,LEEQ Method No. Q0515E0.
BUTYLATE,VMV_3216,ng/l,Butylate,"Pesticides of the organophosphorus type, triazine, carbamate and urea: extraction with C-18",Chromatography,VMV Method,VMV Method,
BUTYLATE,VMV_3433,ng/l,Butylate,Neutral herbicides using liquid-liquid extraction with gas chromatography-mass selective detection,Chromatography,VMV Method,VMV Method,
BZAATR,0,µg/l,"1,2-Benzanthracene",,,,,Undefined Analysis Method
BZAATR,LLE-HPLC-FD-UVD,µg/l,"1,2-Benzanthracene",Liquid-Liquid Extraction High Performance Liquid Chromatography and Fluorescence/UV-Detector,Chromatography,SM 6440 B,APHA 2012,"Mark the water meniscus on the side of the sample bottle for later determination of volume. Pour entire sample into a 2-L separatory funnel and extract. Separation and clean-up is by means of a silica-gel column. Add 4mL acetonitrile and concentrate the extract in a 95-100°C water bath using a micro-Snyder column. Rinse column with 0.2 mL acetonitrile. Adjust final extract volume to 1.0mL. After the operating conditions are met, proceed with calibration and sample analysis. If the internal standard calibration procedure is being used, add internal standard to sample extract and mix thoroughly. Immediately inject 5 to 25µL sample extract or standard into HPLC using a high pressure syringe or constant-volume sample injection loop. Record volume injected to nearest 0.1 µL and resulting peak size in area or peak height units. Re-equilibrate HPLC column at initial gradient conditions for at least 10 minutes between injections. Identify compounds in sample by comparing peak retention times with peaks of standard chromatograms."
BZAATR,VMV_2863,ng/l,"1,2-Benzanthracene","Analysis of OCs, PCBs, CBs and PAHs in 1 L water samples by GC-ECD and GC-MSD.",Chromatography,VMV Method,VMV Method,
BZAATR,VMV_3669,ng/l,"1,2-Benzanthracene",Extraction of PAHs in water by solid phase extraction (SPE) and analysis by GC-MSMS.,Chromatography,VMV Method,VMV Method,
BZAATR,VMV_4100,µg/l,"1,2-Benzanthracene",PAH and alkyl substituted PAH in water are analyzed via GC-MS.,Chromatography,VMV Method,VMV Method,
BZBFLA,0,µg/l,"2,3-Benzofluoranthene",,,,,Undefined Analysis Method
BZBFLA,EPA8310,µg/l,"2,3-Benzofluoranthene",Polynuclear Aromatic Hydrocarbons,Chromatography,,EPA 1986,"Method 8310 provides high performance liquid chromatographic (HPLC) conditions for the detection of ppb levels of certain polynuclear aromatic hydrocarbons. Prior to use of this method, appropriate sample extraction techniques must be used. A 5- to 25-uL aliquot of the extract is injected into an HPLC, and compounds in the effluent are detected by ultraviolet (UV) and fluorescence detectors.

Collect water samples in amber glass containers with screwcaps Teflon lined septa. If residual chlorine is present, add 3 mL of 10% sodium thiosulfate per gallon. Refrigerate at 4°C until extraction. Extract within 7 days. Solid samples: Collect sample in wide-mouth glass jar. Refrigerate at 4°C until extraction. Extract within 14 days. All extracts should be stored at 4°C and analyzed within 40 days after extraction. (https://www.nemi.gov/methods/method_pdf/4727/)"
BZBFLA,LLE-HPLC-FD-UVD,µg/l,"2,3-Benzofluoranthene",Liquid-Liquid Extraction High Performance Liquid Chromatography and Fluorescence/UV-Detector,Chromatography,SM 6440 B,APHA 2012,"Mark the water meniscus on the side of the sample bottle for later determination of volume. Pour entire sample into a 2-L separatory funnel and extract. Separation and clean-up is by means of a silica-gel column. Add 4mL acetonitrile and concentrate the extract in a 95-100°C water bath using a micro-Snyder column. Rinse column with 0.2 mL acetonitrile. Adjust final extract volume to 1.0mL. After the operating conditions are met, proceed with calibration and sample analysis. If the internal standard calibration procedure is being used, add internal standard to sample extract and mix thoroughly. Immediately inject 5 to 25µL sample extract or standard into HPLC using a high pressure syringe or constant-volume sample injection loop. Record volume injected to nearest 0.1 µL and resulting peak size in area or peak height units. Re-equilibrate HPLC column at initial gradient conditions for at least 10 minutes between injections. Identify compounds in sample by comparing peak retention times with peaks of standard chromatograms."
BZBFLA,VMV_2863,ng/l,"2,3-Benzofluoranthene","Analysis of OCs, PCBs, CBs and PAHs in 1 L water samples by GC-ECD and GC-MSD.",Chromatography,VMV Method,VMV Method,
BZBFLA,VMV_3669,ng/l,"2,3-Benzofluoranthene",Extraction of PAHs in water by solid phase extraction (SPE) and analysis by GC-MSMS.,Chromatography,VMV Method,VMV Method,
BZBFLA,VMV_4100,µg/l,"2,3-Benzofluoranthene",PAH and alkyl substituted PAH in water are analyzed via GC-MS.,Chromatography,VMV Method,VMV Method,
BZGHIPYL,0,µg/l,"1,12-Benzoperylene",,,,,Undefined Analysis Method
BZGHIPYL,EPA8310,µg/l,"1,12-Benzoperylene",Polynuclear Aromatic Hydrocarbons,Chromatography,,EPA 1986,"Method 8310 provides high performance liquid chromatographic (HPLC) conditions for the detection of ppb levels of certain polynuclear aromatic hydrocarbons. Prior to use of this method, appropriate sample extraction techniques must be used. A 5- to 25-uL aliquot of the extract is injected into an HPLC, and compounds in the effluent are detected by ultraviolet (UV) and fluorescence detectors.

Collect water samples in amber glass containers with screwcaps Teflon lined septa. If residual chlorine is present, add 3 mL of 10% sodium thiosulfate per gallon. Refrigerate at 4°C until extraction. Extract within 7 days. Solid samples: Collect sample in wide-mouth glass jar. Refrigerate at 4°C until extraction. Extract within 14 days. All extracts should be stored at 4°C and analyzed within 40 days after extraction. (https://www.nemi.gov/methods/method_pdf/4727/)"
BZGHIPYL,LLE-HPLC-FD-UVD,µg/l,"1,12-Benzoperylene",Liquid-Liquid Extraction High Performance Liquid Chromatography and Fluorescence/UV-Detector,Chromatography,SM 6440 B,APHA 2012,"Mark the water meniscus on the side of the sample bottle for later determination of volume. Pour entire sample into a 2-L separatory funnel and extract. Separation and clean-up is by means of a silica-gel column. Add 4mL acetonitrile and concentrate the extract in a 95-100°C water bath using a micro-Snyder column. Rinse column with 0.2 mL acetonitrile. Adjust final extract volume to 1.0mL. After the operating conditions are met, proceed with calibration and sample analysis. If the internal standard calibration procedure is being used, add internal standard to sample extract and mix thoroughly. Immediately inject 5 to 25µL sample extract or standard into HPLC using a high pressure syringe or constant-volume sample injection loop. Record volume injected to nearest 0.1 µL and resulting peak size in area or peak height units. Re-equilibrate HPLC column at initial gradient conditions for at least 10 minutes between injections. Identify compounds in sample by comparing peak retention times with peaks of standard chromatograms."
BZGHIPYL,VMV_2863,ng/l,"1,12-Benzoperylene","Analysis of OCs, PCBs, CBs and PAHs in 1 L water samples by GC-ECD and GC-MSD.",Chromatography,VMV Method,VMV Method,
BZGHIPYL,VMV_3669,ng/l,"1,12-Benzoperylene",Extraction of PAHs in water by solid phase extraction (SPE) and analysis by GC-MSMS.,Chromatography,VMV Method,VMV Method,
BZGHIPYL,VMV_4100,µg/l,"1,12-Benzoperylene",PAH and alkyl substituted PAH in water are analyzed via GC-MS.,Chromatography,VMV Method,VMV Method,
BZKFLA,0,µg/l,"11,12-Benzofluoranthene",,,,,Undefined Analysis Method
BZKFLA,EPA8310,µg/l,"11,12-Benzofluoranthene",Polynuclear Aromatic Hydrocarbons,Chromatography,,EPA 1986,"Method 8310 provides high performance liquid chromatographic (HPLC) conditions for the detection of ppb levels of certain polynuclear aromatic hydrocarbons. Prior to use of this method, appropriate sample extraction techniques must be used. A 5- to 25-uL aliquot of the extract is injected into an HPLC, and compounds in the effluent are detected by ultraviolet (UV) and fluorescence detectors.

Collect water samples in amber glass containers with screwcaps Teflon lined septa. If residual chlorine is present, add 3 mL of 10% sodium thiosulfate per gallon. Refrigerate at 4°C until extraction. Extract within 7 days. Solid samples: Collect sample in wide-mouth glass jar. Refrigerate at 4°C until extraction. Extract within 14 days. All extracts should be stored at 4°C and analyzed within 40 days after extraction. (https://www.nemi.gov/methods/method_pdf/4727/)"
BZKFLA,LLE-HPLC-FD-UVD,µg/l,"11,12-Benzofluoranthene",Liquid-Liquid Extraction High Performance Liquid Chromatography and Fluorescence/UV-Detector,Chromatography,SM 6440 B,APHA 2012,"Mark the water meniscus on the side of the sample bottle for later determination of volume. Pour entire sample into a 2-L separatory funnel and extract. Separation and clean-up is by means of a silica-gel column. Add 4mL acetonitrile and concentrate the extract in a 95-100°C water bath using a micro-Snyder column. Rinse column with 0.2 mL acetonitrile. Adjust final extract volume to 1.0mL. After the operating conditions are met, proceed with calibration and sample analysis. If the internal standard calibration procedure is being used, add internal standard to sample extract and mix thoroughly. Immediately inject 5 to 25µL sample extract or standard into HPLC using a high pressure syringe or constant-volume sample injection loop. Record volume injected to nearest 0.1 µL and resulting peak size in area or peak height units. Re-equilibrate HPLC column at initial gradient conditions for at least 10 minutes between injections. Identify compounds in sample by comparing peak retention times with peaks of standard chromatograms."
BZKFLA,VMV_2863,ng/l,"11,12-Benzofluoranthene","Analysis of OCs, PCBs, CBs and PAHs in 1 L water samples by GC-ECD and GC-MSD.",Chromatography,VMV Method,VMV Method,
BZKFLA,VMV_3669,ng/l,"11,12-Benzofluoranthene",Extraction of PAHs in water by solid phase extraction (SPE) and analysis by GC-MSMS.,Chromatography,VMV Method,VMV Method,
BZKFLA,VMV_4100,µg/l,"11,12-Benzofluoranthene",PAH and alkyl substituted PAH in water are analyzed via GC-MS.,Chromatography,VMV Method,VMV Method,
Ba-Dis,0,mg/l,Barium - Dissolved,,,,,Undefined Analysis Method
Ba-Dis,FAAS-NAc-D,mg/l,Barium - Dissolved,Direct Nitrous Oxide-Acetylene Flame Atomic Absorption Spectrometry,Spectroscopy,SM 3111 D,APHA 2012,"A sample is filtered in the field through a 0.45 µm membrane filter and preserved with nitric acid. A NaCl solution is added to the acidified sample aliquot (to overcome the ionisation interference) and then aspirated into the flame. The absorbance is then measured spectrometrically at 553.6 nm and compared to identically-prepared standard and blank solutions, using a nitrous oxide-acetylene reducing flame."
Ba-Dis,VMV_1583,mg/l,Barium - Dissolved,Atomic absorption by direct aspiration,Spectroscopy,VMV Method,VMV Method,
Ba-Dis,VMV_1920,µg/l,Barium - Dissolved,Dissolved metals with in-bottle digestion using inductively coupled plasma-sector field MS,Spectroscopy,VMV Method,VMV Method,
Ba-Dis,VMV_2632,mg/l,Barium - Dissolved,Dissolved metals by inductively coupled argon plasma emission spectrometry with external nebulizer,Spectroscopy,VMV Method,VMV Method,
Ba-Dis,VMV_2633,mg/l,Barium - Dissolved,Dissolved metals by ICP argon plasma emission spectrometry with standard spray chamber,Spectroscopy,VMV Method,VMV Method,
Ba-Dis,VMV_2725,µg/l,Barium - Dissolved,Dissolved metals are analyzed by ICP-AES,Spectroscopy,VMV Method,VMV Method,
Ba-Dis,VMV_3007,µg/l,Barium - Dissolved,"Dissolved metals in water by ""in-bottle"" digestion are analyzed by ICP-MS/ICP-OES.",Spectroscopy,VMV Method,VMV Method,
Ba-Dis,VMV_3017,µg/l,Barium - Dissolved,Dissolved metals by inductively coupled argon plasma-mass spectrometry technique (ICP-MS).,Spectroscopy,VMV Method,VMV Method,
Ba-Dis,VMV_3529,µg/l,Barium - Dissolved,Dissolved metals by CRC-ICP-MS with in-bottle digestion and discrete sampling pneumatic nebulization,Spectroscopy,VMV Method,VMV Method,
Ba-Dis,VMV_3584,µg/l,Barium - Dissolved,Dissolved metals by CRC-ICP-MS and discrete sampling pneumatic nebulization,Spectroscopy,VMV Method,VMV Method,
Ba-Dis,VMV_3744,µg/l,Barium - Dissolved,Analysis of dissolved metals is done by inductively coupled argon plasma mass spectrometry (ICP-MS).,Spectroscopy,VMV Method,VMV Method,
Ba-Ext,FAAS-NAc-D,mg/l,Barium - Extractable,Direct Nitrous Oxide-Acetylene Flame Atomic Absorption Spectrometry,Spectroscopy,SM 3111 D,APHA 2012,"Preservation with 0.2% HNO3. The whole water sample is acidified with dilute mineral acid (usually, the preservative), shaken, left to stand overnight and analyzed by direct AAS."
Ba-Ext,VMV_1917,µg/l,Barium - Extractable,Extractable metals with inductively coupled argon plasma-sector field mass spectrometer (ICP-SFMS),Spectroscopy,VMV Method,VMV Method,
Ba-Ext,VMV_2628,µg/l,Barium - Extractable,Extractable metals by inductively coupled argon plasma (ICAP) emission.,Spectroscopy,VMV Method,VMV Method,
Ba-Ext,VMV_2817,µg/l,Barium - Extractable,Extractable metals by inductively coupled argon plasma-mass spectrometry with pneumatic nebulization,Spectroscopy,VMV Method,VMV Method,
Ba-Ext,VMV_2841,µg/l,Barium - Extractable,Extractable elements in acid preserved samples are analyzed by ICP-MS.,Spectroscopy,VMV Method,VMV Method,
Ba-Tot,0,mg/l,Barium - Total,,,,,Undefined Analysis Method
Ba-Tot,FAAS-NAc-D-NA,mg/l,Barium - Total,Direct Nitrous Oxide-Acetylene Flame Atomic Absorption Spectrometry with HNO3 digestion,Spectroscopy,SM 3111 D,APHA 2012,"A sample is preserved in the field with nitric acid. The shaken sample aliquot is digested in nitric acid. A NaCl solution is added to the digest (to overcome the ionisation interference) and then aspirated into the flame. The absorbance is then measured spectrometrically at 553.6 nm and compared to identically-prepared standard and blank solutions, using a nitrous oxide-acetylene reducing flame."
Ba-Tot,ICP-AES-Dgs,mg/l,Barium - Total,Inductively Coupled Plasma (ICP) Method (Total Metals after Rigorous Digestion),Spectroscopy,SM 3120 B,APHA 2012,"Inductively Coupled Plasma, by Optical Emission Spectrometry (ICP-OES) with open vessel rigorous digestion to near dryness. ICP 1503 (See Appendix 3).
 Preconcentration by evaporation to near dryness with HNO3 or aqua regia (HNO3/HCl ratio v/v: 1to 3). Residue is taken up with HCl, and digested to near dryness, then brought to one-fifth or one-tenth original volume with deionized water. Digest is filtered through 0.4 um membrane before analysis."
Ba-Tot,ICP-AES-Xtr,mg/l,Barium - Total,Inductively Coupled Plasma (ICP) Method (Extractable/Recoverable Metals),Spectroscopy,"SM 3120 B, 3030 C",APHA 2012,"Inductively Coupled Plasma, by Optical Emission Spectrometry (ICP-OES) with open vessel digestion and pre-concentration. ICP 1502
 Digestion with HNO3/HCl. Preconcentration by evaporation (factor 5 to 10)."
Ba-Tot,ICP-SFMS-CVD,mg/l,Barium - Total,Inductively-Coupled Plasma Sector Field Mass Spectrometry with Closed Vessel Digestion,Spectroscopy,SM 3125 B,APHA 2012,"Closed Vessel Digestion - The whole water sample is collected, preserved with 2% H2NO3, and stored in a HDPE or Teflon bottle. The sample is digested ""in-bottle"" in a convection oven at 60°C for 16 hours. The sample is cooled and introduced to an inductively coupled argon plasma-sector field mass spectrometer (ICP-SFMS) by pneumatic nebulization. Each respective element is measured at a specific mass to charge ratio, m/z value expressed in amu (atomic mass units), and at a specified instrument resolution. LR: Low Resolution ~ 300, MR: Mid Resolution ~ 4000 and HR : High Resolution ~ 10000"
Ba-Tot,VMV_1919,µg/l,Barium - Total,Total metals with in-bottle digestion and inductively coupled plasma-sector field mass spectrometer,Spectroscopy,VMV Method,VMV Method,
Ba-Tot,VMV_2459,µg/l,Barium - Total,Total recoverable metals with thermal digestion and inductively coupled plasma mass spectrometry,Spectroscopy,VMV Method,VMV Method,
Ba-Tot,VMV_2631,mg/l,Barium - Total,Total metals by inductively coupled argon plasma emission spectrometry with standard spray chamber,Spectroscopy,VMV Method,VMV Method,
Ba-Tot,VMV_2634,mg/l,Barium - Total,Total metals by inductively coupled argon plasma emission spectrometry with external nebulizer.,Spectroscopy,VMV Method,VMV Method,
Ba-Tot,VMV_2960,µg/l,Barium - Total,"Total metals in water by ""in bottle"" digestion are analyzed by ICP-MS/ICP-OES.",Spectroscopy,VMV Method,VMV Method,
Ba-Tot,VMV_3528,µg/l,Barium - Total,Total metals by CRC-ICP-MS with in-bottle digestion and discrete sampling pneumatic nebulization,Spectroscopy,VMV Method,VMV Method,
Ba-Tot,VMV_3583,µg/l,Barium - Total,Total metals by CRC-ICP-MS and discrete sampling pneumatic nebulization,Spectroscopy,VMV Method,VMV Method,
Ba-Tot,VMV_375,µg/l,Barium - Total,Total metals in water by ICP-MS,Spectroscopy,VMV Method,VMV Method,
Be-Dis,0,mg/l,Beryllium - Dissolved,,,,,Undefined Analysis Method
Be-Dis,VMV_1920,µg/l,Beryllium - Dissolved,Dissolved metals with in-bottle digestion using inductively coupled plasma-sector field MS,Spectroscopy,VMV Method,VMV Method,
Be-Dis,VMV_2632,µg/l,Beryllium - Dissolved,Dissolved metals by inductively coupled argon plasma emission spectrometry with external nebulizer,Spectroscopy,VMV Method,VMV Method,
Be-Dis,VMV_2633,µg/l,Beryllium - Dissolved,Dissolved metals by ICP argon plasma emission spectrometry with standard spray chamber,Spectroscopy,VMV Method,VMV Method,
Be-Dis,VMV_2725,µg/l,Beryllium - Dissolved,Dissolved metals are analyzed by ICP-AES,Spectroscopy,VMV Method,VMV Method,
Be-Dis,VMV_2816,µg/l,Beryllium - Dissolved,Dissolved metals by inductively coupled argon plasma/mass spectrometer with pneumatic nebulization,Spectroscopy,VMV Method,VMV Method,
Be-Dis,VMV_3007,µg/l,Beryllium - Dissolved,"Dissolved metals in water by ""in-bottle"" digestion are analyzed by ICP-MS/ICP-OES.",Spectroscopy,VMV Method,VMV Method,
Be-Dis,VMV_3529,µg/l,Beryllium - Dissolved,Dissolved metals by CRC-ICP-MS with in-bottle digestion and discrete sampling pneumatic nebulization,Spectroscopy,VMV Method,VMV Method,
Be-Dis,VMV_3584,µg/l,Beryllium - Dissolved,Dissolved metals by CRC-ICP-MS and discrete sampling pneumatic nebulization,Spectroscopy,VMV Method,VMV Method,
Be-Ext,VMV_1917,µg/l,Beryllium - Extractable,Extractable metals with inductively coupled argon plasma-sector field mass spectrometer (ICP-SFMS),Spectroscopy,VMV Method,VMV Method,
Be-Ext,VMV_2628,µg/l,Beryllium - Extractable,Extractable metals by inductively coupled argon plasma (ICAP) emission.,Spectroscopy,VMV Method,VMV Method,
Be-Ext,VMV_2817,µg/l,Beryllium - Extractable,Extractable metals by inductively coupled argon plasma-mass spectrometry with pneumatic nebulization,Spectroscopy,VMV Method,VMV Method,
Be-Ext,VMV_2841,µg/l,Beryllium - Extractable,Extractable elements in acid preserved samples are analyzed by ICP-MS.,Spectroscopy,VMV Method,VMV Method,
Be-Ext,VMV_4070,µg/l,Beryllium - Extractable,Extractable metals by inductively coupled plasma-collision/reaction cell-mass spectrometry,Spectroscopy,VMV Method,VMV Method,
Be-Tot,0,mg/l,Beryllium - Total,,,,,Undefined Analysis Method
Be-Tot,ICP-AES-Dgs,mg/l,Beryllium - Total,Inductively Coupled Plasma (ICP) Method (Total Metals after Rigorous Digestion),Spectroscopy,SM 3120 B,APHA 2012,"Inductively Coupled Plasma, by Optical Emission Spectrometry (ICP-OES) with open vessel rigorous digestion to near dryness. ICP 1503 (See Appendix 3).
 Preconcentration by evaporation to near dryness with aqua regia ( HNO3/HCl ratio v/v: 1to 3), Residue taken up with deionized water to one-fifth original volume. Digest filtered through 0.4 um membrane."
Be-Tot,ICP-AES-Xtr,mg/l,Beryllium - Total,Inductively Coupled Plasma (ICP) Method (Extractable/Recoverable Metals),Spectroscopy,"SM 3120 B, 3030 C",APHA 2012,"Inductively Coupled Plasma, by Optical Emission Spectrometry (ICP-OES): ICP 1502 (See Appendix 3).
 Digestion with HNO3/HCl. Preconcentration by evaporation (factor 5 to 10)."
Be-Tot,ICP-SFMS-CVD,mg/l,Beryllium - Total,Inductively-Coupled Plasma Sector Field Mass Spectrometry with Closed Vessel Digestion,Spectroscopy,SM 3125 B,APHA 2012,"Closed Vessel Digestion - The whole water sample is collected, preserved with 2% H2NO3, and stored in a HDPE or Teflon bottle. The sample is digested ""in-bottle"" in a convection oven at 60°C for 16 hours. The sample is cooled and introduced to an inductively coupled argon plasma-sector field mass spectrometer (ICP-SFMS) by pneumatic nebulization. Each respective element is measured at a specific mass to charge ratio, m/z value expressed in amu (atomic mass units), and at a specified instrument resolution. LR: Low Resolution ~ 300, MR: Mid Resolution ~ 4000 and HR : High Resolution ~ 10000"
Be-Tot,VMV_1919,µg/l,Beryllium - Total,Total metals with in-bottle digestion and inductively coupled plasma-sector field mass spectrometer,Spectroscopy,VMV Method,VMV Method,
Be-Tot,VMV_2459,µg/l,Beryllium - Total,Total recoverable metals with thermal digestion and inductively coupled plasma mass spectrometry,Spectroscopy,VMV Method,VMV Method,
Be-Tot,VMV_2631,µg/l,Beryllium - Total,Total metals by inductively coupled argon plasma emission spectrometry with standard spray chamber,Spectroscopy,VMV Method,VMV Method,
Be-Tot,VMV_2634,µg/l,Beryllium - Total,Total metals by inductively coupled argon plasma emission spectrometry with external nebulizer.,Spectroscopy,VMV Method,VMV Method,
Be-Tot,VMV_2960,µg/l,Beryllium - Total,"Total metals in water by ""in bottle"" digestion are analyzed by ICP-MS/ICP-OES.",Spectroscopy,VMV Method,VMV Method,
Be-Tot,VMV_3528,µg/l,Beryllium - Total,Total metals by CRC-ICP-MS with in-bottle digestion and discrete sampling pneumatic nebulization,Spectroscopy,VMV Method,VMV Method,
Be-Tot,VMV_3583,µg/l,Beryllium - Total,Total metals by CRC-ICP-MS and discrete sampling pneumatic nebulization,Spectroscopy,VMV Method,VMV Method,
Be-Tot,VMV_4007,µg/l,Beryllium - Total,Total metals by inductively coupled plasma-mass spectrometry with in-bottle digestion,Spectroscopy,VMV Method,VMV Method,Total metals in water with in bottle digestion are analyzed by inductively coupled plasma - collision/reaction cell - mass spectrometry (ICP-CRC-MS).
Bi-Dis,VMV_1920,µg/l,Bismuth - Dissolved,Dissolved metals with in-bottle digestion using inductively coupled plasma-sector field MS,Spectroscopy,VMV Method,VMV Method,
Bi-Dis,VMV_3007,µg/l,Bismuth - Dissolved,"Dissolved metals in water by ""in-bottle"" digestion are analyzed by ICP-MS/ICP-OES.",Spectroscopy,VMV Method,VMV Method,
Bi-Dis,VMV_3529,µg/l,Bismuth - Dissolved,Dissolved metals by CRC-ICP-MS with in-bottle digestion and discrete sampling pneumatic nebulization,Spectroscopy,VMV Method,VMV Method,
Bi-Dis,VMV_3584,µg/l,Bismuth - Dissolved,Dissolved metals by CRC-ICP-MS and discrete sampling pneumatic nebulization,Spectroscopy,VMV Method,VMV Method,
Bi-Ext,VMV_1917,µg/l,Bismuth - Extractable,Extractable metals with inductively coupled argon plasma-sector field mass spectrometer (ICP-SFMS),Spectroscopy,VMV Method,VMV Method,
Bi-Ext,VMV_2459,µg/l,Bismuth - Extractable,Total recoverable metals with thermal digestion and inductively coupled plasma mass spectrometry,Spectroscopy,VMV Method,VMV Method,
Bi-Tot,ICP-SFMS-CVD,mg/l,Bismuth - Total,Inductively-Coupled Plasma Sector Field Mass Spectrometry with Closed Vessel Digestion,Spectroscopy,SM 3125 B,APHA 2012,"Closed Vessel Digestion - The whole water sample is collected, preserved with 2% H2NO3, and stored in a HDPE or Teflon bottle. The sample is digested ""in-bottle"" in a convection oven at 60°C for 16 hours. The sample is cooled and introduced to an inductively coupled argon plasma-sector field mass spectrometer (ICP-SFMS) by pneumatic nebulization. Each respective element is measured at a specific mass to charge ratio, m/z value expressed in amu (atomic mass units), and at a specified instrument resolution. LR: Low Resolution ~ 300, MR: Mid Resolution ~ 4000 and HR : High Resolution ~ 10000"
Bi-Tot,VMV_1919,µg/l,Bismuth - Total,Total metals with in-bottle digestion and inductively coupled plasma-sector field mass spectrometer,Spectroscopy,VMV Method,VMV Method,
Bi-Tot,VMV_2459,µg/l,Bismuth - Total,Total recoverable metals with thermal digestion and inductively coupled plasma mass spectrometry,Spectroscopy,VMV Method,VMV Method,
Bi-Tot,VMV_3006,µg/l,Bismuth - Total,"Total metals in water by ""in-bottle"" digestion are analyzed by ICP-MS/ICP-OES.",Spectroscopy,VMV Method,VMV Method,
Bi-Tot,VMV_3528,µg/l,Bismuth - Total,Total metals by CRC-ICP-MS with in-bottle digestion and discrete sampling pneumatic nebulization,Spectroscopy,VMV Method,VMV Method,
Bi-Tot,VMV_3583,µg/l,Bismuth - Total,Total metals by CRC-ICP-MS and discrete sampling pneumatic nebulization,Spectroscopy,VMV Method,VMV Method,
Br-Dis,0,mg/l,Bromide - Dissolved,,,,,Undefined Analysis Method
Br-Dis,IC-CSC,mg/l,Bromide - Dissolved,"Determination of dissolved Li+, Na+, NH4+, K+, Mn2+, Ca2+, Mg2+, Sr2+ and Ba2+ by ion chromatography",Chromatography,EN 14911,ISO 1999,A whole water sample is filtered through a 0.45 um membrane filter. The analysis is conducted by ion chromatography and determined in conjunction with other anions. An ion exchange process separates the ions of interest based on the affinity for the exchange sites of the resin bed. The sample is then pumped through the suppressor which reduces the background conductivity of the eluent to a negligible level by converting the anions in the sample to their respective acid forms . The concentrations of these separated anions are determined by measuring their respective conductivities using a conductivity detector. Anions are identified by their retention times compared to known calibration standards.
Br-Tot,0,mg/l,Bromide - Total,,,,,Undefined Analysis Method
Br-Tot,VMV_1891,mg/l,Bromide - Total,Ions in water by ion chromatography,Chromatography,VMV Method,VMV Method,
Br-Tot,VMV_1980,mg/l,Bromide - Total,Bromide in water by ion chromatography,Chromatography,VMV Method,VMV Method,
Br2-Dis,VMV_562,mg/l,Bromine - Dissolved,Determination of major ions (cations and anions) by ion chromatography,Chromatography,VMV Method,VMV Method,
CAA,0,µg/l,Monochloroacetic Acid,,,,,Undefined Analysis Method
CAPTAFOL,VMV_3216,ng/l,Captafol,"Pesticides of the organophosphorus type, triazine, carbamate and urea: extraction with C-18",Chromatography,VMV Method,VMV Method,
CAPTAN,0,µg/l,Captan,,,,,Undefined Analysis Method
CAPTAN,VMV_3216,ng/l,Captan,"Pesticides of the organophosphorus type, triazine, carbamate and urea: extraction with C-18",Chromatography,VMV Method,VMV Method,
CARBAMAZEPINE,0,µg/l,Carbamazepine,,,,,Undefined Analysis Method
CARBARYL,0,µg/l,Carbaryl,,,,,Undefined Analysis Method
CARBARYL,VMV_303,ng/l,Carbaryl,Analysis of  organophosphorus and triazine pesticides in surface waters using GC-MS/MS.,Chromatography,VMV Method,VMV Method,LEEQ Method No. Q0515E0.
CARBARYL,VMV_3216,ng/l,Carbaryl,"Pesticides of the organophosphorus type, triazine, carbamate and urea: extraction with C-18",Chromatography,VMV Method,VMV Method,
CARBARYL,VMV_3461,ng/l,Carbaryl,Carbamate fungicides in water are analyzed by SPE and ESI-LC-MS/MS.,Chromatography,VMV Method,VMV Method,
CARBAZOLE,VMV_4102,ng/l,9H-carbazole,"Analysis of OCs, PCBs, CBs & PAHs in 1 L water by GC-ECD and GC-MSD",Chromatography,VMV Method,VMV Method,
CARBETAMIDE,0,µg/l,Carbetamide,,,,,Undefined Analysis Method
CARBOFURAN,0,µg/l,Carbofuran,,,,,Undefined Analysis Method
CARBOFURAN,VMV_303,ng/l,Carbofuran,Analysis of  organophosphorus and triazine pesticides in surface waters using GC-MS/MS.,Chromatography,VMV Method,VMV Method,LEEQ Method No. Q0515E0.
CARBOFURAN,VMV_3216,ng/l,Carbofuran,"Pesticides of the organophosphorus type, triazine, carbamate and urea: extraction with C-18",Chromatography,VMV Method,VMV Method,
CARBOFURAN,VMV_3461,ng/l,Carbofuran,Carbamate fungicides in water are analyzed by SPE and ESI-LC-MS/MS.,Chromatography,VMV Method,VMV Method,
CBZH,0,µg/l,Chlorobenzene,,,,,Undefined Analysis Method
CCl4,0,µg/l,Tetrachloromethane,,,,,Undefined Analysis Method
CHLORANTRANILIPROLE,0,µg/l,Chlorantraniliprole,,,,,Undefined Analysis Method
CHLORANTRANILIPROLE,VMV_3619,ng/l,Chlorantraniliprole,Neonicotinoid insecticides in water are analyzed by ESI-LC-MS/MS.,Chromatography,VMV Method,VMV Method,
CHLORANTRANILIPROLE,VMV_655,ng/l,Chlorantraniliprole,Multi residue analysis of pesticides in water by solid phase extraction and LC-MS/MS.,Chromatography,VMV Method,VMV Method,
CHLORDANE,0,µg/l,Chlordane,,,,,Undefined Analysis Method
CHLORDANE,VMV_2863,ng/l,Chlordane,"Analysis of OCs, PCBs, CBs and PAHs in 1 L water samples by GC-ECD and GC-MSD.",Chromatography,VMV Method,VMV Method,
CHLORDANE,VMV_3654,ng/l,Chlordane,Chlorobenzenes and organochlorine pesticides by liquid-liquid extraction and GC-MS/MS detection.,Chromatography,VMV Method,VMV Method,
CHLORFENVINPHOS,0,µg/l,"[(EZ)-2-Chloro-1-(2,4-dichlorophenyl)ethenyl] diethyl phosphate",,,,,Undefined Analysis Method
CHLORFENVINPHOS,VMV_303,ng/l,"[(EZ)-2-Chloro-1-(2,4-dichlorophenyl)ethenyl] diethyl phosphate",Analysis of  organophosphorus and triazine pesticides in surface waters using GC-MS/MS.,Chromatography,VMV Method,VMV Method,LEEQ Method No. Q0515E0.
CHLORFENVINPHOS,VMV_3216,ng/l,"[(EZ)-2-Chloro-1-(2,4-dichlorophenyl)ethenyl] diethyl phosphate","Pesticides of the organophosphorus type, triazine, carbamate and urea: extraction with C-18",Chromatography,VMV Method,VMV Method,
CHLORIDAZON,0,µg/l,Chloridazon,,,,,Undefined Analysis Method
CHLORIMURON,VMV_3431,ng/l,Chlorimuron,Analysis of sulfonyl ureas and related herbicides by SPE and LC-MS/MS detection,Chromatography,VMV Method,VMV Method,
CHLOROBROMOMETHANE,0,µg/l,Bromo(chloro)methane,,,,,Undefined Analysis Method
CHLORODIBROMOMETHANE,0,µg/l,Dibromo(chloro)methane,,,,,Undefined Analysis Method
CHLOROXURON,0,µg/l,Chloroxuron,,,,,Undefined Analysis Method
CHLOROXURON,VMV_303,ng/l,Chloroxuron,Analysis of  organophosphorus and triazine pesticides in surface waters using GC-MS/MS.,Chromatography,VMV Method,VMV Method,LEEQ Method No. Q0515E0.
CHLOROXURON,VMV_3216,ng/l,Chloroxuron,"Pesticides of the organophosphorus type, triazine, carbamate and urea: extraction with C-18",Chromatography,VMV Method,VMV Method,
CHLORPYRIFOS,0,µg/l,Chlorpyrifos-ethyl,,,,,Undefined Analysis Method
CHLORPYRIFOS,VMV_303,ng/l,Chlorpyrifos-ethyl,Analysis of  organophosphorus and triazine pesticides in surface waters using GC-MS/MS.,Chromatography,VMV Method,VMV Method,LEEQ Method No. Q0515E0.
CHLORPYRIFOS,VMV_526,ng/l,Chlorpyrifos-ethyl,Analysis of organophosphorus and triazine pesticides in surface waters - by gas chromatography.,Chromatography,VMV Method,VMV Method,LEEQ Method No. Q0500E0.
CHLORSULFURON,0,µg/l,Chlorsulfuron,,,,,Undefined Analysis Method
CHLORSULFURON,VMV_3431,ng/l,Chlorsulfuron,Analysis of sulfonyl ureas and related herbicides by SPE and LC-MS/MS detection,Chromatography,VMV Method,VMV Method,
CHLORTOLURON,0,µg/l,Chlortoluron,,,,,Undefined Analysis Method
CL-ISOPROPYLETHER,0,µg/l,Bis(2-chloroisopropyl) ether,,,,,Undefined Analysis Method
CLOMAZONE,0,µg/l,Clomazone,,,,,Undefined Analysis Method
CLOMAZONE,VMV_3431,ng/l,Clomazone,Analysis of sulfonyl ureas and related herbicides by SPE and LC-MS/MS detection,Chromatography,VMV Method,VMV Method,
CLOTHIANIDINE,0,µg/l,Clothianidin,,,,,Undefined Analysis Method
CLOTHIANIDINE,VMV_3619,ng/l,Clothianidin,Neonicotinoid insecticides in water are analyzed by ESI-LC-MS/MS.,Chromatography,VMV Method,VMV Method,
CLOTHIANIDINE,VMV_655,ng/l,Clothianidin,Multi residue analysis of pesticides in water by solid phase extraction and LC-MS/MS.,Chromatography,VMV Method,VMV Method,
CLPHENOL,0,µg/l,2-Chlorophenol,,,,,Undefined Analysis Method
CN-Free,0,mg/l,Cyanide - Free,,,,,Undefined Analysis Method
CN-Tot,0,mg/l,Cyanide - Total,,,,,Undefined Analysis Method
CN-Tot,COL-PBA,mg/l,Cyanide - Total,Colorimetric Method (CN-),Colorimetry,SM 4500-CN-E,APHA 2012,"If turbid, a sample aliquot is decanted. On an autoanalyzer, the sample is acidified with phosphoric and hypophosphorous acid solution and irradiated with UV light to convert the complex cyanides to hydrocyanic acid, HCN. After irradiation, the sample is buffered at pH 5.2 with a potassium dihydrogen phosphate and disodium hydrogen phosphate solution and the HCN is distilled out of the phosphoric acids solution. It is then converted to cyanogen chloride, CNCl, by reaction with Chloradine-T. The CNCl is finally mixed with a mixture a Pyridine-Barbituric reagent and forms a blue dye. The intensity of the colour produced is measured spectrometrically at 580 nm, and compared to identically-prepared KCN standard and blank solutions. The chemistry is linear over the range 0.5 - 50 µg/L and the sampling rate is 30/hour.
 Interference: Sulphides interfere and should be removed prior to analysis."
CN-Tot,VMV_2588,mg/l,Cyanide - Total,Determination of cyanides by colourimetry using Nagashimas isonicotinic-barbituric acids method 1,Colorimetry,VMV Method,VMV Method,
CN-Tot,VMV_2589,mg/l,Cyanide - Total,Determination of cyanides by colourimetry using Nagashimas isonicotinic-barbituric acids method 2,Colorimetry,VMV Method,VMV Method,
CNONACHLOR,VMV_2863,ng/l,cis-Nonachlor,"Analysis of OCs, PCBs, CBs and PAHs in 1 L water samples by GC-ECD and GC-MSD.",Chromatography,VMV Method,VMV Method,
CNONACHLOR,VMV_3654,ng/l,cis-Nonachlor,Chlorobenzenes and organochlorine pesticides by liquid-liquid extraction and GC-MS/MS detection.,Chromatography,VMV Method,VMV Method,
CO2,VMV_139,mg/l,Free Carbon Dioxide,Calculated value for CO2 free,Calculation,VMV Method,VMV Method,
CO3,0,mg/l,Trioxidocarbonate(2-),,,,,Undefined Analysis Method
CO3,VMV_137,mg/l,Trioxidocarbonate(2-),Calculated value VMV 137,Calculation,VMV Method,VMV Method,
COD,0,mg/l,Chemical Oxygen Demand,,,,,Undefined Analysis Method
COD,COD-T-COL-KMnO4,mg/l,Chemical Oxygen Demand,Oxygen Demand By Potassium Permanganate at 100°C,Titration,JIS K 0102 17,JSA 1998,"A sample is preserved in the field at 4°C. An acidified sample aliquot is digested with potassium permanganate in a boiling water bath for 30 minutes where reducing substances are oxidized along with part of the carbonaceous material. The remaining permanganate is reacted with a volume of sodium oxalate solution, equivalent to the permanganate originally added. Keeping the solution between 60-80°C [Japan maintains solution at 50-60 °C], the excess oxalate is back-titrated with the permanganate solution. The permanganate required in this back-titration is equivalent to the KMnO4 chemical oxygen demand. A reagent blank is identically treated. The Total COD is calculated from the difference between sample and blank aliquots."
COD,COL-CR,mg/l,Chemical Oxygen Demand,"Closed Reflux, Colorimetric Method",Colorimetry,SM 5220 D,APHA 2012,"Sample, blanks, and standards in sealed tubes are heated in an oven or block
 digester in the presence of potassium dichromate at 150°C. Sulfuric acid oxidzes the water samples, while chloride is masked with mercury sulphate. After two hours, the tubes are removed from the oven or digester, cooled, and measured spectrophotometrically at either 420 nm or 600 nm. The colorimetric determination may also be performed manually."
COD,T-COL-K2CrO7,mg/l,Chemical Oxygen Demand,Open Reflux Method,Titration,SM 5220 B,APHA 2012,"Most organic compounds are oxidised by potassium dichromate under acid condition. A sample is preserved in the field at 4°C. The sample aliquot is refluxed for two hours in concentrated H2SO4 with a known amount of K2Cr2O7, containing sulphamic acid against the interference of nitrites, HgSO4 against the interferences of chlorides, and Ag2SO4, as a catalyst for organic compounds. The sample is cooled and the excess dichromate is titrated with standardised ferrous ammonium sulphate (Fe(NH4)2(SO4)2), using ferroin (a complex of ferrous ion and 1,10-phenanthroline) as an indicator. The amount of oxidizable organic matter is proportional to the dichromate consumed. A reagent blank is identically analysed. The concentration of COD is calculated from the difference between sample and blank aliquots.
 The method detection limit is 1 mg/L."
COL-App,COLOR-Vis,Hu,Apparent Color,Visual Comparison,,PYR 24,Environment Canada 2007,The colour of a shaken sample is determined by visual comparison to known concentration of coloured solutions sealed in glass disks (Hellige Aqua Tester) or by visual comparison with platinum-cobalt standards (chloroplatinate ions). Apparent colour includes colour due to suspended matter (true colour is the colour of the water where turbidity has been removed by centrifuge).
COL-App,VMV_24,,Apparent Color,True and apparent colour - visual comparison with standard colour solutions (Cobalt),Estimation,VMV Method,VMV Method,
COL-App,VMV_2596,Pt-Co U,Apparent Color,Determination of colour in surface water by spectrophotometric technique.,Colorimetry,VMV Method,VMV Method,
COL-App,VMV_2881,Hu,Apparent Color,Automated determination of apparent colour by platinum-cobalt standard,Estimation,VMV Method,VMV Method,
COL-App,VMV_3745,,Apparent Color,Determination of the colour of water is done using the spectrophotometric technique.,Colorimetry,VMV Method,VMV Method,
COL-True,0,TCU,True Color,,,,,Undefined Analysis Method
COL-True,COLOR-Vis,TCU,True Color,Visual Comparison,,PYR 24,Environment Canada 2007,"True colour refers to the colour of water from which the suspended material has been removed. Apparent colour refers to the colour of water that includes both the colour due to materials in solution and that due to turbidity.
 This method measures colour that results from natural occurring substances. The colour in the water sample is determined by visual comparison with known concentrations of coloured standard solutions. The unit of colour in the platinum-cobalt method is defined as being that produced by one milligram of platinum in the form of the chloroplatinate ion. The stock solution prepared at 500 colour units is composed of potassium chloroplatinate (K2PtCl6), and cobaltous chloride (C°Cl2.6H2O) in 10% hydrochloric acid. The solution is diluted in 50 mL Nessler tubes to form a series of standard colour solutions in the range expected for naturally occurring surface waters. For apparent colour, the whole water sample is shaken, poured in a Nessler tube and the tube then placed alongside the standards. Visual comparison and matching is conducted by looking vertically downward through the tubes, which have been placed over a lighted white surface, such that, light is reflected upward through the columns of liquid. For true colour, the turbidity is removed by filtration through 0.45 um membrane filter paper and the filtrate analyzed."
COL-True,VMV_10179,,True Color,BC MELP EMS Code: X106,,VMV Method,VMV Method,
COL-True,VMV_24,,True Color,True and apparent colour - visual comparison with standard colour solutions (Cobalt),Estimation,VMV Method,VMV Method,
COL-True,VMV_2788,TCU,True Color,Colour is determined by visual comparison of sample and standards.,Estimation,VMV Method,VMV Method,
COL-True,VMV_3023,TCU,True Color,True colour in water is determined by a spectrophotometer.,Colorimetry,VMV Method,VMV Method,
COL-True,VMV_312,TCU,True Color,True colour by spectrometer,Colorimetry,VMV Method,VMV Method,
COL-True,VMV_3482,TCU,True Color,True colour in water is measured by spectrophotometer.,Colorimetry,VMV Method,VMV Method,
COL-True,VMV_494,TCU,True Color,True colour using a DR3900 spectrophotometer.,Colorimetry,VMV Method,VMV Method,
CP,0,µg/l,Cypermethrin,,,,,Undefined Analysis Method
CPSM,0,µg/l,Chlorpyriphos-methyl,,,,,Undefined Analysis Method
CRYH,0,µg/l,"1,2-Benzophenanthrene",,,,,Undefined Analysis Method
CRYH,EPA8310,µg/l,"1,2-Benzophenanthrene",Polynuclear Aromatic Hydrocarbons,Chromatography,,EPA 1986,"Method 8310 provides high performance liquid chromatographic (HPLC) conditions for the detection of ppb levels of certain polynuclear aromatic hydrocarbons. Prior to use of this method, appropriate sample extraction techniques must be used. A 5- to 25-uL aliquot of the extract is injected into an HPLC, and compounds in the effluent are detected by ultraviolet (UV) and fluorescence detectors.

Collect water samples in amber glass containers with screwcaps Teflon lined septa. If residual chlorine is present, add 3 mL of 10% sodium thiosulfate per gallon. Refrigerate at 4°C until extraction. Extract within 7 days. Solid samples: Collect sample in wide-mouth glass jar. Refrigerate at 4°C until extraction. Extract within 14 days. All extracts should be stored at 4°C and analyzed within 40 days after extraction. (https://www.nemi.gov/methods/method_pdf/4727/)"
CRYH,LLE-HPLC-FD-UVD,µg/l,"1,2-Benzophenanthrene",Liquid-Liquid Extraction High Performance Liquid Chromatography and Fluorescence/UV-Detector,Chromatography,SM 6440 B,APHA 2012,"Mark the water meniscus on the side of the sample bottle for later determination of volume. Pour entire sample into a 2-L separatory funnel and extract. Separation and clean-up is by means of a silica-gel column. Add 4mL acetonitrile and concentrate the extract in a 95-100°C water bath using a micro-Snyder column. Rinse column with 0.2 mL acetonitrile. Adjust final extract volume to 1.0mL. After the operating conditions are met, proceed with calibration and sample analysis. If the internal standard calibration procedure is being used, add internal standard to sample extract and mix thoroughly. Immediately inject 5 to 25µL sample extract or standard into HPLC using a high pressure syringe or constant-volume sample injection loop. Record volume injected to nearest 0.1 µL and resulting peak size in area or peak height units. Re-equilibrate HPLC column at initial gradient conditions for at least 10 minutes between injections. Identify compounds in sample by comparing peak retention times with peaks of standard chromatograms."
CRYH,VMV_10366,ng/ml,"1,2-Benzophenanthrene",Alkylated polynuclear aromatic hydrocarbons (alkylated PAHs),Chromatography,VMV Method,VMV Method,
CRYH,VMV_2863,ng/l,"1,2-Benzophenanthrene","Analysis of OCs, PCBs, CBs and PAHs in 1 L water samples by GC-ECD and GC-MSD.",Chromatography,VMV Method,VMV Method,
CRYH,VMV_3669,ng/l,"1,2-Benzophenanthrene",Extraction of PAHs in water by solid phase extraction (SPE) and analysis by GC-MSMS.,Chromatography,VMV Method,VMV Method,
CRYH,VMV_3670,ng/l,"1,2-Benzophenanthrene",Extraction of alkyl PAHs in water by solid phase extraction (SPE) and analysis by GC-MSMS.,Chromatography,VMV Method,VMV Method,
CRYH,VMV_4100,µg/l,"1,2-Benzophenanthrene",PAH and alkyl substituted PAH in water are analyzed via GC-MS.,Chromatography,VMV Method,VMV Method,
CRYH,VMV_4102,ng/l,"1,2-Benzophenanthrene","Analysis of OCs, PCBs, CBs & PAHs in 1 L water by GC-ECD and GC-MSD",Chromatography,VMV Method,VMV Method,
CYANAZINE,0,µg/l,Cyanazine,,,,,Undefined Analysis Method
CYANAZINE,VMV_303,ng/l,Cyanazine,Analysis of  organophosphorus and triazine pesticides in surface waters using GC-MS/MS.,Chromatography,VMV Method,VMV Method,LEEQ Method No. Q0515E0.
CYANAZINE,VMV_526,ng/l,Cyanazine,Analysis of organophosphorus and triazine pesticides in surface waters - by gas chromatography.,Chromatography,VMV Method,VMV Method,LEEQ Method No. Q0500E0.
CYBUTRYNE,0,µg/l,Cybutryne,,,,,Undefined Analysis Method
CYFLUTHRIN,0,µg/l,Cyfluthrin,,,,,Undefined Analysis Method
CYHALOTHRIN,VMV_3216,ng/l,Cyhalothrin,"Pesticides of the organophosphorus type, triazine, carbamate and urea: extraction with C-18",Chromatography,VMV Method,VMV Method,
CYPROCONAZOLE,0,µg/l,Cyproconazole,,,,,Undefined Analysis Method
Ca-Dis,0,mg/l,Calcium - Dissolved,,,,,Undefined Analysis Method
Ca-Dis,FAAS-AAc-D,mg/l,Calcium - Dissolved,Direct Air-Acetylene Flame Atomic Absorption Spectrometry,Spectroscopy,SM 3111 B,APHA 2012,"A sample is filtered in the field through a 0.45 µm membrane filter and preserved at 4°C. A LaCl3 solution is added to the sample aliquot, mixed and aspirated. The absorbance is measured spectrometrically at 422.7 nm and compared to identically-prepared standard and blank solutions, using an air-acetylene reducing flame. Note: With precipitation samples, a decanted aliquot of the unshaken, unfiltered sample is normally taken for analysis."
Ca-Dis,FAAS-AAc-D-NA,mg/l,Calcium - Dissolved,Direct Air-Acetylene Flame Atomic Absorption Spectrometry with HNO3 Digestion,Spectroscopy,SM 3111 B,APHA 2012,"The sample is passed through a 0.45µ membrane filter. The sample is digested with HNO3. A sample aliquot is mixed with a standard LaCl3 solution. The solution is aspirated. The absorption at the 422.7 nm wavelength is measured spectrometrically and compared with those of a reagent blank and standard solution. An acetylene-air reducing flame is used. The autoanalysis unit consisting of an automated sampler, manifold and transmission delay line are incorporated so that the sample is diluted. The magnitude of the dilution is proportioned to the diameter of the auxiliary pump line."
Ca-Dis,FAES-NAc-D,mg/l,Calcium - Dissolved,Direct Nitrous Oxide-Acetylene Flame Atomic Emission Spectrometry,Spectroscopy,SM 3111 D,APHA 2012,"A sample is filtered in the field through a 0.45 µm membrane filter and preserved at 4°C. The sample aliquot is aspirated in a flame and the emission is measured at 422.6 nm and compared to identically-prepared standard and blank solutions, using nitrous oxide-acetylene flame."
Ca-Dis,T-COL-EDTA-EBS,mg/l,Calcium - Dissolved,Colorimetric Titration with EDTA using Eriochrome Blue Se as Indicator,Titration,SM 3500-Ca B,APHA 2012,"Titration with ethylenediaminetetraacetic acid (EDTA) and Eriochrome blue Se, as indicator."
Ca-Dis,T-COL-EDTA-HNB,mg/l,Calcium - Dissolved,Colorimetric Titration with EDTA using Hydroxy Naphthol Blue as Indicator,Titration,SM 3500-Ca B,APHA 2012,"A sample is filtered in the field through a 0.45 µm membrane filter and preserved at 4°C. The pH of the sample aliquot is adjusted between 12 and 13, with a 1 N NaOH solution, to precipitate the magnesium to its hydroxide form. Add Calver II (See Appendix 8) indicator and titrate the aliquot with a standardised EDTA (disodium dihydrogen ethylenediamine tetraacetate) solution. The colour changes from pink to purple when the calcium is removed. The samples are compared to identically-prepared standard and blank solutions. Interferences: Total heavy metal ion concentration of 0.5 mg/L."
Ca-Dis,VMV_10320,mg/l,Calcium - Dissolved,"BC MELP EMS CODE: F039  field filtered, acid, ICP-AES.",Spectroscopy,VMV Method,VMV Method,
Ca-Dis,VMV_1070,mg/l,Calcium - Dissolved,Major ions by atomic absorption spectroscopy,Spectroscopy,VMV Method,VMV Method,
Ca-Dis,VMV_1961,mg/l,Calcium - Dissolved,Analysis of cations by ionic chromatography VMV 1961,Chromatography,VMV Method,VMV Method,
Ca-Dis,VMV_2632,mg/l,Calcium - Dissolved,Dissolved metals by inductively coupled argon plasma emission spectrometry with external nebulizer,Spectroscopy,VMV Method,VMV Method,
Ca-Dis,VMV_2725,mg/l,Calcium - Dissolved,Dissolved metals are analyzed by ICP-AES,Spectroscopy,VMV Method,VMV Method,
Ca-Dis,VMV_2741,mg/l,Calcium - Dissolved,Major ions in filtered samples by optical emission spectrometry (OES) and direct aspiration.,Spectroscopy,VMV Method,VMV Method,
Ca-Dis,VMV_2912,mg/l,Calcium - Dissolved,Analysis of anions and cations by suppressed ion chromatography,Chromatography,VMV Method,VMV Method,
Ca-Dis,VMV_3302,mg/l,Calcium - Dissolved,Major ion concentrations are determined by ion chromatography.,Chromatography,VMV Method,VMV Method,
Ca-Dis,VMV_333,mg/l,Calcium - Dissolved,Dissolved metals in water by ICP-OES,Spectroscopy,VMV Method,VMV Method,
Ca-Dis,VMV_3553,mg/l,Calcium - Dissolved,Metals in environmental samples are determined using collision/reaction cell (CRC) ICP-MS.,Spectroscopy,VMV Method,VMV Method,
Ca-Dis,VMV_3628,mg/l,Calcium - Dissolved,Filtered cations by inductively coupled plasma-optical emission spectrometer (ICP-OES).,Spectroscopy,VMV Method,VMV Method,
Ca-Dis,VMV_383,mg/l,Calcium - Dissolved,Major ions by IC - EC LEEQ laboratory,Spectroscopy,VMV Method,VMV Method,
Ca-Dis,VMV_469,mg/l,Calcium - Dissolved,Major ions by automated atomic absorption,Spectroscopy,VMV Method,VMV Method,
Ca-Dis,VMV_562,mg/l,Calcium - Dissolved,Determination of major ions (cations and anions) by ion chromatography,Chromatography,VMV Method,VMV Method,
Ca-Ext,0,mg/l,Calcium - Extractable,,,,,Undefined Analysis Method
Ca-Ext,VMV_10301,mg/l,Calcium - Extractable,BC MELP EMS Code: F055 No preservation/no filtration/no digestion: ICP shortcut.,Spectroscopy,VMV Method,VMV Method,
Ca-Ext,VMV_2628,mg/l,Calcium - Extractable,Extractable metals by inductively coupled argon plasma (ICAP) emission.,Spectroscopy,VMV Method,VMV Method,
Ca-Ext,VMV_2729,mg/l,Calcium - Extractable,Extractable metals in water samples by inductively coupled plasma mass spectrometry (ICP-MS).,Spectroscopy,VMV Method,VMV Method,
Ca-Ext,VMV_2742,mg/l,Calcium - Extractable,Major ions in unfiltered samples by optical emission spectrometry (OES) and direct aspiration.,Spectroscopy,VMV Method,VMV Method,
Ca-Tot,0,mg/l,Calcium - Total,,,,,Undefined Analysis Method
Ca-Tot,FAAS-AAc-D,mg/l,Calcium - Total,Direct Air-Acetylene Flame Atomic Absorption Spectrometry,Spectroscopy,SM 3111 B,APHA 2012,"A sample is preserved in the field at 4°C. A LaCl3 solution is added to the sample aliquot, mixed and aspirated. The absorbance is measured spectrometrically at 422.7 nm, and compared to identically-prepared standard and blank solutions."
Ca-Tot,ICP-AES-Dgs,mg/l,Calcium - Total,Inductively Coupled Plasma (ICP) Method (Total Metals after Rigorous Digestion),Spectroscopy,SM 3120 B,APHA 2012,"Samples are preserved with 2 mL HNO3 per litre. Preconcentration by evaporation to near dryness with HNO3 or aqua regia (HNO3/HCl ratio v/v: 1to 3). Residue is taken up with HCl, and digested to near dryness, then brought to one-fifth or one-tenth original volume with deionized water. Digest is filtered through 0.4 um membrane"
Ca-Tot,VMV_2634,mg/l,Calcium - Total,Total metals by inductively coupled argon plasma emission spectrometry with external nebulizer.,Spectroscopy,VMV Method,VMV Method,
Ca-Tot,VMV_2960,mg/l,Calcium - Total,"Total metals in water by ""in bottle"" digestion are analyzed by ICP-MS/ICP-OES.",Spectroscopy,VMV Method,VMV Method,
Ca-Tot,VMV_3743,mg/l,Calcium - Total,Total major ions by microwave digestion and inductively coupled argon plasma emission spectroscopy,Spectroscopy,VMV Method,VMV Method,
Cd-Dis,0,µg/l,Cadmium - Dissolved,,,,,Undefined Analysis Method
Cd-Dis,FAAS-AAc-D,mg/l,Cadmium - Dissolved,Direct Air-Acetylene Flame Atomic Absorption Spectrometry,Spectroscopy,SM 3111 B,APHA 2012,"A sample is preserved in the field with EDTA/nitric acid. The sample aliquot is aspirated and the absorbance is measured spectrometrically and compared to identically-prepared standard and blank solutions, using an air-acetylene oxidizing flame."
Cd-Dis,FAAS-AAc-E,mg/l,Cadmium - Dissolved,Extraction/Air-Acetylene Flame Atomic Absorption Spectrometry,Spectroscopy,SM 3111 C,APHA 2012,"A sample is filtered in the field through a 0.45 µm membrane filter and preserved with nitric acid. The pH of the sample aliquot is adjusted to 4.75 with a buffer solution. Ammonium pyrrolidine dithiocarbonate (APDC) solution is added to the aliquot and then extracted with a methyl isobutyl ketone (MIBK) solution. The solvent layer (See Appendix 5) is aspirated at the wavelength of 228.8 nm and compared to identically-prepared standard and blank solutions, using an air-acetylene oxidizing flame."
Cd-Dis,ICP-AES,mg/l,Cadmium - Dissolved,Inductively Coupled Plasma (ICP) Method,Spectroscopy,SM 3120 B,APHA 2012,A sample is filtered in the field through a 0.45 µm membrane filter and preserved with nitric acid. The sample aliquot is aspirated and the emission is measured at 228.8 nm and compared with identically-prepared standard and blank solutions.
Cd-Dis,VMV_1920,µg/l,Cadmium - Dissolved,Dissolved metals with in-bottle digestion using inductively coupled plasma-sector field MS,Spectroscopy,VMV Method,VMV Method,
Cd-Dis,VMV_2632,mg/l,Cadmium - Dissolved,Dissolved metals by inductively coupled argon plasma emission spectrometry with external nebulizer,Spectroscopy,VMV Method,VMV Method,
Cd-Dis,VMV_2633,mg/l,Cadmium - Dissolved,Dissolved metals by ICP argon plasma emission spectrometry with standard spray chamber,Spectroscopy,VMV Method,VMV Method,
Cd-Dis,VMV_2725,µg/l,Cadmium - Dissolved,Dissolved metals are analyzed by ICP-AES,Spectroscopy,VMV Method,VMV Method,
Cd-Dis,VMV_2816,µg/l,Cadmium - Dissolved,Dissolved metals by inductively coupled argon plasma/mass spectrometer with pneumatic nebulization,Spectroscopy,VMV Method,VMV Method,
Cd-Dis,VMV_3007,µg/l,Cadmium - Dissolved,"Dissolved metals in water by ""in-bottle"" digestion are analyzed by ICP-MS/ICP-OES.",Spectroscopy,VMV Method,VMV Method,
Cd-Dis,VMV_3017,µg/l,Cadmium - Dissolved,Dissolved metals by inductively coupled argon plasma-mass spectrometry technique (ICP-MS).,Spectroscopy,VMV Method,VMV Method,
Cd-Dis,VMV_3529,µg/l,Cadmium - Dissolved,Dissolved metals by CRC-ICP-MS with in-bottle digestion and discrete sampling pneumatic nebulization,Spectroscopy,VMV Method,VMV Method,
Cd-Dis,VMV_3584,µg/l,Cadmium - Dissolved,Dissolved metals by CRC-ICP-MS and discrete sampling pneumatic nebulization,Spectroscopy,VMV Method,VMV Method,
Cd-Dis,VMV_3744,µg/l,Cadmium - Dissolved,Analysis of dissolved metals is done by inductively coupled argon plasma mass spectrometry (ICP-MS).,Spectroscopy,VMV Method,VMV Method,
Cd-Ext,FAAS-AAc-E,mg/l,Cadmium - Extractable,Extraction/Air-Acetylene Flame Atomic Absorption Spectrometry,Spectroscopy,SM 3111 C,APHA 2012,"The whole water sample is acidified with dilute mineral acid (0.2% HNO3), shaken, left to stand overnight. The pH of an aliquot of this solution is adjusted to 4.75 with a buffer solution. Ammonium pyrrolidine dithiocarbamate (APDC) solution is added to the aliquot, which is then extracted with methyl isobutyl ketone (MIBK). The absorbance is measured spectrophotometrically at a wavelength of 228.8 nm and compared with those of identically prepared standards. An acetylene-air oxidizing flame is used."
Cd-Ext,VMV_1917,µg/l,Cadmium - Extractable,Extractable metals with inductively coupled argon plasma-sector field mass spectrometer (ICP-SFMS),Spectroscopy,VMV Method,VMV Method,
Cd-Ext,VMV_2628,µg/l,Cadmium - Extractable,Extractable metals by inductively coupled argon plasma (ICAP) emission.,Spectroscopy,VMV Method,VMV Method,
Cd-Ext,VMV_2817,µg/l,Cadmium - Extractable,Extractable metals by inductively coupled argon plasma-mass spectrometry with pneumatic nebulization,Spectroscopy,VMV Method,VMV Method,
Cd-Ext,VMV_2841,µg/l,Cadmium - Extractable,Extractable elements in acid preserved samples are analyzed by ICP-MS.,Spectroscopy,VMV Method,VMV Method,
Cd-Ext,VMV_4070,µg/l,Cadmium - Extractable,Extractable metals by inductively coupled plasma-collision/reaction cell-mass spectrometry,Spectroscopy,VMV Method,VMV Method,
Cd-Sus,FAAS-AAc-D,µg/g,Cadmium - Suspended,Direct Air-Acetylene Flame Atomic Absorption Spectrometry,Spectroscopy,SM 3111 B,APHA 2012,"A sample is preserved in the field with EDTA/nitric acid. The sample aliquot is aspirated and the absorbance is measured spectrometrically and compared to identically-prepared standard and blank solutions, using an air-acetylene oxidizing flame."
Cd-Sus,VMV_3020,µg/g,Cadmium - Suspended,"Analysis of major, minor and trace metal elements in the particulate phase of natural waters VMV3020",Spectroscopy,VMV Method,VMV Method,
Cd-Tot,0,µg/l,Cadmium - Total,,,,,Undefined Analysis Method
Cd-Tot,FAAS-AAc-D,mg/l,Cadmium - Total,Direct Air-Acetylene Flame Atomic Absorption Spectrometry,Spectroscopy,SM 3111 B,APHA 2012,"A sample is preserved in the field with EDTA/nitric acid. The sample aliquot is aspirated and the absorbance is measured spectrometrically and compared to identically-prepared standard and blank solutions, using an air-acetylene oxidizing flame."
Cd-Tot,FAAS-AAc-E-NA,mg/l,Cadmium - Total,Extraction/Air-Acetylene Flame Atomic Absorption Spectrometry with HNO3 digestion,Spectroscopy,SM 3111 C,APHA 2012,"A sample is preserved in the field with nitric acid. The shaken sample aliquot is digested in nitric acid. The pH of the digest is adjusted to 4.75 with a buffer solution. Ammonium pyrrolidine dithiocarbonate (APDC) solution is added to the aliquot and then extracted with a methyl isobutyl ketone (MIBK). The solvent layer (See Appendix 5) is aspirated at the wavelength of 228.8 nm and compared with identically-prepared standard and blank solutions, using an air-acetylene oxidizing flame."
Cd-Tot,ICP-AES-Dgs,mg/l,Cadmium - Total,Inductively Coupled Plasma (ICP) Method (Total Metals after Rigorous Digestion),Spectroscopy,SM 3120 B,APHA 2012,A sample is preserved in the field with nitric acid. The shaken sample aliquot is digested in aqua regia and evaporated to near dryness. The residue is dissolved in concentrated HCl and diluted to one-fifth of the aliquot original volume. The emission is measured spectrometrically at 228.8 nm and compared with identically-prepared standard and blank solutions.
Cd-Tot,ICP-AES-Xtr,mg/l,Cadmium - Total,Inductively Coupled Plasma (ICP) Method (Extractable/Recoverable Metals),Spectroscopy,"SM 3120 B, 3030 C",APHA 2012,"A sample is preserved in the field with nitric acid. The shaken sample aliquot is digested in nitric acid or aqua regia, concentrated appropriately and aspirated from an autosampler. The emission is measured at 228.8 nm and compared to identically-prepared standard and blank solutions."
Cd-Tot,ICP-MS,mg/l,Cadmium - Total,Inductively-Coupled Plasma Mass Spectrometry,Spectroscopy,SM 3125 B,APHA 2012,"A sample is preserved in the field with nitric acid. The shaken sample aliquot is aspirated into an argon-based, high temperature radio frequency plasma. The sample is dissolved, atomised and ionised. These ions are extracted from the plasma through a vacuum interface and separated on the basis of their mass to charge ratio by a mass spectrometer. The ions are counted by an electron multiplier detector and the resulting information processed by a computer database system and compared to identically-prepared standard and blank solutions."
Cd-Tot,ICP-SFMS-CVD,mg/l,Cadmium - Total,Inductively-Coupled Plasma Sector Field Mass Spectrometry with Closed Vessel Digestion,Spectroscopy,SM 3125 B,APHA 2012,"Closed Vessel Digestion - The whole water sample is collected, preserved with 2% H2NO3, and stored in a HDPE or Teflon bottle. The sample is digested ""in-bottle"" in a convection oven at 60°C for 16 hours. The sample is cooled and introduced to an inductively coupled argon plasma-sector field mass spectrometer (ICP-SFMS) by pneumatic nebulization. Each respective element is measured at a specific mass to charge ratio, m/z value expressed in amu (atomic mass units), and at a specified instrument resolution. LR: Low Resolution ~ 300, MR: Mid Resolution ~ 4000 and HR : High Resolution ~ 10000"
Cd-Tot,VMV_1919,µg/l,Cadmium - Total,Total metals with in-bottle digestion and inductively coupled plasma-sector field mass spectrometer,Spectroscopy,VMV Method,VMV Method,
Cd-Tot,VMV_2459,µg/l,Cadmium - Total,Total recoverable metals with thermal digestion and inductively coupled plasma mass spectrometry,Spectroscopy,VMV Method,VMV Method,
Cd-Tot,VMV_2631,mg/l,Cadmium - Total,Total metals by inductively coupled argon plasma emission spectrometry with standard spray chamber,Spectroscopy,VMV Method,VMV Method,
Cd-Tot,VMV_2634,mg/l,Cadmium - Total,Total metals by inductively coupled argon plasma emission spectrometry with external nebulizer.,Spectroscopy,VMV Method,VMV Method,
Cd-Tot,VMV_2960,µg/l,Cadmium - Total,"Total metals in water by ""in bottle"" digestion are analyzed by ICP-MS/ICP-OES.",Spectroscopy,VMV Method,VMV Method,
Cd-Tot,VMV_3528,µg/l,Cadmium - Total,Total metals by CRC-ICP-MS with in-bottle digestion and discrete sampling pneumatic nebulization,Spectroscopy,VMV Method,VMV Method,
Cd-Tot,VMV_3583,µg/l,Cadmium - Total,Total metals by CRC-ICP-MS and discrete sampling pneumatic nebulization,Spectroscopy,VMV Method,VMV Method,
Cd-Tot,VMV_375,µg/l,Cadmium - Total,Total metals in water by ICP-MS,Spectroscopy,VMV Method,VMV Method,
Cd-Tot,VMV_4007,µg/l,Cadmium - Total,Total metals by inductively coupled plasma-mass spectrometry with in-bottle digestion,Spectroscopy,VMV Method,VMV Method,Total metals in water with in bottle digestion are analyzed by inductively coupled plasma - collision/reaction cell - mass spectrometry (ICP-CRC-MS).
Ce-Dis,VMV_1920,µg/l,Cerium - Dissolved,Dissolved metals with in-bottle digestion using inductively coupled plasma-sector field MS,Spectroscopy,VMV Method,VMV Method,
Ce-Dis,VMV_3007,µg/l,Cerium - Dissolved,"Dissolved metals in water by ""in-bottle"" digestion are analyzed by ICP-MS/ICP-OES.",Spectroscopy,VMV Method,VMV Method,
Ce-Dis,VMV_3529,µg/l,Cerium - Dissolved,Dissolved metals by CRC-ICP-MS with in-bottle digestion and discrete sampling pneumatic nebulization,Spectroscopy,VMV Method,VMV Method,
Ce-Dis,VMV_3584,µg/l,Cerium - Dissolved,Dissolved metals by CRC-ICP-MS and discrete sampling pneumatic nebulization,Spectroscopy,VMV Method,VMV Method,
Ce-Ext,VMV_1917,µg/l,Cerium - Extractable,Extractable metals with inductively coupled argon plasma-sector field mass spectrometer (ICP-SFMS),Spectroscopy,VMV Method,VMV Method,
Ce-Tot,VMV_1919,µg/l,Cerium - Total,Total metals with in-bottle digestion and inductively coupled plasma-sector field mass spectrometer,Spectroscopy,VMV Method,VMV Method,
Ce-Tot,VMV_3006,µg/l,Cerium - Total,"Total metals in water by ""in-bottle"" digestion are analyzed by ICP-MS/ICP-OES.",Spectroscopy,VMV Method,VMV Method,
Ce-Tot,VMV_3528,µg/l,Cerium - Total,Total metals by CRC-ICP-MS with in-bottle digestion and discrete sampling pneumatic nebulization,Spectroscopy,VMV Method,VMV Method,
Ce-Tot,VMV_3583,µg/l,Cerium - Total,Total metals by CRC-ICP-MS and discrete sampling pneumatic nebulization,Spectroscopy,VMV Method,VMV Method,
Chl-a,0,mg/l,Chlorophyll A,,,,,Undefined Analysis Method
Chl-a,COL-Tri-APHA1975,mg/l,Chlorophyll A,Spectrophotometric Determination of Clorophyll - Trichromatic Method (APHA 1975),Colorimetry,SM 1002 G 1,APHA 1975,"Filter 50 to 1000 mL of a thoroughly mixed water sample through a 0.45 µ membrane filter until just a few millilitres of sample remains. Add 1 to 2 mL saturated Mg CO3 solution and complete the filtration. Place the filter in a 15-mL screw-cap centrifuge tube, and add 10 mL of 90% acetone (v/v). Shake vigorously and incubate in the dark at 4ºC for 24 hours. Add 90% acetone (v/v) to make a total volume of 12 mL. Shake the sample, then centrifuge at 4000 rpm for 20 minutes to obtain a clear supernatant. Top up to 12 mL with 90% acetone (v/v). Decant the supernatant into a 5 cm path-length cell of a spectrophotometer. Measure the absorbance at wavelengths 750nm, 663nm, 645nm, and 630nm, after using 90% acetone (v/v) to set zero for each wavelength. Correct for turbidity by subtracting the absorbance reading at 750nm from the other 3 readings. The original sample size should be selected so as to give an absorbance at 663nm of 0.1 to 0.7 (ideally 0.3).
 Chlorophyll 'ALPHA' (µg/L) = ([11.64(A663) - 2.16(A645) + 0.10(A630)] x Volextract (mL))/Volsample (L) x light path (cm)
 where A is the corrected absorbance at a particular wavelength."
Chl-a,VMV_2564,µg/l,Chlorophyll A,Determination of chlorophyll A using a colourimetric method,Colorimetry,VMV Method,VMV Method,
Chl-a,VMV_492,µg/l,Chlorophyll A,Determination of chlorophyll-a and phaeopigments in water: Cold ethyl alcohol (95%) technique.,Colorimetry,VMV Method,VMV Method,
Cl-Dis,0,mg/l,Chloride - Dissolved,,,,,Undefined Analysis Method
Cl-Dis,COL-SCN-Auto,mg/l,Chloride - Dissolved,Automated Ferricyanide Method,Colorimetry,SM 4500-Cl-E,APHA 2012,"A sample is filtered in the field through a 0.45 µm membrane filter and preserved at 4°C. The method is based on the displacement of thiocyanate ion (SCN) from mercuric thiocyanate by chloride ion and the subsequent reaction of the liberated thiocyanate with ferric ion, from an acidified (nitric acid) ferric ammonium sulphate solution, forming a coloured complex with ferric thiocyanate. This colour is proportional to the original chloride concentration and is measured spectrometrically at 480 nm. The sample is compared to identically-prepared standard and blank solutions."
Cl-Dis,Cl-IC-IE,mg/l,Chloride - Dissolved,Ion Exchange,Chromatography,,,"A sample is filtered in the field through a 0.45 µm membrane filter and preserved at 4°C. The sample aliquot is split in two fractions, each being passed through an ion exchange column. In Column 1, a strong acid cation resin exchanges the sample aliquot cations for H ions. The H ion concentration in the effluent is equivalent to Cl + SO4 ion concentrations and is measured by conductivity. Column 2 contains a two-step resin bed. In the first stage, the sample aliquot cations are exchanged for Ag ions to precipitate the Cl ions as AgCl. In the second stage, the Ag ions are exchanged for H ions. The resulting effluent is identical to that of Column 1 except that HCl has been removed. Thus the H ions concentration, measured by conductivity, in the effluent from Column 2 is equivalent to SO4 ions concentration. The difference in H ion concentration is calculated by subtracting Column 2 from Column 1 and is equivalent to Cl ion concentration. The conductance measurements are compared to identically-prepared standard and blank solutions.
 Interference: Corrections must be made when NO3, PO4 and F- ions are present in significant amounts.
 At 10 mg/L Cl ions level the standard deviation was 0.15 mg/L.
 The method detection limit is 1.0 mg/L"
Cl-Dis,Cl-ISE,mg/l,Chloride - Dissolved,Specific Ion Electrode,Electrochemical Analysis,,,"A sample is filtered in the field through a 0.45 µm membrane filter and preserved at 4°C. The sample aliquot is mixed with an ionic strength adjustor and read on a calibrated specific ion meter. The sample aliquot is consistently and slowly stirred and the Cl ion concentration is read at the same temperature as the standard solutions (a difference of 1°C will result in a 2% error) and compared to identically-prepared standard and blank solutions (the electrode should be calibrated hourly to ensure reproducibility).
 Interference: Temperature differences between sample aliquot and standard solutions must be carefully controlled.
 A surface layer of silver may be formed by reducing salts when the electrode needs to be polished. Mercury must be absent, and complexing chloride agents reduce the chloride concentration, as only free ions are measured.
 The method detection limit is 1.0 mg/L."
Cl-Dis,IC-CSC,mg/l,Chloride - Dissolved,"Determination of dissolved Li+, Na+, NH4+, K+, Mn2+, Ca2+, Mg2+, Sr2+ and Ba2+ by ion chromatography",Chromatography,EN 14911,ISO 1999,"A sample is filtered in the field through a 0.45 µm membrane filter and preserved at 4°C. The sample aliquot is injected into an eluent stream, passed through separator and suppressor columns packed with low capacity anion exchange resin. The chloride is separated, based on its affinity for the exchange sites, and the background conductivity of the eluent is reduced to a negligible level by being converted to its acid form. The concentration is measured by conductivity and identified by its retention time. The sample is compared to identically-prepared standard and blank solutions. Interferences from ions with similar retention time and large concentration of an adjacent anion are usually removed by dilution; particulate matter can clog the separator column, causing sluggish instrument performance."
Cl-Dis,T-COL-AgNO3,mg/l,Chloride - Dissolved,Argentometric Method,Titration,SM 4500-Cl-B,APHA 1998,"A sample is filtered in the field through a 0.45 µm membrane filter and preserved at 4°C. If a sample aliquot is highly coloured, add Al(OH)3 suspension, mix, let settle and filter; if sulphide, sulphite or thiosulphate is present, add H2O2 and stir for one minute. The pH of the sample should be between 7 and 10 (if not, adjust with diluted sulphuric acid or sodium hydroxide). Titrate with a standardised silver nitrate solution, using potassium chromate (See Appendix 8) as an indicator, to a pinkish yellow end point and compare to identically-prepared standard and blank solutions. Interference: Bromide, cyanide and iodide interfere as equivalent chloride concentrations; soluble reactive phosphorus in excess of 25 mg/L precipitates as silver phosphate; iron greater than 10 mg/L masks the end point. Calculation: mg/L Cl = (A - B) x N x 35.450/mL sample."
Cl-Dis,T-COL-Hg-NO3-2,mg/l,Chloride - Dissolved,Mercuric Nitrate Method,Titration,SM 4500-Cl-C,APHA 2012,"A sample is filtered in the field through a 0.45 µm membrane filter and preserved at 4°C. If the total alkalinity of the sample aliquot is < 150 mg/L, add a diphenylcarbazone-acidifier indicator (see Appendix 8) and 10 mg of sodium bicarbonate to bring the pH to 2.5 ± 0.1 (error of about 1% per 0.1 pH unit change) and titrate with a standardized mercuric nitrate solution to a blue colour end-point. The measurements are then compared to identically-prepared standard and blank solutions. For high chloride concentrations, dilute the sample aliquot (use no more than 5 mL of titrant), add 0.5 mL of mixed indicator (See Appendix 8) and agitate (the colour should be purple). Add 0.1 N nitric acid dropwise until colour turns to yellow and titrate with standardized mercuric nitrate to the first permanent dark purple colour. The measurements are then compared to identically-prepared standard and blank solutions. Interference: Bromide and iodide are also titrated with mercuric chloride; chromate, ferric and sulphite ions interfere if the concentration is greater than 10 mg/L"
Cl-Dis,VMV_1960,mg/l,Chloride - Dissolved,Analysis of anions by ionic chromatography VMV 1960,Chromatography,VMV Method,VMV Method,
Cl-Dis,VMV_3303,mg/l,Chloride - Dissolved,Anions are determined by ion chromatography.,Chromatography,VMV Method,VMV Method,
Cl-Dis,VMV_3560,mg/l,Chloride - Dissolved,Dissolved ions are determined by ion chromatography with a hydroxide eluent.,Chromatography,VMV Method,VMV Method,
Cl-Dis,VMV_426,mg/l,Chloride - Dissolved,"Chloride - automated ferric thiocynate method. Based off of SM 4500 Cl-G, 22nd Edition.",Colorimetry,VMV Method,VMV Method,
Cl-Dis,VMV_562,mg/l,Chloride - Dissolved,Determination of major ions (cations and anions) by ion chromatography,Chromatography,VMV Method,VMV Method,
Cl-Dis,VMV_617,mg/l,Chloride - Dissolved,Ions by ion exchange chromatography,Chromatography,VMV Method,VMV Method,
Cl-Dis,VMV_630,mg/l,Chloride - Dissolved,Dissolved chloride by colourimetry on an autoanalyzer using ferric nitrate and mercury thiocyanate,Colorimetry,VMV Method,VMV Method,
Cl-Tot,0,mg/l,Chloride - Total,,,,,Undefined Analysis Method
Cl-Tot,VMV_1891,mg/l,Chloride - Total,Ions in water by ion chromatography,Chromatography,VMV Method,VMV Method,
Cl-Tot,VMV_1922,mg/l,Chloride - Total,"Ions by ion chromatography, unfiltered sample",Chromatography,VMV Method,VMV Method,
Cl-Tot,VMV_3561,mg/l,Chloride - Total,Unfiltered decanted ions are determined by ion chromatography with a hydroxide eluent.,Chromatography,VMV Method,VMV Method,
Co-Dis,0,mg/l,Cobalt - Dissolved,,,,,Undefined Analysis Method
Co-Dis,VMV_1920,µg/l,Cobalt - Dissolved,Dissolved metals with in-bottle digestion using inductively coupled plasma-sector field MS,Spectroscopy,VMV Method,VMV Method,
Co-Dis,VMV_2632,mg/l,Cobalt - Dissolved,Dissolved metals by inductively coupled argon plasma emission spectrometry with external nebulizer,Spectroscopy,VMV Method,VMV Method,
Co-Dis,VMV_2633,mg/l,Cobalt - Dissolved,Dissolved metals by ICP argon plasma emission spectrometry with standard spray chamber,Spectroscopy,VMV Method,VMV Method,
Co-Dis,VMV_2725,µg/l,Cobalt - Dissolved,Dissolved metals are analyzed by ICP-AES,Spectroscopy,VMV Method,VMV Method,
Co-Dis,VMV_2816,µg/l,Cobalt - Dissolved,Dissolved metals by inductively coupled argon plasma/mass spectrometer with pneumatic nebulization,Spectroscopy,VMV Method,VMV Method,
Co-Dis,VMV_3007,µg/l,Cobalt - Dissolved,"Dissolved metals in water by ""in-bottle"" digestion are analyzed by ICP-MS/ICP-OES.",Spectroscopy,VMV Method,VMV Method,
Co-Dis,VMV_3017,µg/l,Cobalt - Dissolved,Dissolved metals by inductively coupled argon plasma-mass spectrometry technique (ICP-MS).,Spectroscopy,VMV Method,VMV Method,
Co-Dis,VMV_3529,µg/l,Cobalt - Dissolved,Dissolved metals by CRC-ICP-MS with in-bottle digestion and discrete sampling pneumatic nebulization,Spectroscopy,VMV Method,VMV Method,
Co-Dis,VMV_3584,µg/l,Cobalt - Dissolved,Dissolved metals by CRC-ICP-MS and discrete sampling pneumatic nebulization,Spectroscopy,VMV Method,VMV Method,
Co-Dis,VMV_3744,µg/l,Cobalt - Dissolved,Analysis of dissolved metals is done by inductively coupled argon plasma mass spectrometry (ICP-MS).,Spectroscopy,VMV Method,VMV Method,
Co-Ext,FAAS-AAc-E,mg/l,Cobalt - Extractable,Extraction/Air-Acetylene Flame Atomic Absorption Spectrometry,Spectroscopy,SM 3111 C,APHA 2012,"The whole water sample is acidified with dilute mineral acid (0.2% HNO3), shaken, left to stand overnight. The pH of an aliquot of this solution is adjusted to 4.75 with a buffer solution. Ammonium pyrrolidine dithiocarbamate (APDC) solution is added to the aliquot, which is then extracted with methyl isobutyl ketone (MIBK). The absorbance is measured spectrophotometrically at a wavelength of 240.7 nm and compared with those of identically prepared standards. An acetylene-air oxidizing flame is used."
Co-Ext,VMV_1917,µg/l,Cobalt - Extractable,Extractable metals with inductively coupled argon plasma-sector field mass spectrometer (ICP-SFMS),Spectroscopy,VMV Method,VMV Method,
Co-Ext,VMV_2628,µg/l,Cobalt - Extractable,Extractable metals by inductively coupled argon plasma (ICAP) emission.,Spectroscopy,VMV Method,VMV Method,
Co-Ext,VMV_2817,µg/l,Cobalt - Extractable,Extractable metals by inductively coupled argon plasma-mass spectrometry with pneumatic nebulization,Spectroscopy,VMV Method,VMV Method,
Co-Ext,VMV_2841,µg/l,Cobalt - Extractable,Extractable elements in acid preserved samples are analyzed by ICP-MS.,Spectroscopy,VMV Method,VMV Method,
Co-Ext,VMV_4070,µg/l,Cobalt - Extractable,Extractable metals by inductively coupled plasma-collision/reaction cell-mass spectrometry,Spectroscopy,VMV Method,VMV Method,
Co-Sus,VMV_3020,µg/g,Cobalt - Suspended,"Analysis of major, minor and trace metal elements in the particulate phase of natural waters VMV3020",Spectroscopy,VMV Method,VMV Method,
Co-Tot,0,mg/l,Cobalt - Total,,,,,Undefined Analysis Method
Co-Tot,ICP-AES-Dgs,mg/l,Cobalt - Total,Inductively Coupled Plasma (ICP) Method (Total Metals after Rigorous Digestion),Spectroscopy,SM 3120 B,APHA 2012,"Inductively Coupled Plasma, by Optical Emission Spectrometry (ICP-OES) with open vessel rigorous digestion to near dryness. ICP 1503 (See Appendix 3).
 Preconcentration by evaporation to near dryness with HNO3 or aqua regia (HNO3/HCl ratio v/v: 1to 3). Residue is taken up with HCl, and digested to near dryness, then brought to one-fifth or one-tenth original volume with deionized water. Digest is filtered through 0.4 um membrane before analysis."
Co-Tot,ICP-AES-Xtr,mg/l,Cobalt - Total,Inductively Coupled Plasma (ICP) Method (Extractable/Recoverable Metals),Spectroscopy,"SM 3120 B, 3030 C",APHA 2012,"A sample is preserved in the field with nitric acid. The sample aliquot is digested in nitric acid or aqua regia, concentrated appropriately, and aspirated from an autosampler. The emission is measured at 228.6 nm and compared to identically-prepared standard and blank solutions."
Co-Tot,ICP-SFMS-CVD,mg/l,Cobalt - Total,Inductively-Coupled Plasma Sector Field Mass Spectrometry with Closed Vessel Digestion,Spectroscopy,SM 3125 B,APHA 2012,"Closed Vessel Digestion - The whole water sample is collected, preserved with 2% H2NO3, and stored in a HDPE or Teflon bottle. The sample is digested ""in-bottle"" in a convection oven at 60°C for 16 hours. The sample is cooled and introduced to an inductively coupled argon plasma-sector field mass spectrometer (ICP-SFMS) by pneumatic nebulization. Each respective element is measured at a specific mass to charge ratio, m/z value expressed in amu (atomic mass units), and at a specified instrument resolution. LR: Low Resolution ~ 300, MR: Mid Resolution ~ 4000 and HR : High Resolution ~ 10000"
Co-Tot,VMV_1919,µg/l,Cobalt - Total,Total metals with in-bottle digestion and inductively coupled plasma-sector field mass spectrometer,Spectroscopy,VMV Method,VMV Method,
Co-Tot,VMV_2459,µg/l,Cobalt - Total,Total recoverable metals with thermal digestion and inductively coupled plasma mass spectrometry,Spectroscopy,VMV Method,VMV Method,
Co-Tot,VMV_2631,mg/l,Cobalt - Total,Total metals by inductively coupled argon plasma emission spectrometry with standard spray chamber,Spectroscopy,VMV Method,VMV Method,
Co-Tot,VMV_2634,mg/l,Cobalt - Total,Total metals by inductively coupled argon plasma emission spectrometry with external nebulizer.,Spectroscopy,VMV Method,VMV Method,
Co-Tot,VMV_2960,µg/l,Cobalt - Total,"Total metals in water by ""in bottle"" digestion are analyzed by ICP-MS/ICP-OES.",Spectroscopy,VMV Method,VMV Method,
Co-Tot,VMV_3528,µg/l,Cobalt - Total,Total metals by CRC-ICP-MS with in-bottle digestion and discrete sampling pneumatic nebulization,Spectroscopy,VMV Method,VMV Method,
Co-Tot,VMV_3583,µg/l,Cobalt - Total,Total metals by CRC-ICP-MS and discrete sampling pneumatic nebulization,Spectroscopy,VMV Method,VMV Method,
Co-Tot,VMV_375,µg/l,Cobalt - Total,Total metals in water by ICP-MS,Spectroscopy,VMV Method,VMV Method,
Co-Tot,VMV_4007,µg/l,Cobalt - Total,Total metals by inductively coupled plasma-mass spectrometry with in-bottle digestion,Spectroscopy,VMV Method,VMV Method,Total metals in water with in bottle digestion are analyzed by inductively coupled plasma - collision/reaction cell - mass spectrometry (ICP-CRC-MS).
Cr-Dis,0,mg/l,Chromium - Dissolved,,,,,Undefined Analysis Method
Cr-Dis,FAAS-AAc-D,mg/l,Chromium - Dissolved,Direct Air-Acetylene Flame Atomic Absorption Spectrometry,Spectroscopy,SM 3111 B,APHA 2012,"A sample is filtered in the field through a 0.45 µm membrane filter and preserved with 0.2% nitric acid. To the sample aliquot, add bromine water and warm on a water bath until the colour disappears. The absorbance is then measured spectrometrically at 358.0 nm and the concentration is compared to identically-prepared standard and blank solutions, using air-acetylene oxidising flame."
Cr-Dis,ICP-AES,mg/l,Chromium - Dissolved,Inductively Coupled Plasma (ICP) Method,Spectroscopy,SM 3120 B,APHA 2012,The sample is filtered in the field through a 0.45 µm membrane filter and preserved with nitric acid. The sample aliquot is aspirated and the emission is measured at 267.7 nm and compared to identically-prepared standard and blank solutions.
Cr-Dis,ICP-MS,mg/l,Chromium - Dissolved,Inductively-Coupled Plasma Mass Spectrometry,Spectroscopy,SM 3125 B,APHA 2012,"The sample is filtered in the field through a 0.45 µm membrane filter and preserved with nitric acid. The sample aliquot is aspirated into an argon-based, high temperature radio frequency plasma. The sample is dissolved, atomised and ionised. These ions are extracted from the plasma through a vacuum interface and separated on the basis of their mass to charge ratio by a mass spectrometer. The ions are counted by an electron multiplier detector and the resulting information processed by a computer database system and compared to identically-prepared standard and blank solutions."
Cr-Dis,VMV_1920,µg/l,Chromium - Dissolved,Dissolved metals with in-bottle digestion using inductively coupled plasma-sector field MS,Spectroscopy,VMV Method,VMV Method,
Cr-Dis,VMV_2632,mg/l,Chromium - Dissolved,Dissolved metals by inductively coupled argon plasma emission spectrometry with external nebulizer,Spectroscopy,VMV Method,VMV Method,
Cr-Dis,VMV_2633,mg/l,Chromium - Dissolved,Dissolved metals by ICP argon plasma emission spectrometry with standard spray chamber,Spectroscopy,VMV Method,VMV Method,
Cr-Dis,VMV_2725,mg/l,Chromium - Dissolved,Dissolved metals are analyzed by ICP-AES,Spectroscopy,VMV Method,VMV Method,
Cr-Dis,VMV_2816,µg/l,Chromium - Dissolved,Dissolved metals by inductively coupled argon plasma/mass spectrometer with pneumatic nebulization,Spectroscopy,VMV Method,VMV Method,
Cr-Dis,VMV_3007,µg/l,Chromium - Dissolved,"Dissolved metals in water by ""in-bottle"" digestion are analyzed by ICP-MS/ICP-OES.",Spectroscopy,VMV Method,VMV Method,
Cr-Dis,VMV_3017,µg/l,Chromium - Dissolved,Dissolved metals by inductively coupled argon plasma-mass spectrometry technique (ICP-MS).,Spectroscopy,VMV Method,VMV Method,
Cr-Dis,VMV_3529,µg/l,Chromium - Dissolved,Dissolved metals by CRC-ICP-MS with in-bottle digestion and discrete sampling pneumatic nebulization,Spectroscopy,VMV Method,VMV Method,
Cr-Dis,VMV_3584,µg/l,Chromium - Dissolved,Dissolved metals by CRC-ICP-MS and discrete sampling pneumatic nebulization,Spectroscopy,VMV Method,VMV Method,
Cr-Dis,VMV_3744,µg/l,Chromium - Dissolved,Analysis of dissolved metals is done by inductively coupled argon plasma mass spectrometry (ICP-MS).,Spectroscopy,VMV Method,VMV Method,
Cr-Ext,FAAS-AAc-E,mg/l,Chromium - Extractable,Extraction/Air-Acetylene Flame Atomic Absorption Spectrometry,Spectroscopy,SM 3111 C,APHA 2012,"The whole water sample is acidified with dilute mineral acid, shaken, and left overnight. The pH of the solution is adjusted to 1.6. Br2 water is added, and the solution warmed until the Br2 colour vanishes. The pH of the solution is then adjusted to 3.5 with a buffer solution. Ammonium pyrrolidine dithiocarbamate (APDC) solution is added, and the complex extracted with methyl isobutyl ketone (MIBK). The solvent layer is directly aspirated into the AAS. The absorbance is measured spectrophotometrically at 358.0 nm and compared with those of identically prepared standard Cr2O7 ion solutions using an acetylene-air reducing flame."
Cr-Ext,VMV_1917,µg/l,Chromium - Extractable,Extractable metals with inductively coupled argon plasma-sector field mass spectrometer (ICP-SFMS),Spectroscopy,VMV Method,VMV Method,
Cr-Ext,VMV_2628,µg/l,Chromium - Extractable,Extractable metals by inductively coupled argon plasma (ICAP) emission.,Spectroscopy,VMV Method,VMV Method,
Cr-Ext,VMV_2817,µg/l,Chromium - Extractable,Extractable metals by inductively coupled argon plasma-mass spectrometry with pneumatic nebulization,Spectroscopy,VMV Method,VMV Method,
Cr-Ext,VMV_2841,µg/l,Chromium - Extractable,Extractable elements in acid preserved samples are analyzed by ICP-MS.,Spectroscopy,VMV Method,VMV Method,
Cr-Ext,VMV_4070,µg/l,Chromium - Extractable,Extractable metals by inductively coupled plasma-collision/reaction cell-mass spectrometry,Spectroscopy,VMV Method,VMV Method,
Cr-Sus,FAAS-AAc-D-NA,µg/g,Chromium - Suspended,Direct Air-Acetylene Flame Atomic Absorption Spectrometry with HNO3 Digestion,Spectroscopy,SM 3111 B,APHA 2012,"A measured sample volume is passed through a 0.45 µm membrane filter. The filter, containing the residue, is digested with nitric acid at a pH of 1.6. The solution is aspirated and the absorbance is measured spectrometrically at 358.0 nm and compared to identically-prepared standard and blank solutions, using a C2H2-air reducing flame."
Cr-Tot,0,mg/l,Chromium - Total,,,,,Undefined Analysis Method
Cr-Tot,FAAS-AAc-D-NA,mg/l,Chromium - Total,Direct Air-Acetylene Flame Atomic Absorption Spectrometry with HNO3 Digestion,Spectroscopy,SM 3111 B,APHA 2012,"A sample is preserved in the field with nitric acid. Digest the sample aliquot at pH of 1.6 (usual pH if sample is preserved with 0.2% nitric acid) with nitric acid then add bromine water to the sample aliquot and warm on water bath until the colour disappears. The sample aliquot is aspirated and the absorbance is measured at a wavelength of 358.0 nm and compared to identically-prepared chromium standard and blank solutions, using a C2H2-air reducing flame."
Cr-Tot,ICP-AES-Dgs,mg/l,Chromium - Total,Inductively Coupled Plasma (ICP) Method (Total Metals after Rigorous Digestion),Spectroscopy,SM 3120 B,APHA 2012,A sample is preserved in the field with diluted mineral acid. The sample aliquot is digested with aqua regia and evaporated to near dryness. The residue is dissolved in concentrated HCl and diluted to one-fifth of the aliquot original volume. The emission is measured spectrometrically at 267.7 nm and compared to identically-prepared standard and blank solutions.
Cr-Tot,ICP-AES-Xtr,mg/l,Chromium - Total,Inductively Coupled Plasma (ICP) Method (Extractable/Recoverable Metals),Spectroscopy,"SM 3120 B, 3030 C",APHA 2012,"A sample is preserved in the field with nitric acid. The sample aliquot is digested with concentrated nitric acid or aqua regia, concentrated appropriately and aspirated from an autosampler. The emission is measured at 267.7 nm and compared to identically-prepared standard and blank solutions."
Cr-Tot,ICP-MS,mg/l,Chromium - Total,Inductively-Coupled Plasma Mass Spectrometry,Spectroscopy,SM 3125 B,APHA 2012,"The sample is preserved in the field with nitric acid. The sample is aspirated into an argon-based, high temperature radio frequency plasma. The sample is dissolved, atomised and ionised. These ions are extracted from the plasma through a vacuum interface and separated on the basis of their mass to charge ratio by a mass spectrometer. The ions are counted by an electron multiplier detector and the resulting information processed by a computer database system and compared to identically-prepared standard and blank solutions."
Cr-Tot,ICP-SFMS-CVD,mg/l,Chromium - Total,Inductively-Coupled Plasma Sector Field Mass Spectrometry with Closed Vessel Digestion,Spectroscopy,SM 3125 B,APHA 2012,"Closed Vessel Digestion - The whole water sample is collected, preserved with 2% H2NO3, and stored in a HDPE or Teflon bottle. The sample is digested ""in-bottle"" in a convection oven at 60°C for 16 hours. The sample is cooled and introduced to an inductively coupled argon plasma-sector field mass spectrometer (ICP-SFMS) by pneumatic nebulization. Each respective element is measured at a specific mass to charge ratio, m/z value expressed in amu (atomic mass units), and at a specified instrument resolution. LR: Low Resolution ~ 300, MR: Mid Resolution ~ 4000 and HR : High Resolution ~ 10000"
Cr-Tot,VMV_1919,µg/l,Chromium - Total,Total metals with in-bottle digestion and inductively coupled plasma-sector field mass spectrometer,Spectroscopy,VMV Method,VMV Method,
Cr-Tot,VMV_2459,µg/l,Chromium - Total,Total recoverable metals with thermal digestion and inductively coupled plasma mass spectrometry,Spectroscopy,VMV Method,VMV Method,
Cr-Tot,VMV_2631,mg/l,Chromium - Total,Total metals by inductively coupled argon plasma emission spectrometry with standard spray chamber,Spectroscopy,VMV Method,VMV Method,
Cr-Tot,VMV_2634,mg/l,Chromium - Total,Total metals by inductively coupled argon plasma emission spectrometry with external nebulizer.,Spectroscopy,VMV Method,VMV Method,
Cr-Tot,VMV_2960,µg/l,Chromium - Total,"Total metals in water by ""in bottle"" digestion are analyzed by ICP-MS/ICP-OES.",Spectroscopy,VMV Method,VMV Method,
Cr-Tot,VMV_3528,µg/l,Chromium - Total,Total metals by CRC-ICP-MS with in-bottle digestion and discrete sampling pneumatic nebulization,Spectroscopy,VMV Method,VMV Method,
Cr-Tot,VMV_3583,µg/l,Chromium - Total,Total metals by CRC-ICP-MS and discrete sampling pneumatic nebulization,Spectroscopy,VMV Method,VMV Method,
Cr-Tot,VMV_375,µg/l,Chromium - Total,Total metals in water by ICP-MS,Spectroscopy,VMV Method,VMV Method,
Cr-Tot,VMV_4007,µg/l,Chromium - Total,Total metals by inductively coupled plasma-mass spectrometry with in-bottle digestion,Spectroscopy,VMV Method,VMV Method,Total metals in water with in bottle digestion are analyzed by inductively coupled plasma - collision/reaction cell - mass spectrometry (ICP-CRC-MS).
Cr-VI,0,mg/l,Chromium - Hexavalent,,,,,Undefined Analysis Method
Cs-Dis,VMV_1920,µg/l,Caesium - Dissolved,Dissolved metals with in-bottle digestion using inductively coupled plasma-sector field MS,Spectroscopy,VMV Method,VMV Method,
Cs-Dis,VMV_3007,µg/l,Caesium - Dissolved,"Dissolved metals in water by ""in-bottle"" digestion are analyzed by ICP-MS/ICP-OES.",Spectroscopy,VMV Method,VMV Method,
Cs-Dis,VMV_3529,µg/l,Caesium - Dissolved,Dissolved metals by CRC-ICP-MS with in-bottle digestion and discrete sampling pneumatic nebulization,Spectroscopy,VMV Method,VMV Method,
Cs-Dis,VMV_3584,µg/l,Caesium - Dissolved,Dissolved metals by CRC-ICP-MS and discrete sampling pneumatic nebulization,Spectroscopy,VMV Method,VMV Method,
Cs-Ext,VMV_1917,µg/l,Caesium - Extractable,Extractable metals with inductively coupled argon plasma-sector field mass spectrometer (ICP-SFMS),Spectroscopy,VMV Method,VMV Method,
Cs-Tot,VMV_1919,µg/l,Caesium - Total,Total metals with in-bottle digestion and inductively coupled plasma-sector field mass spectrometer,Spectroscopy,VMV Method,VMV Method,
Cs-Tot,VMV_3006,µg/l,Caesium - Total,"Total metals in water by ""in-bottle"" digestion are analyzed by ICP-MS/ICP-OES.",Spectroscopy,VMV Method,VMV Method,
Cs-Tot,VMV_3528,µg/l,Caesium - Total,Total metals by CRC-ICP-MS with in-bottle digestion and discrete sampling pneumatic nebulization,Spectroscopy,VMV Method,VMV Method,
Cs-Tot,VMV_3583,µg/l,Caesium - Total,Total metals by CRC-ICP-MS and discrete sampling pneumatic nebulization,Spectroscopy,VMV Method,VMV Method,
Cu-Dis,0,mg/l,Copper - Dissolved,,,,,Undefined Analysis Method
Cu-Dis,FAAS-AAc-D,mg/l,Copper - Dissolved,Direct Air-Acetylene Flame Atomic Absorption Spectrometry,Spectroscopy,SM 3111 B,APHA 2012,"A sample is filtered in the field through a 0.45 µm membrane filter and preserved with nitric acid. The sample aliquot is aspirated and the absorbance is measured spectrometrically at 324.7 nm and compared to identically-prepared standard and blank solutions, using an air-acetylene oxidizing flame."
Cu-Dis,FAAS-AAc-E,mg/l,Copper - Dissolved,Extraction/Air-Acetylene Flame Atomic Absorption Spectrometry,Spectroscopy,SM 3111 C,APHA 2012,"A sample is filtered in the field through a 0.45 µm membrane filter and preserved with nitric acid. The pH of the sample aliquot is adjusted to 4.75 with a buffer solution. Ammonium pyrrolidine dithiocarbamate (APDC) solution is added to the aliquot then extracted with a methyl isobutyl ketone (MIBK) solution. The solvent layer (See Appendix 2) is aspirated at the wavelength of 324.7 nm and compared to identically-prepared standard and blank solutions, using an air-acetylene oxidizing flame."
Cu-Dis,ICP-AES,mg/l,Copper - Dissolved,Inductively Coupled Plasma (ICP) Method,Spectroscopy,SM 3120 B,APHA 2012,A sample is filtered in the field through a 0.45 µm filter paper and preserved with nitric acid. The sample aliquot is aspirated and the emission is measured at 324.7 nm and compared to identically-prepared standard and blank solutions.
Cu-Dis,ICP-MS,mg/l,Copper - Dissolved,Inductively-Coupled Plasma Mass Spectrometry,Spectroscopy,SM 3125 B,APHA 2012,"A sample is filtered in the field through a 0.45 µm membrane filter and preserved with nitric acid. A sample aliquot is aspirated into an argon-based, high temperature radio frequency plasma. The sample is dissolved, atomised and ionised. These ions are extracted from the plasma through a vacuum interface and separated on the basis of their mass to charge ratio by a mass spectrometer. The ions are counted by an electron multiplier detector and the resulting information processed by a computer database system and compared to identically-prepared standard and blank solutions."
Cu-Dis,VMV_1920,µg/l,Copper - Dissolved,Dissolved metals with in-bottle digestion using inductively coupled plasma-sector field MS,Spectroscopy,VMV Method,VMV Method,
Cu-Dis,VMV_2632,mg/l,Copper - Dissolved,Dissolved metals by inductively coupled argon plasma emission spectrometry with external nebulizer,Spectroscopy,VMV Method,VMV Method,
Cu-Dis,VMV_2633,mg/l,Copper - Dissolved,Dissolved metals by ICP argon plasma emission spectrometry with standard spray chamber,Spectroscopy,VMV Method,VMV Method,
Cu-Dis,VMV_2725,µg/l,Copper - Dissolved,Dissolved metals are analyzed by ICP-AES,Spectroscopy,VMV Method,VMV Method,
Cu-Dis,VMV_2816,µg/l,Copper - Dissolved,Dissolved metals by inductively coupled argon plasma/mass spectrometer with pneumatic nebulization,Spectroscopy,VMV Method,VMV Method,
Cu-Dis,VMV_3007,µg/l,Copper - Dissolved,"Dissolved metals in water by ""in-bottle"" digestion are analyzed by ICP-MS/ICP-OES.",Spectroscopy,VMV Method,VMV Method,
Cu-Dis,VMV_3017,µg/l,Copper - Dissolved,Dissolved metals by inductively coupled argon plasma-mass spectrometry technique (ICP-MS).,Spectroscopy,VMV Method,VMV Method,
Cu-Dis,VMV_3529,µg/l,Copper - Dissolved,Dissolved metals by CRC-ICP-MS with in-bottle digestion and discrete sampling pneumatic nebulization,Spectroscopy,VMV Method,VMV Method,
Cu-Dis,VMV_3584,µg/l,Copper - Dissolved,Dissolved metals by CRC-ICP-MS and discrete sampling pneumatic nebulization,Spectroscopy,VMV Method,VMV Method,
Cu-Dis,VMV_3744,µg/l,Copper - Dissolved,Analysis of dissolved metals is done by inductively coupled argon plasma mass spectrometry (ICP-MS).,Spectroscopy,VMV Method,VMV Method,
Cu-Ext,FAAS-AAc-D,mg/l,Copper - Extractable,Direct Air-Acetylene Flame Atomic Absorption Spectrometry,Spectroscopy,SM 3111 B,APHA 2012,"The whole water sample is acidified with dilute mineral acid (0.2% HNO3), shaken, left to stand overnight and analyzed by direct aspiration AAS. The absorbance is measured spectrophotometrically at wavelength 324.7 nm, and compared with those of standard solutions."
Cu-Ext,FAAS-AAc-E,mg/l,Copper - Extractable,Extraction/Air-Acetylene Flame Atomic Absorption Spectrometry,Spectroscopy,SM 3111 C,APHA 2012,"The whole water sample is acidified with dilute mineral acid (0.2% HNO3), shaken, left to stand overnight. The pH of an aliquot of this solution is adjusted to 4.75 with a buffer solution. Ammonium pyrrolidine dithiocarbamate (APDC) solution is added to the aliquot, which is then extracted with methyl isobutyl ketone (MIBK). The absorbance is measured spectrophotometrically at a wavelength of 324.7 nm and compared with those of identically prepared standards. An acetylene-air oxidizing flame is used."
Cu-Ext,VMV_1917,µg/l,Copper - Extractable,Extractable metals with inductively coupled argon plasma-sector field mass spectrometer (ICP-SFMS),Spectroscopy,VMV Method,VMV Method,
Cu-Ext,VMV_2628,µg/l,Copper - Extractable,Extractable metals by inductively coupled argon plasma (ICAP) emission.,Spectroscopy,VMV Method,VMV Method,
Cu-Ext,VMV_2817,µg/l,Copper - Extractable,Extractable metals by inductively coupled argon plasma-mass spectrometry with pneumatic nebulization,Spectroscopy,VMV Method,VMV Method,
Cu-Ext,VMV_2841,µg/l,Copper - Extractable,Extractable elements in acid preserved samples are analyzed by ICP-MS.,Spectroscopy,VMV Method,VMV Method,
Cu-Ext,VMV_4070,µg/l,Copper - Extractable,Extractable metals by inductively coupled plasma-collision/reaction cell-mass spectrometry,Spectroscopy,VMV Method,VMV Method,
Cu-Sus,FAAS-AAc-D-NA,µg/g,Copper - Suspended,Direct Air-Acetylene Flame Atomic Absorption Spectrometry with HNO3 Digestion,Spectroscopy,SM 3111 B,APHA 2012,"A sample is filtered in the field through a 0.45 µ membrane filter. The filter, containing the residue, is digested in nitric acid. The resulting solution is then aspirated and the absorbance is measured spectrometrically at 324.7 nm and compared to identically-prepared standard and blank solutions, using an air-acetylene oxidizing flame."
Cu-Sus,VMV_3020,µg/g,Copper - Suspended,"Analysis of major, minor and trace metal elements in the particulate phase of natural waters VMV3020",Spectroscopy,VMV Method,VMV Method,
Cu-Tot,0,mg/l,Copper - Total,,,,,Undefined Analysis Method
Cu-Tot,FAAS-AAc-E-NA,mg/l,Copper - Total,Extraction/Air-Acetylene Flame Atomic Absorption Spectrometry with HNO3 digestion,Spectroscopy,SM 3111 C,APHA 2012,"A sample is preserved in the field with nitric acid. The sample aliquot is digested in nitric acid. The pH of the digest is adjusted to 4.7 with a buffer solution. Ammonium pyrrolidine dithiocarbamate (APDC) solution is added to the digest and then extracted with a methyl isobutyl ketone (MIBK) solution. The solvent layer (See Appendix 5) is aspirated at the wavelength of 324.7 nm and compared to identically-prepared standard and blank solutions, using an air-acetylene oxidizing flame."
Cu-Tot,FAAS-APr-D-NA,mg/l,Copper - Total,Direct Air-Propane Flame Atomic Absorption Spectrometry with HNO3 Digestion,Spectroscopy,SM 3111 B,APHA 2012,"A sample is preserved in the field with nitric acid. The sample aliquot is digested in nitric acid. The digest is aspirated and the absorbance is measured spectrometrically at 324.7 nm and compared to identically-prepared standard and blank solutions, using an air-propane oxidizing flame."
Cu-Tot,ICP-AES-Dgs,mg/l,Copper - Total,Inductively Coupled Plasma (ICP) Method (Total Metals after Rigorous Digestion),Spectroscopy,SM 3120 B,APHA 2012,A sample is preserved in the field with diluted mineral acid. The sample aliquot is digested in an aqua regia solution and evaporated to near dryness. The residue is dissolved in concentrated HCl and diluted to one-fifth of the aliquot original volume. The emission is measured spectrometrically at 324.7 nm and compared to identically-prepared standard and blank solutions.
Cu-Tot,ICP-AES-Xtr,mg/l,Copper - Total,Inductively Coupled Plasma (ICP) Method (Extractable/Recoverable Metals),Spectroscopy,"SM 3120 B, 3030 C",APHA 2012,"A sample is preserved in the field with nitric acid. The sample aliquot is digested in nitric acid or aqua regia, concentrated appropriately, and aspirated from an autosampler. The emission is measured spectrometrically at 324.7 nm and compared to identically-prepared standard and blank solutions."
Cu-Tot,ICP-MS,mg/l,Copper - Total,Inductively-Coupled Plasma Mass Spectrometry,Spectroscopy,SM 3125 B,APHA 2012,"A sample is preserved in the field with nitric acid. The sample aliquot is aspirated into an argon-based, high temperature radio frequency plasma. The sample is dissolved, atomised and ionised. These ions are extracted from the plasma through a vacuum interface and separated on the basis of their mass to charge ratio by a mass spectrometer. The ions are counted by an electron multiplier detector and the resulting information processed by a computer database system and compared to identically-prepared standard and blank solutions."
Cu-Tot,ICP-SFMS-CVD,mg/l,Copper - Total,Inductively-Coupled Plasma Sector Field Mass Spectrometry with Closed Vessel Digestion,Spectroscopy,SM 3125 B,APHA 2012,"Closed Vessel Digestion - The whole water sample is collected, preserved with 2% H2NO3, and stored in a HDPE or Teflon bottle. The sample is digested ""in-bottle"" in a convection oven at 60°C for 16 hours. The sample is cooled and introduced to an inductively coupled argon plasma-sector field mass spectrometer (ICP-SFMS) by pneumatic nebulization. Each respective element is measured at a specific mass to charge ratio, m/z value expressed in amu (atomic mass units), and at a specified instrument resolution. LR: Low Resolution ~ 300, MR: Mid Resolution ~ 4000 and HR : High Resolution ~ 10000"
Cu-Tot,VMV_1919,µg/l,Copper - Total,Total metals with in-bottle digestion and inductively coupled plasma-sector field mass spectrometer,Spectroscopy,VMV Method,VMV Method,
Cu-Tot,VMV_2459,µg/l,Copper - Total,Total recoverable metals with thermal digestion and inductively coupled plasma mass spectrometry,Spectroscopy,VMV Method,VMV Method,
Cu-Tot,VMV_2631,mg/l,Copper - Total,Total metals by inductively coupled argon plasma emission spectrometry with standard spray chamber,Spectroscopy,VMV Method,VMV Method,
Cu-Tot,VMV_2634,mg/l,Copper - Total,Total metals by inductively coupled argon plasma emission spectrometry with external nebulizer.,Spectroscopy,VMV Method,VMV Method,
Cu-Tot,VMV_2960,µg/l,Copper - Total,"Total metals in water by ""in bottle"" digestion are analyzed by ICP-MS/ICP-OES.",Spectroscopy,VMV Method,VMV Method,
Cu-Tot,VMV_3528,µg/l,Copper - Total,Total metals by CRC-ICP-MS with in-bottle digestion and discrete sampling pneumatic nebulization,Spectroscopy,VMV Method,VMV Method,
Cu-Tot,VMV_3583,µg/l,Copper - Total,Total metals by CRC-ICP-MS and discrete sampling pneumatic nebulization,Spectroscopy,VMV Method,VMV Method,
Cu-Tot,VMV_375,µg/l,Copper - Total,Total metals in water by ICP-MS,Spectroscopy,VMV Method,VMV Method,
Cu-Tot,VMV_4007,µg/l,Copper - Total,Total metals by inductively coupled plasma-mass spectrometry with in-bottle digestion,Spectroscopy,VMV Method,VMV Method,Total metals in water with in bottle digestion are analyzed by inductively coupled plasma - collision/reaction cell - mass spectrometry (ICP-CRC-MS).
DALAPON,0,µg/l,"2,2-Dichloropropanoic Acid",,,,,Undefined Analysis Method
DBA,0,µg/l,"1,2:5,6-Dibenzoanthracene",,,,,Undefined Analysis Method
DBA,EPA8310,µg/l,"1,2:5,6-Dibenzoanthracene",Polynuclear Aromatic Hydrocarbons,Chromatography,,EPA 1986,"Method 8310 provides high performance liquid chromatographic (HPLC) conditions for the detection of ppb levels of certain polynuclear aromatic hydrocarbons. Prior to use of this method, appropriate sample extraction techniques must be used. A 5- to 25-uL aliquot of the extract is injected into an HPLC, and compounds in the effluent are detected by ultraviolet (UV) and fluorescence detectors.

Collect water samples in amber glass containers with screwcaps Teflon lined septa. If residual chlorine is present, add 3 mL of 10% sodium thiosulfate per gallon. Refrigerate at 4°C until extraction. Extract within 7 days. Solid samples: Collect sample in wide-mouth glass jar. Refrigerate at 4°C until extraction. Extract within 14 days. All extracts should be stored at 4°C and analyzed within 40 days after extraction. (https://www.nemi.gov/methods/method_pdf/4727/)"
DBA,LLE-HPLC-FD-UVD,µg/l,"1,2:5,6-Dibenzoanthracene",Liquid-Liquid Extraction High Performance Liquid Chromatography and Fluorescence/UV-Detector,Chromatography,SM 6440 B,APHA 2012,"Mark the water meniscus on the side of the sample bottle for later determination of volume. Pour entire sample into a 2-L separatory funnel and extract. Separation and clean-up is by means of a silica-gel column. Add 4mL acetonitrile and concentrate the extract in a 95-100°C water bath using a micro-Snyder column. Rinse column with 0.2 mL acetonitrile. Adjust final extract volume to 1.0mL. After the operating conditions are met, proceed with calibration and sample analysis. If the internal standard calibration procedure is being used, add internal standard to sample extract and mix thoroughly. Immediately inject 5 to 25µL sample extract or standard into HPLC using a high pressure syringe or constant-volume sample injection loop. Record volume injected to nearest 0.1 µL and resulting peak size in area or peak height units. Re-equilibrate HPLC column at initial gradient conditions for at least 10 minutes between injections. Identify compounds in sample by comparing peak retention times with peaks of standard chromatograms."
DBA,VMV_2863,ng/l,"1,2:5,6-Dibenzoanthracene","Analysis of OCs, PCBs, CBs and PAHs in 1 L water samples by GC-ECD and GC-MSD.",Chromatography,VMV Method,VMV Method,
DBA,VMV_4100,µg/l,"1,2:5,6-Dibenzoanthracene",PAH and alkyl substituted PAH in water are analyzed via GC-MS.,Chromatography,VMV Method,VMV Method,
DBA-Sus,VMV_3669,ng/l,"1,2:5,6-Dibenzoanthracene in Suspended Matter",Extraction of PAHs in water by solid phase extraction (SPE) and analysis by GC-MSMS.,Chromatography,VMV Method,VMV Method,
DBCP,0,µg/l,"1,2-Dibromo-3-chloropropane",,,,,Undefined Analysis Method
DC,VMV_97,mg/l,Total Dissolved Carbon,Infrared analysis,Colorimetry,VMV Method,VMV Method,
DCB,0,µg/l,Dichlorobenzene,,,,,Undefined Analysis Method
DCBN,0,µg/l,"2,6-Dichlorobenzonitrile",,,,,Undefined Analysis Method
DCBN,VMV_3216,ng/l,"2,6-Dichlorobenzonitrile","Pesticides of the organophosphorus type, triazine, carbamate and urea: extraction with C-18",Chromatography,VMV Method,VMV Method,
DCDFMA,0,µg/l,Dichloro(difluoro)methane,,,,,Undefined Analysis Method
DCE,0,µg/l,"1,2-Dichloroethene",,,,,Undefined Analysis Method
DCEE,0,µg/l,Bis(chloroethyl) ether,,,,,Undefined Analysis Method
DCMU,0,µg/l,Diuron,,,,,Undefined Analysis Method
DCMU,VMV_3216,ng/l,Diuron,"Pesticides of the organophosphorus type, triazine, carbamate and urea: extraction with C-18",Chromatography,VMV Method,VMV Method,
DCMU,VMV_3431,ng/l,Diuron,Analysis of sulfonyl ureas and related herbicides by SPE and LC-MS/MS detection,Chromatography,VMV Method,VMV Method,
DCPA,0,µg/l,Dimethyl tetrachloroterephthalate,,,,,Undefined Analysis Method
DDD,0,µg/l,Total Dichlorodiphenyldichloroethane,,,,,Undefined Analysis Method
DDT,0,µg/l,Total Dichloro-Diphenyl-Trichloroethanes,,,,,Undefined Analysis Method
DDT,LLE-GC-ECD,µg/l,Total Dichloro-Diphenyl-Trichloroethanes,Liquid-Liquid Extraction Gas Chromatographic Method I with Electron Capture Detector,Chromatography,SM 6630 B,APHA 2012,"A sample is extracted three times in benzene or hexane. Add saturated sodium sulphate, methanol, iso-propanol or two-octanol to break down the emulsions. Add iso-octane and concentrate the combined extract, using a rotary evaporator flask. The extract is loaded on a Florisil® column and four separate fractions are eluted using hexane, 6% ethyl ether in petroleum ether, 15% ethyl ether in petroleum ether, then 50% ethyl ether in petroleum ether or chloroform. Concentrate in a rotary flask, transfer to a graduated centrifuge tube. Add iso-octane as a keeper and concentrate under a gentle stream of nitrogen at 40°C. The sample extract is then injected into a dual column GC/ECD and quantified, according to its retention time and peak height/area, using a multi-point calibration curve. Confirmation is achieved by chemical derivitization techniques, thin layer chromatograpgy (TLC), or mass spectrometry (MS).
 Interference: Other pesticide residues and their degradation products or metabolites and organic compounds, other than OCs and PCBs, may interfere. As many of these compounds cannot be separated, confirmation is required.
 The method detection limit is 0.001 µg/L."
DECABDE,0,µg/l,Decabromodiphenylether,,,,,Undefined Analysis Method
DECABDE,VMV_3221,pg/l,Decabromodiphenylether,Analysis of polybrominated diphenyl ethers in solids using GC-HRMS Technique Q0512D0.,Chromatography,VMV Method,VMV Method,
DECABDE,VMV_3228,pg/l,Decabromodiphenylether,"Analysis of polybrominated diphenyl ethers (PBDE) in water, biological tissues, sediment and soils",Chromatography,VMV Method,VMV Method,CEAEQ Method not available.
DEET,0,µg/l,Diethyltoluamide,,,,,Undefined Analysis Method
DEHA,0,µg/l,Bis(2-ethylhexyl) adipate,,,,,Undefined Analysis Method
DEHP,0,µg/l,Diethylhexyl Phthalate,,,,,Undefined Analysis Method
DEISOPROPYLATRAZINE,0,µg/l,Deisopropylatrazine,,,,,Undefined Analysis Method
DELTAMETHRIN,0,µg/l,Deltamethrin,,,,,Undefined Analysis Method
DESMETRYN,0,µg/l,Desmetryn,,,,,Undefined Analysis Method
DETERGENTS,0,mg/l,Detergents,,,,,Undefined Analysis Method
DETPTHAL8,0,µg/l,Diethyl Phthalate,,,,,Undefined Analysis Method
DIBTPTHAL8,0,µg/l,"Bis(2-methylpropyl) benzene-1,2-dicarboxylate",,,,,Undefined Analysis Method
DIC,DIC-COL,mg/l,Dissolved Inorganic Carbon,Colorimetry (DIC),Colorimetry,ENV 119,Environment Canada 1995,"If turbid, the sample is filtered through a 0.45µ membrane filter. In an automated system the sample is sparged with nitrogen gas or aerated in an acid medium to remove inorganic carbon and the remaining organic carbon compounds are converted to CO2 gas in an in-line acid-persulfate-UV digester. After dialysis the CO2 concentration is determined colourimetrically by measuring the loss of colour in a borate buffered alkaline phenolphthalein solution."
DIC,NDI-Auto,mg/l,Dissolved Inorganic Carbon,Infrared Analysis - Automated,Spectroscopy,PYR 2695,Environment Canada 2007,"The sample is filtered through a 0.45 µ membrane filter. In an automated system, the shaken sample is acidified to convert inorganic carbon to CO2 which is stripped from solution. The remaining liquid phase is passed through a UV coil to oxidize organic carbon compounds. The resulting CO2 is measured by an infrared (IR) analyzer and compared with standard organic carbon solutions."
DIC,NDI-PAC-Auto,mg/l,Dissolved Inorganic Carbon,Automated Non-dispersive Infrared Spectroscopy with Phosphoric Acid Conversion,Spectroscopy,ENV 2695,Environment Canada 2007,The filtered water sample is injected into an inorganic reaction vessel containing 25% phosphoric acid. The oxidized inorganic carbon is measured on the calibrated non-dispersive infrared detector.
DIC,NDI-SAC,mg/l,Dissolved Inorganic Carbon,Non-dispersive Infrared Spectroscopy with Sulfuric Acid Conversion,Spectroscopy,ENV 2658,Environment Canada 2007,A whole water sample is filtered through a 0.45 um membrane filter. An aliquot of the filtrate is pumped into a reaction vessel where it is mixed with 2.4% sulphuric acid (H2SO4) and heated up to 950C to convert and relaes the dissolved inorganic carbon as CO2. The CO2 is purged by an inert gas stream and is determined by a non-dispersive infrared detector.
DIC,VMV_2658,mg/l,Dissolved Inorganic Carbon,Inorganic carbon determined by infrared analysis.,Colorimetry,VMV Method,VMV Method,
DIC,VMV_2695,mg/l,Dissolved Inorganic Carbon,Carbon concentration determined by infrared analysis on an automated Shimadzu system,Colorimetry,VMV Method,VMV Method,
DIC,VMV_2799,mg/l,Dissolved Inorganic Carbon,Dissolved inorganic carbon injected into an acid reactor and determined by an infrared analyzer.,Colorimetry,VMV Method,VMV Method,
DIC,VMV_3301,mg/l,Dissolved Inorganic Carbon,Total and dissolved organic carbon are determined by infrared gas analyzer.,Colorimetry,VMV Method,VMV Method,
DIC,VMV_3554,mg/l,Dissolved Inorganic Carbon,Total inorganic carbon and dissolved inorganic carbon by automated persulfate colourimetry,Colorimetry,VMV Method,VMV Method,
DICAMBA,0,µg/l,"3,6-Dichloro-2-methoxybenzoic acid",,,,,Undefined Analysis Method
DICAMBA,VMV_247,ng/l,"3,6-Dichloro-2-methoxybenzoic acid",Acid herbicides extracted using Strata-X SPE cartridges.,Chromatography,VMV Method,VMV Method,
DICAMBA,VMV_2865,ng/l,"3,6-Dichloro-2-methoxybenzoic acid",Analysis of acidic herbicides as PFBB esters by GC-ECD.,Chromatography,VMV Method,VMV Method,
DICAMBA,VMV_3002,ng/l,"3,6-Dichloro-2-methoxybenzoic acid",Analysis of acidic herbicides in water using GC-MSD.,Chromatography,VMV Method,VMV Method,
DICAMBA,VMV_3216,ng/l,"3,6-Dichloro-2-methoxybenzoic acid","Pesticides of the organophosphorus type, triazine, carbamate and urea: extraction with C-18",Chromatography,VMV Method,VMV Method,
DICHLORVOS,0,µg/l,"2,2-Dichlorovinyl dimethyl phosphate",,,,,Undefined Analysis Method
DICHLORVOS,VMV_303,ng/l,"2,2-Dichlorovinyl dimethyl phosphate",Analysis of  organophosphorus and triazine pesticides in surface waters using GC-MS/MS.,Chromatography,VMV Method,VMV Method,LEEQ Method No. Q0515E0.
DICHLORVOS,VMV_3216,ng/l,"2,2-Dichlorovinyl dimethyl phosphate","Pesticides of the organophosphorus type, triazine, carbamate and urea: extraction with C-18",Chromatography,VMV Method,VMV Method,
DICLOFENAC,0,µg/l,Diclofenac,,,,,Undefined Analysis Method
DICLOFOP-METHYL,VMV_2868,ng/l,Diclofop-methyl,Analysis of sulphate in unfiltered samples using COBAS method,Colorimetry,VMV Method,VMV Method,
DICLOFOP-METHYL,VMV_3003,ng/l,Diclofop-methyl,Analysis of neutral herbicides in water using GC-MSD.,Chromatography,VMV Method,VMV Method,
DICOFOL,0,µg/l,Dicofol,,,,,Undefined Analysis Method
DIELDRIN,0,µg/l,Dieldrin,,,,,Undefined Analysis Method
DIELDRIN,LLE-GC-ECD,µg/l,Dieldrin,Liquid-Liquid Extraction Gas Chromatographic Method I with Electron Capture Detector,Chromatography,SM 6630 B,APHA 2012,"A sample is extracted three times in benzene or hexane. Add saturated sodium sulphate, methanol, iso-propanol or two-octanol to break down the emulsions. Add iso-octane and concentrate the combined extract, using a rotary evaporator flask. The extract is loaded on a Florisil® column and four separate fractions are eluted using hexane, 6% ethyl ether in petroleum ether, 15% ethyl ether in petroleum ether, then 50% ethyl ether in petroleum ether or chloroform. Concentrate in a rotary flask, transfer to a graduated centrifuge tube. Add iso-octane as a keeper and concentrate under a gentle stream of nitrogen at 40°C. The sample extract is then injected into a dual column GC/ECD and quantified, according to its retention time and peak height/area, using a multi-point calibration curve. Confirmation is achieved by chemical derivation techniques, TLC, or Mass Spectrometry.
 Interference: Other pesticide residues and their degradation products or metabolites and organic compounds, other than OCs and PCBs, may interfere. As many of these compounds cannot be separated, confirmation is required.
 The method detection limit is 0.005 µg/L."
DIELDRIN,VMV_2863,ng/l,Dieldrin,"Analysis of OCs, PCBs, CBs and PAHs in 1 L water samples by GC-ECD and GC-MSD.",Chromatography,VMV Method,VMV Method,
DIELDRIN,VMV_3654,ng/l,Dieldrin,Chlorobenzenes and organochlorine pesticides by liquid-liquid extraction and GC-MS/MS detection.,Chromatography,VMV Method,VMV Method,
DIFLUBENZURON,0,µg/l,Diflubenzuron,,,,,Undefined Analysis Method
DIFLUFENICAN,0,µg/l,"N-(2,4-difluorophenyl)-2-[3-(trifluoromethyl)phenoxy]pyridine-3-carboxamide",,,,,Undefined Analysis Method
DIMETHACHLOR,0,µg/l,Dimethachlor,,,,,Undefined Analysis Method
DIMETHENAMID,0,µg/l,Dimethenamid,,,,,Undefined Analysis Method
DIMETHENAMID,VMV_303,ng/l,Dimethenamid,Analysis of  organophosphorus and triazine pesticides in surface waters using GC-MS/MS.,Chromatography,VMV Method,VMV Method,LEEQ Method No. Q0515E0.
DIMETHENAMID,VMV_3216,ng/l,Dimethenamid,"Pesticides of the organophosphorus type, triazine, carbamate and urea: extraction with C-18",Chromatography,VMV Method,VMV Method,
DIMETHOATE,0,µg/l,Dimethoate,,,,,Undefined Analysis Method
DIMETHOATE,VMV_3216,ng/l,Dimethoate,"Pesticides of the organophosphorus type, triazine, carbamate and urea: extraction with C-18",Chromatography,VMV Method,VMV Method,
DIMETHOMORPH,0,µg/l,Dimethomorph,,,,,Undefined Analysis Method
DIMETHOMORPH,VMV_3216,ng/l,Dimethomorph,"Pesticides of the organophosphorus type, triazine, carbamate and urea: extraction with C-18",Chromatography,VMV Method,VMV Method,
DIMOXYSTROBIN,0,µg/l,Dimoxystrobin,,,,,Undefined Analysis Method
DIMPYLATE,0,µg/l,Diazinon,,,,,Undefined Analysis Method
DIMPYLATE,VMV_303,ng/l,Diazinon,Analysis of  organophosphorus and triazine pesticides in surface waters using GC-MS/MS.,Chromatography,VMV Method,VMV Method,LEEQ Method No. Q0515E0.
DIMPYLATE,VMV_526,ng/l,Diazinon,Analysis of organophosphorus and triazine pesticides in surface waters - by gas chromatography.,Chromatography,VMV Method,VMV Method,LEEQ Method No. Q0500E0.
DIN,0,mg/l,Dissolved Inorganic Nitrogen,,,,,Undefined Analysis Method
DINOSEB,0,µg/l,"2-(Butan-2-yl)-4,6-dinitrophenol",,,,,Undefined Analysis Method
DINOTEFURAN,VMV_3619,ng/l,Dinotefuran,Neonicotinoid insecticides in water are analyzed by ESI-LC-MS/MS.,Chromatography,VMV Method,VMV Method,
DINOTEFURAN,VMV_655,ng/l,Dinotefuran,Multi residue analysis of pesticides in water by solid phase extraction and LC-MS/MS.,Chromatography,VMV Method,VMV Method,
DIP,0,mg/l,Dissolved Inorganic Phosphorus,,,,,Undefined Analysis Method
DIP,COL-SnCl-SA,mg/l,Dissolved Inorganic Phosphorus,Stannous Chloride Method with Preliminary H2SO4 Hydrolysis,Colorimetry,SM 4500-P B/D,APHA 2012,"A sample is preserved in the field with 0.2% H2SO4. The shaken sample aliquot is autoclaved with H2SO4 for 30 minutes at 121°C. The aliquot is then mixed with ammonium molybdate to form the heteropoly molybdophosphoric acid and is reduced with stannous chloride, in an aqueous sulphuric acid medium, at 30°C, to form a molybdenum blue complex. The resulting molybdenum blue complex is measured spectrometrically at 660 nm and compared to identically-prepared standard and blank solutions."
DIP,PO4-COL-ANS-Dcn,mg/l,Dissolved Inorganic Phosphorus,"Automated Colourimetry (Aminonaphtholsulphonic Acid), Decanted",Colorimetry,ENV 555,Environment Canada 1995,A turbid sample is decanted. Colourimetry proceeds on an autoanalyzer with ammonium molybdate and aminonaphtholsulphonic acid after passing through heating bath with H2SO4 at 90°C shaken sample.
DIP,PO4-COL-ANS-Flt,mg/l,Dissolved Inorganic Phosphorus,"Automated Colourimetry (Aminonaphtholsulphonic Acid), Filtered",Colorimetry,ENV 561,Environment Canada 1995,"The sample is passed through a 0.45µ membrane filter. In an autoanalyzer, the filtrate is mixed with ammonium molybdate and aminonaphtholsulphonic acid after passing through a heating bath with H2SO4 at 90°C."
DISULFOTON,0,µg/l,Disulfoton,,,,,Undefined Analysis Method
DISULFOTON,VMV_303,ng/l,Disulfoton,Analysis of  organophosphorus and triazine pesticides in surface waters using GC-MS/MS.,Chromatography,VMV Method,VMV Method,LEEQ Method No. Q0515E0.
DISULFOTON,VMV_3216,ng/l,Disulfoton,"Pesticides of the organophosphorus type, triazine, carbamate and urea: extraction with C-18",Chromatography,VMV Method,VMV Method,
DKN,0,mg/l,Dissolved Kjeldahl Nitrogen,,,,,Undefined Analysis Method
DKN,VMV_10273,mg/l,Dissolved Kjeldahl Nitrogen,Dissolved organic nitrogen is calculated from dissolved nitrogen.,Calculation,VMV Method,VMV Method,
DKN,VMV_2140,mg/l,Dissolved Kjeldahl Nitrogen,Calculation of dissolved Kjeldahl nitrogen,Calculation,VMV Method,VMV Method,
DKN,VMV_3597,mg/l,Dissolved Kjeldahl Nitrogen,Kjeldahl nitrogen is determined by colourimetry on autoanalyzer.,Colorimetry,VMV Method,VMV Method,
DMP,0,µg/l,Dimethyl phthalate,,,,,Undefined Analysis Method
DNOC,0,µg/l,Dinitro-ortho-cresol,,,,,Undefined Analysis Method
DOC,0,mg/l,Dissolved Organic Carbon,,,,,Undefined Analysis Method
DOC,DOC-COL-UV,mg/l,Dissolved Organic Carbon,Colourimetry with UV oxidation (DOC),Colorimetry,Gravelet-Blondin et ,"Gravelet-Blondin et al, 1980","The sample stream is segmented with CO2-free air, acidified, heated and sparged with nitrogen gas to remove the inorganic carbon. After re-sampling and air segmentation, persulphate and mercury(II) nitrate solutions are added and the mixed liquid stream is pumped through a quartz coil where it is exposed to a low intensity ultraviolet light, used as a source of energy. This process oxidizes the dissolved organic carbon to CO2 which by means of a gas permeable silicon membrane is dissolved in a weakly buffered thymol blue indicator solution. The colour change of the acid-base indicator is measured at 590 nm and is proportional to the concentration of dissolved organic carbon in a water sample."
DOC,HTC-NDI,mg/l,Dissolved Organic Carbon,High Temperature Combustion Method with Non-dispersive Infrared Analyzer,Spectroscopy,SM 5310 B,APHA 2012,"A sample is filtered in the field through a 0.45 µm membrane filter. A small volume is injected into a combustion tube at 950°C containing Cobalt oxide on asbestos. The resulting CO2 is measured by an IR analyzer and compared with organic carbon standard and blank solutions to give the total dissolved C (DC). An identical volume is injected into a combustion tube at 150°C containing 85% H3PO4 on quartz chips. The resulting CO2 (DIC) is measured by an IR analyzer and compared to identically-prepared inorganic carbon standard and blank. The dissolved organic C (DOC) is calculated by difference.

DOC = DC - DIC"
DOC,HTC-NDI-Auto,mg/l,Dissolved Organic Carbon,High-Temperature Combustion Method with Automated Non-dispersive Infrared Analyzer,Spectroscopy,SM 5310 B,APHA 2012,"Total dissolved carbon is analyzed by injecting a filtered whole water sample onto a platinum catalyst packed combustion tube kept at 680°C. The CO2 formed, which is proportional to the total dissolved carbon in the sample, is measured on a non-dispersive infrared detector. Dissolved inorganic carbon is then analyzed by injecting an identical filtered whole water sample into an inorganic reaction vessel containing 25% phosphoric acid. The CO2 formed represents the dissolved inorganic carbon in the sample and is determined by a non-dispersive infrared detector. Calculation of the dissolved organic carbon is obtained by subtracting the dissolved inorganic carbon from the total dissolved carbon.

DOC = DC - DIC"
DOC,NDI-BECK915,mg/l,Dissolved Organic Carbon,Non-dispersive Infrared Spectroscopy (Beckman 915 TOC Analyzer),Spectroscopy,STAR 226,Environment Canada 2007,A Beckman 915 Total Organic Carbon (TOC) analyzer.
DOC,VMV_10036,mg/l,Dissolved Organic Carbon,BC MELP EMS Code: 0914,,VMV Method,VMV Method,
DOC,VMV_1957,mg/l,Dissolved Organic Carbon,Analysis of carbon in water using the thermal oxidation technique.,Gravimetric Analysis,VMV Method,VMV Method,
DOC,VMV_206,mg/l,Dissolved Organic Carbon,"Carbon in water: Oxydation with persulfate/ultraviolet radiation, detection by infrared spectrometry",Spectroscopy,VMV Method,VMV Method,
DOC,VMV_2695,mg/l,Dissolved Organic Carbon,Carbon concentration determined by infrared analysis on an automated Shimadzu system,Colorimetry,VMV Method,VMV Method,
DOC,VMV_3301,mg/l,Dissolved Organic Carbon,Total and dissolved organic carbon are determined by infrared gas analyzer.,Colorimetry,VMV Method,VMV Method,
DOC,VMV_95,mg/l,Dissolved Organic Carbon,Inorganic and organic carbon using infrared analysis,Colorimetry,VMV Method,VMV Method,
DOC,VMV_99,mg/l,Dissolved Organic Carbon,Inorganic and organic carbon by infrared analysis,Colorimetry,VMV Method,VMV Method,
DON,0,mg/l,Dissolved Organic Nitrogen,,,,,Undefined Analysis Method
DON,DON-CALC-TKN-NH3,mg/l,Dissolved Organic Nitrogen,Difference Calculation from Total Kjeldahl Nitrogen and Ammonia,Calculation,JIS K 0102 44,JSA 1998,DON = TKN - NH3
DON,DON-T-COL,mg/l,Dissolved Organic Nitrogen,Macro-Kjeldahl Method with Titration and Removal of NH3,Titration,4500-Norg B; NH3 C,APHA 2012,"A sample is collected in the field and preserved at 4°C. The shaken sample aliquot is neutralized, if necessary, to pH=7. A phosphate buffer solution (pH=7.4) is added. If Ca ion exceeds 250 mg/L, more buffer solution is added, and the solution is titrated to pH=7.4. Approximately one third of the sample is distilled to remove free NH3. The residual solution is digested with concentrated H2SO4, in the presence of HgSO4 (as a catalyst) and K2SO4 to give NH4HSO4. The solution is made alkaline and the NH3 is distilled and collected in a H3BO3 solution. The distillate is then titrated with 0.02N H2SO4, using an 'N Point' indicator and compared to identically-prepared standard and blank solutions."
DRP,0,mg/l,Dissolved Reactive Phosphorus,,,,,Undefined Analysis Method
DRP,COL-SnCl,mg/l,Dissolved Reactive Phosphorus,Stannous Chloride Method,Colorimetry,SM 4500-P D,APHA 2012,"A sample is preserved in the field at 4°C (if not analysed immediately). The sample aliquot is mixed with ammonium molybdate to form the heteropoly molybdophosphoric acid and is reduced with stannous chloride, in an aqueous sulphuric acid medium, at 30°C, to form a molybdenum blue complex. The resulting blue colour is measured spectrometrically at 660 nm, and compared to identically-prepared PO4 standard and blank solutions. Interferences: Hg, at concentration of 1 mg/L, and As also interfere with the stannous chloride reagent."
DRP,VMV_2334,mg/l,Dissolved Reactive Phosphorus,Determination of phosphorus by colourimetry on Technicon TRAACS 800 at 660 nm.,Colorimetry,VMV Method,VMV Method,
DRP,VMV_3034,mg/l,Dissolved Reactive Phosphorus,Analysis of orthophosphates using the autoanalyser technique.,Colorimetry,VMV Method,VMV Method,
DSM,0,µg/l,"O,O-Dimethyl S-2-(ethylsulfanyl)ethyl phosphorothioate",,,,,Undefined Analysis Method
DYPHONATE,0,µg/l,Fonofos,,,,,Undefined Analysis Method
DYPHONATE,VMV_303,ng/l,Fonofos,Analysis of  organophosphorus and triazine pesticides in surface waters using GC-MS/MS.,Chromatography,VMV Method,VMV Method,LEEQ Method No. Q0515E0.
EC,0,µS/cm,Electrical Conductance,,,,,Undefined Analysis Method
EC,EC-CAL,µS/cm,Electrical Conductance,Calculated Theoretical Conductivity,Calculation,ENV 2355,Environment Canada 2007,
EC,EC-CND,µS/cm,Electrical Conductance,Electrometer at 20°C,Electrochemical Analysis,,,Specific Conductance of a solution is the ability of the solution to carry electric current and has some relationship to the Total Ionic Concentration of the solution. The sample temperature is brought to 20°C and the aliquot is measured electrometrically.
EC,EC-CND-FLD,µS/cm,Electrical Conductance,Conductivity Meter - Field measurement,Electrochemical Analysis,,,
EC,EC-CND-Ni,µS/cm,Electrical Conductance,Conductivity-Temperature Meter using Nickel Electrode (at 25°C),Electrochemical Analysis,ENV 33,Environment Canada 2007,"Specific conductance is measured in situ with a battery operated Conductivity-Temperature Meter, employing nickel electrodes in the four-electrode configuration with integral temperature sensor- compensator and internal calibration standards. The accuracy is ±2.5%."
EC,EC-CND-Pt,µS/cm,Electrical Conductance,Laboratory Method using Platinum Electrode (at 25°C),Electrochemical Analysis,SM 2510 B,APHA 2012,"Specific Conductance of a solution is the ability of the solution to carry electric current and has some relationship to the Total Ionic Concentration of the solution.
 The specific conductance is measured, using a radiometer CDM 83, automatic ranging conductivity meter and a radiometer type CDC 334 jacketed platinum electrode. A one-gallon water bath, with a HAAKE Model E52 temperature controller/circulation pump (or equivalent), accurately maintains the temperature bath at 25°C (± 0.1°C) and continually circulates water through the cell jacket. The sample aliquot is drawn into the conductivity cell via a vacuum and specific conductivity is read directly from the meter after a fifteen second temperature stabilization period. The radiometer is calibrated on a per use basis.
 The method detection limit is 0.2 µS/cm.
 1 umho/cm = 1 µsie/cm. 1 µS/cm"
EC,EC-CND-Pt-AMB,µS/cm,Electrical Conductance,Laboratory Method using Platinum Electrode (at Ambient Temperature),Electrochemical Analysis,SM 2510 B,APHA 2012,Specific conductance is measured by a conductivity meter with Pt electrodes at the sample temperature (uncorrected).
EC,FCS-CND,µS/cm,Electrical Conductance,Field Conductivity Sensor,Electrochemical Analysis,NFM 6.3,USGS 1998,In situ measurement generally is preferred for determining the conductivity of surface water; downhole or flowthrough-chamber measurements are preferred for ground water
EC,VMV_10285,µS/cm,Electrical Conductance,BC MELP EMS Code: XM10,,VMV Method,VMV Method,
EC,VMV_2418,µS/cm,Electrical Conductance,Conductivity with conductivity meter,Electrochemical Analysis,VMV Method,VMV Method,
EC,VMV_32,µS/cm,Electrical Conductance,Specific conductance using a conductivity meter with platinum electrodes,Electrochemical Analysis,VMV Method,VMV Method,
EC,VMV_3210,µS/cm,Electrical Conductance,Measurement of conductivity,Electrochemical Analysis,VMV Method,VMV Method,
EC,VMV_3217,µS/cm,Electrical Conductance,Mesurement of conductivity,Electrochemical Analysis,VMV Method,VMV Method,
EC,VMV_3620,µS/cm,Electrical Conductance,Field measurements are made using a multi-sonde.,Electrochemical Analysis,VMV Method,VMV Method,
ECOLI,0,1/100 ml,Escherichia Coli,,,,,Undefined Analysis Method
ECOLI,COLI-MF,1/100 ml,Escherichia Coli,Membrane Filter Technique for Members of the Coliform Group,Estimation,SM 9222 B,APHA 2012,"Minor variations in analytical techniques can cause change in results; therefore microbiological methods and sterilising procedures must be standardized to obtain uniform results from different laboratories. The Membrane Filter technique is usually more rapid and more reproducible than the multiple-tube technique in monitoring drinking water and a variety of natural waters. MF has limitations: i.e.: testing samples with high turbidity or large background (non-coliforms) bacteria. Apply sufficient medium (lauryl tryptose broth) in fermentation tubes, incubate at 20°C overnight before use and discard tubes with growth or bubbles.The coliform group is defined as all bacteria that produce a red colony with a metallic (golden) sheen within 24 hours at 35°C on an Endo-type medium containing lactose (production of aldehydes). The medium is stable for a maximum of three weeks and the broth for four days at 4°C. Filter 100 to 1000 mL of water, place filter paper on saturated lactose pad for two hours at 35ºC, remove from incubator and transfer to M-endo medium pad, incubate for 20 to 22 hours at 35°C ± 0.5°C, then count the colonies on membrane filters using a 10 to 15 times magnifying binocular wide field dissecting microscope or equivalent, with a cool white fluorescent light source directed to provide maximum viewing of the sheen."
ECOLI,ESCT-COLILERT,1/100 ml,Escherichia Coli,Colilert Quanti-Tray,Colorimetry,SM 9223 B,APHA 2012,"After 24 hours incubation at 35 °C, the presence of E.coli are identified from their enzyme beta-glucuronidase. Measure the presence of its fluorescent enzymatic decomposition product at 366 nm wavelength"
ECOLI,VMV_1905,1/100 ml,Escherichia Coli,mColi blue method,Colorimetry,VMV Method,VMV Method,
ECOLI,VMV_2890,1/100 ml,Escherichia Coli,Method of analysis for Escherichia coli by membrane filtration,Estimation,VMV Method,VMV Method,
ECOLI,VMV_2978,1/ml,Escherichia Coli,"Colilert reagent, simultaneous detection and confirmation of total coliforms and Escherichia coli",Estimation,VMV Method,VMV Method,
ECOLI,VMV_3009,1/100 ml,Escherichia Coli,Analysis of biota in water is performed by membrane filtration.,Estimation,VMV Method,VMV Method,
EDC,0,µg/l,"1,2-Dichloroethane",,,,,Undefined Analysis Method
ENDOSULFAN,0,µg/l,Endosulfan,,,,,Undefined Analysis Method
ENDOSULFAN,VMV_255,ng/l,Endosulfan,Organochlorinated pesticides in water using liquid/liquid extraction and analyzed by GC-MSMS,Chromatography,VMV Method,VMV Method,
ENDOSULFANI,0,µg/l,Endosulfan - Alpha,,,,,Undefined Analysis Method
ENDOSULFANI,LLE-GC-ECD,µg/l,Endosulfan - Alpha,Liquid-Liquid Extraction Gas Chromatographic Method I with Electron Capture Detector,Chromatography,SM 6630 B,APHA 2012,"A 1 litre sample is extracted by benzene or hexane, and the extract dried, concentrated and cleaned up on a Florisil column for the preliminary separation. The eluates are concentrated, and injected into a gas chromatograph using electron capture detection. The pesticide is confirmed qualitatively by thin layer chromatography (TLC) and measured quantitatively by comparing the non-solvent areas of the chromatogram to those of standard solutions of the purified pesticide."
ENDOSULFANI,VMV_2863,ng/l,Endosulfan - Alpha,"Analysis of OCs, PCBs, CBs and PAHs in 1 L water samples by GC-ECD and GC-MSD.",Chromatography,VMV Method,VMV Method,
ENDOSULFANI,VMV_3654,ng/l,Endosulfan - Alpha,Chlorobenzenes and organochlorine pesticides by liquid-liquid extraction and GC-MS/MS detection.,Chromatography,VMV Method,VMV Method,
ENDOSULFANII,0,µg/l,Endosulfan - Beta,,,,,Undefined Analysis Method
ENDOSULFANII,LLE-GC-ECD,µg/l,Endosulfan - Beta,Liquid-Liquid Extraction Gas Chromatographic Method I with Electron Capture Detector,Chromatography,SM 6630 B,APHA 2012,"A 1 litre sample is extracted by benzene or hexane, and the extract dried, concentrated and cleaned up on a Florisil column for the preliminary separation. The eluates are concentrated, and injected into a gas chromatograph using electron capture detection. The pesticide is confirmed qualitatively by thin layer chromatography (TLC) and measured quantitatively by comparing the non-solvent areas of the chromatogram to those of standard solutions of the purified pesticide."
ENDOSULFANII,VMV_2863,ng/l,Endosulfan - Beta,"Analysis of OCs, PCBs, CBs and PAHs in 1 L water samples by GC-ECD and GC-MSD.",Chromatography,VMV Method,VMV Method,
ENDOSULFANII,VMV_3654,ng/l,Endosulfan - Beta,Chlorobenzenes and organochlorine pesticides by liquid-liquid extraction and GC-MS/MS detection.,Chromatography,VMV Method,VMV Method,
ENDRIN,0,µg/l,Endrin,,,,,Undefined Analysis Method
ENDRIN,LLE-GC-ECD,µg/l,Endrin,Liquid-Liquid Extraction Gas Chromatographic Method I with Electron Capture Detector,Chromatography,SM 6630 B,APHA 2012,"A sample is extracted three times in benzene or hexane. Add saturated sodium sulphate, methanol, iso-propanol or two-octanol to break down the emulsions. Add iso-octane and concentrate the combined extract, using a rotary evaporator flask. The extract is loaded on a Florisil® column and four separate fractions are eluted using hexane, 6% ethyl ether in petroleum ether, 15% ethyl ether in petroleum ether, then 50% ethyl ether in petroleum ether or chloroform. Concentrate in a rotary flask, transfer to a graduated centrifuge tube. Add iso-octane as a keeper and concentrate under a gentle stream of nitrogen at 40°C. The sample extract is then injected into a dual column GC/ECD and quantified, according to its retention time and peak height/area, using a multi-point calibration curve. Confirmation is achieved by chemical derivation techniques, TLC, or Mass Spectrometry.
 Interference: Other pesticide residues and their degradation products or metabolites and organic compounds, other than OCs and PCBs, may interfere. As many of these compounds cannot be separated, confirmation is required.
 The method detection limit is 0.001 µg/L."
ENDRIN,VMV_2863,ng/l,Endrin,"Analysis of OCs, PCBs, CBs and PAHs in 1 L water samples by GC-ECD and GC-MSD.",Chromatography,VMV Method,VMV Method,
ENDRIN,VMV_3654,ng/l,Endrin,Chlorobenzenes and organochlorine pesticides by liquid-liquid extraction and GC-MS/MS detection.,Chromatography,VMV Method,VMV Method,
ENTCOCC,0,1/100 ml,Enterococcus,,,,,Undefined Analysis Method
EPOXICONAZOLE,0,µg/l,Epoxiconazole,,,,,Undefined Analysis Method
ERYTHROMYCIN,0,µg/l,Erythromycin,,,,,Undefined Analysis Method
ESFENVALERATE,0,µg/l,Esfenvalerate,,,,,Undefined Analysis Method
ETBZ,0,µg/l,Ethylbenzene,,,,,Undefined Analysis Method
ETBZ,VMV_3653,µg/l,Ethylbenzene,Canada wide standards for petroleum hydrocarbons in soil determined by GC/FID and GC/MS,Chromatography,VMV Method,VMV Method,
ETHALFLURALIN,VMV_3003,ng/l,Ethalfluralin,Analysis of neutral herbicides in water using GC-MSD.,Chromatography,VMV Method,VMV Method,
ETHION,0,µg/l,Ethion,,,,,Undefined Analysis Method
ETHION,VMV_303,ng/l,Ethion,Analysis of  organophosphorus and triazine pesticides in surface waters using GC-MS/MS.,Chromatography,VMV Method,VMV Method,LEEQ Method No. Q0515E0.
ETHOFUMESATE,0,µg/l,Ethofumesate,,,,,Undefined Analysis Method
ETRIMFOS,0,µg/l,Etrimfos,,,,,Undefined Analysis Method
F-Dis,0,mg/l,Fluoride - Dissolved,,,,,Undefined Analysis Method
F-Dis,COL-AFBL,mg/l,Fluoride - Dissolved,Complexone Method,Colorimetry,SM 4500-F-E,APHA 2012,The photometric method is based on the colourimetric reaction between fluoride and lanthanum-alizarin reagent. The sample aliquot is buffered to pH of 4.5 and the lanthanum-alizarin reagent is added to form a stable complex with fluoride (residual chlorine is removed by acetic acid addition). The photometer provides a light path of at least 1 cm and the optical density is read at 620-622 nm. Read 30-60 minutes after the addition and mixing of reagents and compare to identically-prepared standard and blank solutions.
F-Dis,COL-SPADNS,mg/l,Fluoride - Dissolved,SPADNS Method,Colorimetry,SM 4500-F-D,APHA 2012,Colourimetric detection with SPADNS on an autoanalyzer
F-Dis,F-ISE,mg/l,Fluoride - Dissolved,Ion-Selective Electrode Method (Fluoride),Electrochemical Analysis,SM 4500-F G,APHA 2012,"A sample is preserved in the field at 4°C. A sample aliquot is mixed with a Total Ionic Strength Adjustment Buffer (TISAB) solution and compared to identically-prepared standard and blank solutions, using a calibrated specific ion meter. The F ion concentration of the sample is read directly and corrected to 25°C"
F-Dis,IC-CSC,mg/l,Fluoride - Dissolved,"Determination of dissolved Li+, Na+, NH4+, K+, Mn2+, Ca2+, Mg2+, Sr2+ and Ba2+ by ion chromatography",Chromatography,EN 14911,ISO 1999,"A whole water sample is filtered through a 0.45 um membrane filter. The analysis of fluoride on an aliquot of the filtrate is conducted by ion chromatography and determined in conjunction with other anions. The ions of interest are separated based on the affinity for the exchange sites of the resin bed. The sample is then pumped through the suppressor which reduces the background conductivity of the eluent to a negligible level by converting the anions in the sample to their respective acid forms (HF, HCl, HNO3, and H2SO4). The concentrations of these separated anions are determined by measuring their respective conductivities using a conductivity detector. Anions are identified by their retention times compared to known standards"
F-Dis,VMV_10193,mg/l,Fluoride - Dissolved,BC MELP EMS Code: X143,,VMV Method,VMV Method,
F-Dis,VMV_1923,mg/l,Fluoride - Dissolved,"Ions by ion chromatography, dissolved",Chromatography,VMV Method,VMV Method,
F-Dis,VMV_1960,mg/l,Fluoride - Dissolved,Analysis of anions by ionic chromatography VMV 1960,Chromatography,VMV Method,VMV Method,
F-Dis,VMV_3303,mg/l,Fluoride - Dissolved,Anions are determined by ion chromatography.,Chromatography,VMV Method,VMV Method,
F-Dis,VMV_356,mg/l,Fluoride - Dissolved,Fluoride analysis with specific ion electrode,Electrochemical Analysis,VMV Method,VMV Method,
F-Dis,VMV_3560,mg/l,Fluoride - Dissolved,Dissolved ions are determined by ion chromatography with a hydroxide eluent.,Chromatography,VMV Method,VMV Method,
F-Dis,VMV_361,mg/l,Fluoride - Dissolved,Fluoride by photometric method using autoananlyzer,Colorimetry,VMV Method,VMV Method,
F-Dis,VMV_562,mg/l,Fluoride - Dissolved,Determination of major ions (cations and anions) by ion chromatography,Chromatography,VMV Method,VMV Method,
F-Dis,VMV_617,mg/l,Fluoride - Dissolved,Ions by ion exchange chromatography,Chromatography,VMV Method,VMV Method,
F-Tot,0,mg/l,Fluoride - Total,,,,,Undefined Analysis Method
F-Tot,VMV_10348,mg/l,Fluoride - Total,BC MELP EMS Code: 1341 Ion selective electrode.,Electrochemical Analysis,VMV Method,VMV Method,
F-Tot,VMV_1891,mg/l,Fluoride - Total,Ions in water by ion chromatography,Chromatography,VMV Method,VMV Method,
FDS,0,mg/l,Fixed Dissolved Solids,,,,,Undefined Analysis Method
FDS,FDS-G-105,mg/l,Fixed Dissolved Solids,Fixed Solids Ignited at 550°C from Total Dissolved Solids Dried at 180°C (105°C used),Gravimetric Analysis,"SM 2540 E, 2540 C",APHA 2012,"If oil and grease are present, the sample is blended. The sample aliquot is passed through a pre-ignited Whatman GF/C filter. The filtrate is evaporated in a pre-ignited dish, dried at 105°C and weighed to constant weight. The dish is then ignited in a muffle furnace at 550°C for one hour, cooled in a desiccator, and weighed to constant weight. The difference in weight is the fixed filterable residue."
FECALCOLI,0,1/100 ml,Fecal Coliform,,,,,Undefined Analysis Method
FECALCOLI,FCOLI-MF,1/100 ml,Fecal Coliform,Thermotolerant (Fecal) Coliform Membrane Filter Procedure,Estimation,SM 9222 D,APHA 2012,"Elevated temperature distinguishes faecal coliforms from total coliforms. Minor variations in analytical techniques can cause change in analytical results; therefore microbiological methods and sterilising procedures must be standardized to obtain uniform results from different laboratories. Method 1: Filter a volume of sample (to yield counts of 20 to 80 faecal coliform colonies), rinse with sterile water between filtration; analyse a blank membrane filter and a duplicate sample after every 10 samples. Place a sterile absorbing pad in each culture dish and saturate with M-FC medium. Place the prepared filter on medium pad, insert in waterproof container and incubate by placing in a plastic bag and immerge in a water bath at 44.5°C ± 0.2°C for 24 hours. Colonies produced by faecal coliform bacteria on M-FC medium are various shades of blue (nonfaecal coliform colonies are grey to cream coloured.). Count colonies on membrane filters using a 10 to 15 times magnifying binocular wide field microscope, with a cool white fluorescent light. Count coliforms based on 100 mL of sample. Method 2: A measured volume of water sample is filtered through a sterile cellulose ester membrane where the pore size is small enough to retain the organisms to be enumerated. The membrane is placed on an absorbent pad saturated with membrane lauryl sulphate broth (containing lactose and phenol red as indicator of acidity) and incubated 4 hours at 30°C then 14 hours at 44°C. The colonies of organism with characteristic colour and morphology are counted with subsequent confirmation of the ability to produce acid and gas from the lactose broth and indole formation from tryptophan broth. The results are expressed in number per 100 mL of sample."
FECALCOLI,MTF-OECP,1/100 ml,Fecal Coliform,Multiple-Tube Fermentation Technique (Fecal Coliform Procedure),Estimation,SM 9221 E,APHA 2012,"Elevated temperature distinguishes fecal coliforms from total coliforms. Minor variations in analytical techniques can cause change in analytical results; therefore microbiological methods and sterilising procedures must be standardized to obtain uniform results from different laboratories. Use sufficient EC medium in fermentation tubes and incubate at 20°C overnight before use; discard tubes with growth or bubbles. Arrange fermentation tubes in rows of five or ten each in test tube rack. For potable water, use five 20 mL portions, ten 10 mL portions tubes or a single 100 mL portion. For non-potable water, use five tubes per dilution (10, 1.0, 0.1 mL, etc). Shake sample well, inoculate and mix test tubes in the medium by gentle agitation. Incubate inoculated tubes or bottles at 44.5°C ± 0.2°C. Gas production with growth in an EC broth culture tube within 24 hours ± 2 hours or less is considered positive faecal coliform reaction. If absent, re-incubate for another 24 hours. The absence of acidic reaction or gas formation constitutes a negative test. Gently shake or rotate the tubes/bottles to re-suspend the organisms. With a sterile loop, transfer one or more loopfuls of culture to the fermentation tube containing brilliant green lactose bile broth (or insert a sterile applicator into the culture, quickly remove and insert to the bottom of fermentation tube containing the broth. Remove and discard applicator). Repeat for all positive presumptive tubes. Incubate at 44.5°C ± 0.2°C. Formation of gas at any time within 48 hours ± 3 hours constitutes a positive confirmed phase. Failure to produce gas (with little or no growth) constitutes a negative reaction. Calculate from the number of positive EC broth tubes."
FECALCOLI,VMV_1410,1/100 ml,Fecal Coliform,Membrane filter count per 100 mL,Estimation,VMV Method,VMV Method,
FECALCOLI,VMV_1418,1/100 ml,Fecal Coliform,Membrane filtration VMV_1418,Estimation,VMV Method,VMV Method,
FECALCOLI,VMV_2566,1/100 ml,Fecal Coliform,Determination of fecal coliform colonies by counting with low power binocular wide field microscope,Estimation,VMV Method,VMV Method,
FECALCOLI,VMV_2607,1/100 ml,Fecal Coliform,Concentration of fecal coliforms is determined as the most probable number (MPN) per 100 mL.,Estimation,VMV Method,VMV Method,
FECALSTREP,0,1/100 ml,Faecal Streptococci,,,,,Undefined Analysis Method
FECALSTREP,MFT,1/100 ml,Faecal Streptococci,Membrane Filter Technique,Estimation,SM 9230 C,APHA 1995,"Minor variations in analytical techniques can cause change in results; therefore microbiological methods and sterilising procedures must be standardized to obtain uniform results from different laboratories. Select appropriate sample volumes and filter through a 0.45 µm, gridded, sterile membrane filter to give 20 to 80 colonies on the membrane surface. Transfer filter to an agar medium petri dish, invert culture plates and incubate at 41°C ± 0.5°C for 48 hours. Carefully transfer filter to EIA medium (stable for 30 days if kept in the dark between 2°C to 10°C) and incubate at 41°C ± 0.5°C for 20 minutes. Count the colonies (per 100 mL) using a fluorescent lamp and magnifying lens. Growth of catalase-negative, gram-positive cocci on bile esculin agar and at 45°C, in brain-heart infusion broth, verifies that the colony is of the fecal streptococcus group (growth at 45°C and in 6.5% NaCl broth indicates that the colony belongs to the enterococcus group)."
FECALSTREP,MTT,1/100 ml,Faecal Streptococci,Multiple-Tube Technique,Estimation,SM 9230 B,APHA 1995,"Minor variations in analytical techniques can cause change in results; therefore microbiological methods and sterilising procedures must be standardized to obtain uniform results from different laboratories.Inoculate a series of tubes in azide dextrose broth, using appropriate volumes of sample. Use portions of 10mL or less; double the strength of broth usage for 10 mL inocula. Incubate inoculated tubes at 35°C ± 0.5°C. Examine each tube for turbidity after 24 hours; if no definite turbidity, incubate for a total of 48 hours. All turbid broth tubes are subject to a confirmation test: streak a portion of growth from dextrose broth tubes on PSE (Pfizer Selective Enterococcus) agar. Incubate the inverted dish at 35°C ± 0.5°C for 24 hours ± 2 hours. Brownish-black colonies with brown halos confirm the presence of fecal streptococci. Estimate its densities from the number of positive tubes in each dilution series that are positive on PSE agar. Compute the combination of positives and document as the most probable number (MPN)."
FECALSTREP,VMV_1421,1/100 ml,Faecal Streptococci,Membrane filtration VMV_1421,Estimation,VMV Method,VMV Method,
FENITROTHION,0,µg/l,Fenitrothion,,,,,Undefined Analysis Method
FENITROTHION,VMV_303,ng/l,Fenitrothion,Analysis of  organophosphorus and triazine pesticides in surface waters using GC-MS/MS.,Chromatography,VMV Method,VMV Method,LEEQ Method No. Q0515E0.
FENITROTHION,VMV_3216,ng/l,Fenitrothion,"Pesticides of the organophosphorus type, triazine, carbamate and urea: extraction with C-18",Chromatography,VMV Method,VMV Method,
FENOXAPROP-ETHYL,VMV_3433,ng/l,Fenoxaprop-ethyl,Neutral herbicides using liquid-liquid extraction with gas chromatography-mass selective detection,Chromatography,VMV Method,VMV Method,
FENPROPIMORPH,0,µg/l,Fenpropimorph,,,,,Undefined Analysis Method
FENTHION,0,µg/l,Fenthion,,,,,Undefined Analysis Method
FIPRONIL,0,µg/l,Fipronil,,,,,Undefined Analysis Method
FLAH,0,µg/l,Fluoranthene,,,,,Undefined Analysis Method
FLAH,EPA8310,µg/l,Fluoranthene,Polynuclear Aromatic Hydrocarbons,Chromatography,,EPA 1986,"Method 8310 provides high performance liquid chromatographic (HPLC) conditions for the detection of ppb levels of certain polynuclear aromatic hydrocarbons. Prior to use of this method, appropriate sample extraction techniques must be used. A 5- to 25-uL aliquot of the extract is injected into an HPLC, and compounds in the effluent are detected by ultraviolet (UV) and fluorescence detectors.

Collect water samples in amber glass containers with screwcaps Teflon lined septa. If residual chlorine is present, add 3 mL of 10% sodium thiosulfate per gallon. Refrigerate at 4°C until extraction. Extract within 7 days. Solid samples: Collect sample in wide-mouth glass jar. Refrigerate at 4°C until extraction. Extract within 14 days. All extracts should be stored at 4°C and analyzed within 40 days after extraction. (https://www.nemi.gov/methods/method_pdf/4727/)"
FLAH,LLE-HPLC-FD-UVD,µg/l,Fluoranthene,Liquid-Liquid Extraction High Performance Liquid Chromatography and Fluorescence/UV-Detector,Chromatography,SM 6440 B,APHA 2012,"Mark the water meniscus on the side of the sample bottle for later determination of volume. Pour entire sample into a 2-L separatory funnel and extract. Separation and clean-up is by means of a silica-gel column. Add 4mL acetonitrile and concentrate the extract in a 95-100°C water bath using a micro-Snyder column. Rinse column with 0.2 mL acetonitrile. Adjust final extract volume to 1.0mL. After the operating conditions are met, proceed with calibration and sample analysis. If the internal standard calibration procedure is being used, add internal standard to sample extract and mix thoroughly. Immediately inject 5 to 25µL sample extract or standard into HPLC using a high pressure syringe or constant-volume sample injection loop. Record volume injected to nearest 0.1 µL and resulting peak size in area or peak height units. Re-equilibrate HPLC column at initial gradient conditions for at least 10 minutes between injections. Identify compounds in sample by comparing peak retention times with peaks of standard chromatograms."
FLAH,VMV_10366,ng/ml,Fluoranthene,Alkylated polynuclear aromatic hydrocarbons (alkylated PAHs),Chromatography,VMV Method,VMV Method,
FLAH,VMV_2863,ng/l,Fluoranthene,"Analysis of OCs, PCBs, CBs and PAHs in 1 L water samples by GC-ECD and GC-MSD.",Chromatography,VMV Method,VMV Method,
FLAH,VMV_3669,ng/l,Fluoranthene,Extraction of PAHs in water by solid phase extraction (SPE) and analysis by GC-MSMS.,Chromatography,VMV Method,VMV Method,
FLAH,VMV_3670,ng/l,Fluoranthene,Extraction of alkyl PAHs in water by solid phase extraction (SPE) and analysis by GC-MSMS.,Chromatography,VMV Method,VMV Method,
FLAH,VMV_4100,µg/l,Fluoranthene,PAH and alkyl substituted PAH in water are analyzed via GC-MS.,Chromatography,VMV Method,VMV Method,
FLAH,VMV_4102,ng/l,Fluoranthene,"Analysis of OCs, PCBs, CBs & PAHs in 1 L water by GC-ECD and GC-MSD",Chromatography,VMV Method,VMV Method,
FLONICAMID,VMV_3619,ng/l,Flonicamid,Neonicotinoid insecticides in water are analyzed by ESI-LC-MS/MS.,Chromatography,VMV Method,VMV Method,
FLONICAMID,VMV_655,ng/l,Flonicamid,Multi residue analysis of pesticides in water by solid phase extraction and LC-MS/MS.,Chromatography,VMV Method,VMV Method,
FLRH,0,µg/l,"2,2'-Methylenebiphenyl",,,,,Undefined Analysis Method
FLRH,EPA8310,µg/l,"2,2'-Methylenebiphenyl",Polynuclear Aromatic Hydrocarbons,Chromatography,,EPA 1986,"Method 8310 provides high performance liquid chromatographic (HPLC) conditions for the detection of ppb levels of certain polynuclear aromatic hydrocarbons. Prior to use of this method, appropriate sample extraction techniques must be used. A 5- to 25-uL aliquot of the extract is injected into an HPLC, and compounds in the effluent are detected by ultraviolet (UV) and fluorescence detectors.

Collect water samples in amber glass containers with screwcaps Teflon lined septa. If residual chlorine is present, add 3 mL of 10% sodium thiosulfate per gallon. Refrigerate at 4°C until extraction. Extract within 7 days. Solid samples: Collect sample in wide-mouth glass jar. Refrigerate at 4°C until extraction. Extract within 14 days. All extracts should be stored at 4°C and analyzed within 40 days after extraction. (https://www.nemi.gov/methods/method_pdf/4727/)"
FLRH,LLE-HPLC-FD-UVD,µg/l,"2,2'-Methylenebiphenyl",Liquid-Liquid Extraction High Performance Liquid Chromatography and Fluorescence/UV-Detector,Chromatography,SM 6440 B,APHA 2012,"Mark the water meniscus on the side of the sample bottle for later determination of volume. Pour entire sample into a 2-L separatory funnel and extract. Separation and clean-up is by means of a silica-gel column. Add 4mL acetonitrile and concentrate the extract in a 95-100°C water bath using a micro-Snyder column. Rinse column with 0.2 mL acetonitrile. Adjust final extract volume to 1.0mL. After the operating conditions are met, proceed with calibration and sample analysis. If the internal standard calibration procedure is being used, add internal standard to sample extract and mix thoroughly. Immediately inject 5 to 25µL sample extract or standard into HPLC using a high pressure syringe or constant-volume sample injection loop. Record volume injected to nearest 0.1 µL and resulting peak size in area or peak height units. Re-equilibrate HPLC column at initial gradient conditions for at least 10 minutes between injections. Identify compounds in sample by comparing peak retention times with peaks of standard chromatograms."
FLRH,VMV_10366,ng/ml,"2,2'-Methylenebiphenyl",Alkylated polynuclear aromatic hydrocarbons (alkylated PAHs),Chromatography,VMV Method,VMV Method,
FLRH,VMV_2863,ng/l,"2,2'-Methylenebiphenyl","Analysis of OCs, PCBs, CBs and PAHs in 1 L water samples by GC-ECD and GC-MSD.",Chromatography,VMV Method,VMV Method,
FLRH,VMV_3669,ng/l,"2,2'-Methylenebiphenyl",Extraction of PAHs in water by solid phase extraction (SPE) and analysis by GC-MSMS.,Chromatography,VMV Method,VMV Method,
FLRH,VMV_3670,ng/l,"2,2'-Methylenebiphenyl",Extraction of alkyl PAHs in water by solid phase extraction (SPE) and analysis by GC-MSMS.,Chromatography,VMV Method,VMV Method,
FLRH,VMV_4100,µg/l,"2,2'-Methylenebiphenyl",PAH and alkyl substituted PAH in water are analyzed via GC-MS.,Chromatography,VMV Method,VMV Method,
FLRH,VMV_4102,ng/l,"2,2'-Methylenebiphenyl","Analysis of OCs, PCBs, CBs & PAHs in 1 L water by GC-ECD and GC-MSD",Chromatography,VMV Method,VMV Method,
FLUDIOXONIL,0,µg/l,Fludioxonil,,,,,Undefined Analysis Method
FLUDIOXONIL,VMV_3216,ng/l,Fludioxonil,"Pesticides of the organophosphorus type, triazine, carbamate and urea: extraction with C-18",Chromatography,VMV Method,VMV Method,
FLUFENACET,0,µg/l,Flufenacet,,,,,Undefined Analysis Method
FLUMETSULAM,VMV_3431,ng/l,Flumetsulam,Analysis of sulfonyl ureas and related herbicides by SPE and LC-MS/MS detection,Chromatography,VMV Method,VMV Method,
FLUPYRADIFURONE,VMV_3619,ng/l,Flupyradifurone,Neonicotinoid insecticides in water are analyzed by ESI-LC-MS/MS.,Chromatography,VMV Method,VMV Method,
FLUPYRADIFURONE,VMV_655,ng/l,Flupyradifurone,Multi residue analysis of pesticides in water by solid phase extraction and LC-MS/MS.,Chromatography,VMV Method,VMV Method,
FLUQUINCONAZOLE,0,µg/l,Fluquinconazole,,,,,Undefined Analysis Method
FLURTAMONE,0,µg/l,Flurtamone,,,,,Undefined Analysis Method
FLUTRIAFOL,0,µg/l,Flutriafol,,,,,Undefined Analysis Method
FOMESAFEN,0,µg/l,Fomesafen,,,,,Undefined Analysis Method
FOMESAFEN,VMV_3431,ng/l,Fomesafen,Analysis of sulfonyl ureas and related herbicides by SPE and LC-MS/MS detection,Chromatography,VMV Method,VMV Method,
FORAMSULFURON,VMV_3431,ng/l,Foramsulfuron,Analysis of sulfonyl ureas and related herbicides by SPE and LC-MS/MS detection,Chromatography,VMV Method,VMV Method,
FS,0,mg/l,Fixed Solids,,,,,Undefined Analysis Method
FSS,0,mg/l,Fixed Suspended Solids,,,,,Undefined Analysis Method
FSS,FSS-G,mg/l,Fixed Suspended Solids,Fixed and Volatile Solids Ignited at 550 °C,Gravimetric Analysis,SM 2540 E,APHA 2012,"Fixed Suspended Solids are defined as the residue remaining when the filter with its residue retained after completion of the test for non-filterable residue, is subjected to heat for a fixed period of time in a furnace held at 550°C. This test is conducted by taking the asbestos filter mat containing the residue for the total suspended solids (non-filterable residue) and placing it in a muffle furnace set at 550°C for 30 minutes. The filter is then cooled in a desiccator and the filter reweighed to constant weight. The increase in weight over that of the empty filter represents the fixed suspended solids."
FSS,VMV_411,mg/l,Fixed Suspended Solids,Nonfilterable fixed residue by gravimetric method,Gravimetric Analysis,VMV Method,VMV Method,
Fe-Dis,0,mg/l,Iron - Dissolved,,,,,Undefined Analysis Method
Fe-Dis,COL-TPTZ-DIS,mg/l,Iron - Dissolved,Colorimetry with TPTZ (Dissolved),Colorimetry,NAQ 26102,Environment Canada 1988,"A sample is filtered in the field through a 0.45 µm membrane filter and preserved with nitric acid. The sample aliquot is mixed with HCl solution, followed by hydroxylamine hydrochloride (NH2OH.HCl) solution (reducing ferric to ferrous ions). This solution is mixed with TPTZ (2,4,6-tripyridyl-s-triazine) solution, then buffered at 4.75. The resulting violet colour is spectrometrically measured at 588 nm and compared to identically-prepared standard and blank solutions. Alternatively (Russian methods), the sample aliquot with HCl and hydroxylamine hydrochloride is boiled for 15-20 minutes, then cooled and neutralized with ammonia solution. A buffer solution with pH 3 and 1,10-phenanthroline solution are added. The resulting pink colour is spectrometrically measured at 510 nm and compared to identically prepared standard and blank solutions.
 Interference: Precipitable organic compounds, or high concentrations of copper, nickel, and/or cobalt."
Fe-Dis,FAAS-AAc-D,mg/l,Iron - Dissolved,Direct Air-Acetylene Flame Atomic Absorption Spectrometry,Spectroscopy,SM 3111 B,APHA 2012,"A sample is filtered in the field through a 0.45 µm membrane filter and preserved with nitric acid. The sample aliquot is aspirated and the absorbance is measured spectrometrically at 248.3 nm and compared to identically-prepared standard and blank solutions, using an air-acetylene oxidizing flame."
Fe-Dis,ICP-AES-Xtr,mg/l,Iron - Dissolved,Inductively Coupled Plasma (ICP) Method (Extractable/Recoverable Metals),Spectroscopy,"SM 3120 B, 3030 C",APHA 2012,"A sample is filtered in the field through a 0.45 µm membrane filter and preserved with nitric acid. The sample aliquot is concentrated appropriately, and aspirated from an autosampler. The emission is measured at 259.9 nm and compared to identically-prepared standard and blank solutions."
Fe-Dis,ICP-MS,mg/l,Iron - Dissolved,Inductively-Coupled Plasma Mass Spectrometry,Spectroscopy,SM 3125 B,APHA 2012,"A sample is filtered in the field through a 0.45 µm membrane filter and preserved with nitric acid. The sample aliquot is aspirated into an argon-based, high temperature radio frequency plasma. The sample is dissolved, atomised and ionised. These ions are extracted from the plasma through a vacuum interface and separated on the basis of their mass to charge ratio by a mass spectrometer. The ions are counted by an electron multiplier detector and the resulting information processed by a computer database system and compared to identically-prepared standard solutions."
Fe-Dis,VMV_1920,µg/l,Iron - Dissolved,Dissolved metals with in-bottle digestion using inductively coupled plasma-sector field MS,Spectroscopy,VMV Method,VMV Method,
Fe-Dis,VMV_2632,mg/l,Iron - Dissolved,Dissolved metals by inductively coupled argon plasma emission spectrometry with external nebulizer,Spectroscopy,VMV Method,VMV Method,
Fe-Dis,VMV_2633,mg/l,Iron - Dissolved,Dissolved metals by ICP argon plasma emission spectrometry with standard spray chamber,Spectroscopy,VMV Method,VMV Method,
Fe-Dis,VMV_2725,mg/l,Iron - Dissolved,Dissolved metals are analyzed by ICP-AES,Spectroscopy,VMV Method,VMV Method,
Fe-Dis,VMV_2728,mg/l,Iron - Dissolved,Dissolved metals in filtered samples by inductively coupled plasma mass spectrometry (ICP-MS).,Spectroscopy,VMV Method,VMV Method,
Fe-Dis,VMV_3007,µg/l,Iron - Dissolved,"Dissolved metals in water by ""in-bottle"" digestion are analyzed by ICP-MS/ICP-OES.",Spectroscopy,VMV Method,VMV Method,
Fe-Dis,VMV_3017,µg/l,Iron - Dissolved,Dissolved metals by inductively coupled argon plasma-mass spectrometry technique (ICP-MS).,Spectroscopy,VMV Method,VMV Method,
Fe-Dis,VMV_3529,µg/l,Iron - Dissolved,Dissolved metals by CRC-ICP-MS with in-bottle digestion and discrete sampling pneumatic nebulization,Spectroscopy,VMV Method,VMV Method,
Fe-Dis,VMV_3584,µg/l,Iron - Dissolved,Dissolved metals by CRC-ICP-MS and discrete sampling pneumatic nebulization,Spectroscopy,VMV Method,VMV Method,
Fe-Dis,VMV_3744,µg/l,Iron - Dissolved,Analysis of dissolved metals is done by inductively coupled argon plasma mass spectrometry (ICP-MS).,Spectroscopy,VMV Method,VMV Method,
Fe-Ext,0,mg/l,Iron - Extractable,,,,,Undefined Analysis Method
Fe-Ext,COL-TPTZ-DIG,mg/l,Iron - Extractable,Colorimetry with TPTZ (Digested),Colorimetry,NAQ 26302,Environment Canada 1988,"The sample is digested with HNO3. A sample aliquot is mixed with HCl followed by hydroxylamine hydrochloride (NH2OH-HCl) solution. This is mixed with TPTZ (2,4,6-tripyridyl-S-triazine) solution, then with buffer (pH=4.75) solution. The absorbance of the TPTZ complex is spectrophotometrically measured at 588 nm, and compared with those of identically prepared standard Fe2+ solutions. Interference possible from precipitable organic compounds.
Dissolved: If turbid, the sample is passed through a 0.45µ membrane filter.
Suspended: The sample is acidified with dilute mineral acid, shaken and left overnight."
Fe-Ext,FAAS-AAc-D,mg/l,Iron - Extractable,Direct Air-Acetylene Flame Atomic Absorption Spectrometry,Spectroscopy,SM 3111 B,APHA 2012,"The whole water sample is acidified with dilute mineral acid (0.2% HNO3), shaken, left to stand overnight and analyzed by direct aspiration AAS. The absorbance is measured spectrophotometrically at wavelength 248.3 nm, and compared with those of standard solutions."
Fe-Ext,FAAS-AAc-E,mg/l,Iron - Extractable,Extraction/Air-Acetylene Flame Atomic Absorption Spectrometry,Spectroscopy,SM 3111 C,APHA 2012,"The whole water sample is acidified with dilute mineral acid (0.2% HNO3), shaken, left to stand overnight. The pH of an aliquot of this solution is adjusted to 4.75 with a buffer solution. Ammonium pyrrolidine dithiocarbamate (APDC) solution is added to the aliquot, which is then extracted with methyl isobutyl ketone (MIBK). The absorbance is measured spectrophotometrically at a wavelength of 248.3 nm and compared with those of identically prepared standards. An acetylene-air oxidizing flame is used."
Fe-Ext,VMV_1917,µg/l,Iron - Extractable,Extractable metals with inductively coupled argon plasma-sector field mass spectrometer (ICP-SFMS),Spectroscopy,VMV Method,VMV Method,
Fe-Ext,VMV_2628,mg/l,Iron - Extractable,Extractable metals by inductively coupled argon plasma (ICAP) emission.,Spectroscopy,VMV Method,VMV Method,
Fe-Ext,VMV_2729,mg/l,Iron - Extractable,Extractable metals in water samples by inductively coupled plasma mass spectrometry (ICP-MS).,Spectroscopy,VMV Method,VMV Method,
Fe-Sus,FAAS-AAc-D-NA,µg/g,Iron - Suspended,Direct Air-Acetylene Flame Atomic Absorption Spectrometry with HNO3 Digestion,Spectroscopy,SM 3111 B,APHA 2012,"A sample is filtered in the field through a 0.45 µm membrane filter. The filter, containing the residue, is digested in nitric acid. The resulting solution is then aspirated and the absorbance is measured spectrometrically at 248.3 nm and compared to identically-prepared standard and blank solutions, using an air-acetylene oxidizing flame."
Fe-Tot,0,mg/l,Iron - Total,,,,,Undefined Analysis Method
Fe-Tot,COL-TPTZ-TOT,mg/l,Iron - Total,Colorimetry with TPTZ (Total),Colorimetry,NAQ 26002,Environment Canada 1988,"A sample is preserved in the field with nitric acid. The sample aliquot is digested with nitric acid, mixed with HCl, followed by hydroxylamine hydrochloride (NH2OH.HCl) solution (reducing ferric to ferrous ions). This solution is mixed with TPTZ (2,4,6-tripyridyl-s-triazine) solution and buffered at pH 4.75. The absorbance of the resulting violet colour is measured spectrometrically at 588 nm and compared to identically-prepared standard and blank solutions."
Fe-Tot,FAAS-AAc-D-NA,mg/l,Iron - Total,Direct Air-Acetylene Flame Atomic Absorption Spectrometry with HNO3 Digestion,Spectroscopy,SM 3111 B,APHA 2012,"A sample is preserved in the field with nitric acid. The sample aliquot is digested in nitric acid, diluted appropriately, then aspirated and the absorbance is measured spectrometrically at 248.3 nm and compared to identically-prepared standard and blank solutions, using an air-acetylene oxidizing flame."
Fe-Tot,ICP-AES-Dgs,mg/l,Iron - Total,Inductively Coupled Plasma (ICP) Method (Total Metals after Rigorous Digestion),Spectroscopy,SM 3120 B,APHA 2012,A sample is preserved in the field with diluted mineral acid. The sample aliquot is digested in aqua regia solution and evaporated to near dryness. The residue is dissolved in concentrated HCl and diluted to one-fifth of the aliquot's original volume. The emission is measured at 259.9 nm and compared to identically-prepared standard and blank solutions.
Fe-Tot,ICP-AES-Xtr,mg/l,Iron - Total,Inductively Coupled Plasma (ICP) Method (Extractable/Recoverable Metals),Spectroscopy,"SM 3120 B, 3030 C",APHA 2012,"A sample is preserved in the field with nitric acid. The sample aliquot is digested in nitric acid or aqua regia, concentrated appropriately and aspirated from an autosampler. The emission is measured at 259.9 nm and compared to identically-prepared standard and blank solutions."
Fe-Tot,ICP-MS,mg/l,Iron - Total,Inductively-Coupled Plasma Mass Spectrometry,Spectroscopy,SM 3125 B,APHA 2012,"A sample is preserved in the field with nitric acid. The sample aliquot is aspirated into an argon-based, high temperature radio frequency plasma. The sample is dissolved, atomised and ionised. These ions are extracted from the plasma through a vacuum interface and separated on the basis of their mass to charge ratio by a mass spectrometer. The ions are counted by an electron multiplier detector and the resulting information processed by a computer database system and compared to identically-prepared standard and blank solutions."
Fe-Tot,ICP-SFMS-CVD,mg/l,Iron - Total,Inductively-Coupled Plasma Sector Field Mass Spectrometry with Closed Vessel Digestion,Spectroscopy,SM 3125 B,APHA 2012,"Closed Vessel Digestion - The whole water sample is collected, preserved with 2% H2NO3, and stored in a HDPE or Teflon bottle. The sample is digested ""in-bottle"" in a convection oven at 60°C for 16 hours. The sample is cooled and introduced to an inductively coupled argon plasma-sector field mass spectrometer (ICP-SFMS) by pneumatic nebulization. Each respective element is measured at a specific mass to charge ratio, m/z value expressed in amu (atomic mass units), and at a specified instrument resolution. LR: Low Resolution ~ 300, MR: Mid Resolution ~ 4000 and HR : High Resolution ~ 10000"
Fe-Tot,VMV_1919,µg/l,Iron - Total,Total metals with in-bottle digestion and inductively coupled plasma-sector field mass spectrometer,Spectroscopy,VMV Method,VMV Method,
Fe-Tot,VMV_2459,µg/l,Iron - Total,Total recoverable metals with thermal digestion and inductively coupled plasma mass spectrometry,Spectroscopy,VMV Method,VMV Method,
Fe-Tot,VMV_2631,mg/l,Iron - Total,Total metals by inductively coupled argon plasma emission spectrometry with standard spray chamber,Spectroscopy,VMV Method,VMV Method,
Fe-Tot,VMV_2634,mg/l,Iron - Total,Total metals by inductively coupled argon plasma emission spectrometry with external nebulizer.,Spectroscopy,VMV Method,VMV Method,
Fe-Tot,VMV_2903,µg/g,Iron - Total,Metals in soil by inductively coupled plasma atomic/atomic emission spectroscopy (ICP-AES).,Spectroscopy,VMV Method,VMV Method,
Fe-Tot,VMV_2960,mg/l,Iron - Total,"Total metals in water by ""in bottle"" digestion are analyzed by ICP-MS/ICP-OES.",Spectroscopy,VMV Method,VMV Method,
Fe-Tot,VMV_3528,µg/l,Iron - Total,Total metals by CRC-ICP-MS with in-bottle digestion and discrete sampling pneumatic nebulization,Spectroscopy,VMV Method,VMV Method,
Fe-Tot,VMV_3583,µg/l,Iron - Total,Total metals by CRC-ICP-MS and discrete sampling pneumatic nebulization,Spectroscopy,VMV Method,VMV Method,
Fe-Tot,VMV_375,µg/l,Iron - Total,Total metals in water by ICP-MS,Spectroscopy,VMV Method,VMV Method,
GCHLORDANE,GC-ECD-ENV718,µg/l,Gamma-Chlordane,Gas Chromatography (ENV 718),Chromatography,ENV 718,Environment Canada 1995,"A 1 litre sample is extracted by benzene or hexane, and the extract dried, concentrated and cleaned up on a Florisil column for the preliminary separation. The eluates are concentrated, and injected into a gas chromatograph using electron capture detection. The pesticide is confirmed qualitatively by thin layer chromatography (TLC) and measured quantitatively by comparing the non-solvent areas of the chromatogram to those of standard solutions of the purified pesticide."
GCHLORDANE,VMV_2863,ng/l,Gamma-Chlordane,"Analysis of OCs, PCBs, CBs and PAHs in 1 L water samples by GC-ECD and GC-MSD.",Chromatography,VMV Method,VMV Method,
GCHLORDANE,VMV_3654,ng/l,Gamma-Chlordane,Chlorobenzenes and organochlorine pesticides by liquid-liquid extraction and GC-MS/MS detection.,Chromatography,VMV Method,VMV Method,
GLUFOSINATE,0,µg/l,Glufosinate,,,,,Undefined Analysis Method
GLUFOSINATE,VMV_3543,ng/l,Glufosinate,"Determination of glyphosate, glufosinate and AMPA by LS-MS/MS (AXYS method MLA-054).",Chromatography,VMV Method,VMV Method,
GLYPHOSATE,0,µg/l,N-(phosphonomethyl)glycine,,,,,Undefined Analysis Method
GLYPHOSATE,VMV_3543,ng/l,N-(phosphonomethyl)glycine,"Determination of glyphosate, glufosinate and AMPA by LS-MS/MS (AXYS method MLA-054).",Chromatography,VMV Method,VMV Method,
GUTHION,0,µg/l,Azinphos-methyl,,,,,Undefined Analysis Method
GUTHION,VMV_303,ng/l,Azinphos-methyl,Analysis of  organophosphorus and triazine pesticides in surface waters using GC-MS/MS.,Chromatography,VMV Method,VMV Method,LEEQ Method No. Q0515E0.
Ga-Dis,VMV_1920,µg/l,Gallium - Dissolved,Dissolved metals with in-bottle digestion using inductively coupled plasma-sector field MS,Spectroscopy,VMV Method,VMV Method,
Ga-Dis,VMV_3007,µg/l,Gallium - Dissolved,"Dissolved metals in water by ""in-bottle"" digestion are analyzed by ICP-MS/ICP-OES.",Spectroscopy,VMV Method,VMV Method,
Ga-Dis,VMV_3529,µg/l,Gallium - Dissolved,Dissolved metals by CRC-ICP-MS with in-bottle digestion and discrete sampling pneumatic nebulization,Spectroscopy,VMV Method,VMV Method,
Ga-Dis,VMV_3584,µg/l,Gallium - Dissolved,Dissolved metals by CRC-ICP-MS and discrete sampling pneumatic nebulization,Spectroscopy,VMV Method,VMV Method,
Ga-Ext,VMV_1917,µg/l,Gallium - Extractable,Extractable metals with inductively coupled argon plasma-sector field mass spectrometer (ICP-SFMS),Spectroscopy,VMV Method,VMV Method,
Ga-Ext,VMV_2817,µg/l,Gallium - Extractable,Extractable metals by inductively coupled argon plasma-mass spectrometry with pneumatic nebulization,Spectroscopy,VMV Method,VMV Method,
Ga-Tot,VMV_1919,µg/l,Gallium - Total,Total metals with in-bottle digestion and inductively coupled plasma-sector field mass spectrometer,Spectroscopy,VMV Method,VMV Method,
Ga-Tot,VMV_2459,µg/l,Gallium - Total,Total recoverable metals with thermal digestion and inductively coupled plasma mass spectrometry,Spectroscopy,VMV Method,VMV Method,
Ga-Tot,VMV_2960,µg/l,Gallium - Total,"Total metals in water by ""in bottle"" digestion are analyzed by ICP-MS/ICP-OES.",Spectroscopy,VMV Method,VMV Method,
Ga-Tot,VMV_3528,µg/l,Gallium - Total,Total metals by CRC-ICP-MS with in-bottle digestion and discrete sampling pneumatic nebulization,Spectroscopy,VMV Method,VMV Method,
Ga-Tot,VMV_3583,µg/l,Gallium - Total,Total metals by CRC-ICP-MS and discrete sampling pneumatic nebulization,Spectroscopy,VMV Method,VMV Method,
H-Ca,0,mg/l,Hardness - Calcium,,,,,Undefined Analysis Method
H-Mg,0,mg/l,Hardness - Magnesium,,,,,Undefined Analysis Method
H-NC,H-NC-CALC-H-Alk,mg/l,Hardness - NonCarbonate,Non-Carbonate Hardness by Calculation,Calculation,,,"Hardness, non-carbonate (mg/L as CaCO3) = Hardness (me/L) - Alkalinity (me/L) *50.05"
H-NC,VMV_428,mg/l,Hardness - NonCarbonate,Calculated method VMV_428,Calculation,VMV Method,VMV Method,
H-T,0,mg/l,Hardness - Total,,,,,Undefined Analysis Method
H-T,H-T-CALC-Ca-Mg,mg/l,Hardness - Total,Hardness by Calculation,Calculation,SM 2340 B,APHA 2012,Total Hardness as mg CaCO3/L = 2.497 * Ca [mg/L] + 4.117 * Mg [mg/L]
H-T,T-COL-EDTA-EBT,mg/l,Hardness - Total,Colorimetric Titration with EDTA using Eriochrome Black T as Indicator,Titration,SM 2340 C,APHA 2012,"If turbid, the sample aliquot is filtered through a 0.45 µm membrane filter. The titration method depends on the ability of the ethylenediamine tetraacetic acid (EDTA) and its sodium salts to form stable unionised complexes with calcium and magnesium ions. A buffer solution (NH4Cl, NH4OH, and Mg salt of EDTA) is added to a sample aliquot to adjust the pH between 10.1 - 10.2, followed by an indicator (Eriochrome Black T) (See Appendix 8) forming a pink complex. Upon titration, the EDTA removes the calcium and magnesium from the complex dye and changes the solution to its original blue colour as an end point."
H-T,VMV_10335,mg/l,Hardness - Total,BC MELP EMS Code: CCAL (Extractable).,Spectroscopy,VMV Method,VMV Method,
H-T,VMV_313,mg/l,Hardness - Total,Total hardness,Titration,VMV Method,VMV Method,
H-T,VMV_422,mg/l,Hardness - Total,Total hardness by calculated method VMV_422,Calculation,VMV Method,VMV Method,
H-T,VMV_423,mg/l,Hardness - Total,Total hardness by calculated method VMV_423,Calculation,VMV Method,VMV Method,
H-T,VMV_472,mg/l,Hardness - Total,Hardness calculated using the cations magnesium and calcium.,Calculation,VMV Method,VMV Method,
H2S,0,mg/l,Dihydridosulfur,,,,,Undefined Analysis Method
H2S-Dis,0,mg/l,Dihydridosulfur - Dissolved,,,,,Undefined Analysis Method
HA,COL-UV-FLR,mg/l,Humic Acid,UV Spectrofluorimetry,Colorimetry,ENV 175,Environment Canada 2007,"If turbid, sample is passed through a 0.45 µ membrane filter. The pH of the filtrate is adjusted to 6.0. An aliquot of the filtrate is then excited at 270 mu and the fluorescent emission measured spectrofluorimetrically at 452 mu, and compared with those of standard purified humic acid solutions. (It can also be measured at 250 mu). Interference: water background fluorescence."
HALOXYFOP-METHYL,0,µg/l,Haloxyfop Methyl,,,,,Undefined Analysis Method
HC-Tot,0,µg/l,Total Hydrocarbons,,,,,Undefined Analysis Method
HCB,0,µg/l,Hexachlorobenzene,,,,,Undefined Analysis Method
HCB,VMV_2863,ng/l,Hexachlorobenzene,"Analysis of OCs, PCBs, CBs and PAHs in 1 L water samples by GC-ECD and GC-MSD.",Chromatography,VMV Method,VMV Method,
HCB,VMV_3654,ng/l,Hexachlorobenzene,Chlorobenzenes and organochlorine pesticides by liquid-liquid extraction and GC-MS/MS detection.,Chromatography,VMV Method,VMV Method,
HCCPD,0,µg/l,Hexachlorocyclopentadiene,,,,,Undefined Analysis Method
HCO3,0,mg/l,Hydrogencarbonate,,,,,Undefined Analysis Method
HCO3,VMV_135,mg/l,Hydrogencarbonate,Calculated value VMV 135,Calculation,VMV Method,VMV Method,
HEPTACHLOR,0,µg/l,Heptachlor,,,,,Undefined Analysis Method
HEPTACHLOR,LLE-GC-ECD,µg/l,Heptachlor,Liquid-Liquid Extraction Gas Chromatographic Method I with Electron Capture Detector,Chromatography,SM 6630 B,APHA 2012,"A 1 litre sample is extracted by benzene or hexane, and the extract dried, concentrated and cleaned up on a Florisil column for the preliminary separation. The eluates are concentrated, and injected into a gas chromatograph using electron capture detection. The pesticide is confirmed qualitatively by thin layer chromatography (TLC) and measured quantitatively by comparing the non-solvent areas of the chromatogram to those of standard solutions of the purified pesticide."
HEPTACHLOR,VMV_2863,ng/l,Heptachlor,"Analysis of OCs, PCBs, CBs and PAHs in 1 L water samples by GC-ECD and GC-MSD.",Chromatography,VMV Method,VMV Method,
HEPTACHLOR,VMV_3654,ng/l,Heptachlor,Chlorobenzenes and organochlorine pesticides by liquid-liquid extraction and GC-MS/MS detection.,Chromatography,VMV Method,VMV Method,
HEPTACHLOREPOX,0,µg/l,Heptachlor Epoxide,,,,,Undefined Analysis Method
HEPTACHLOREPOX,LLE-GC-ECD,µg/l,Heptachlor Epoxide,Liquid-Liquid Extraction Gas Chromatographic Method I with Electron Capture Detector,Chromatography,SM 6630 B,APHA 2012,"A 1 litre sample is extracted by benzene or hexane, and the extract dried, concentrated and cleaned up on a Florisil column for the preliminary separation. The eluates are concentrated, and injected into a gas chromatograph using electron capture detection. The pesticide is confirmed qualitatively by thin layer chromatography (TLC) and measured quantitatively by comparing the non-solvent areas of the chromatogram to those of standard solutions of the purified pesticide."
HEPTACHLOREPOX,VMV_2863,ng/l,Heptachlor Epoxide,"Analysis of OCs, PCBs, CBs and PAHs in 1 L water samples by GC-ECD and GC-MSD.",Chromatography,VMV Method,VMV Method,
HEPTACHLOREPOX,VMV_3654,ng/l,Heptachlor Epoxide,Chlorobenzenes and organochlorine pesticides by liquid-liquid extraction and GC-MS/MS detection.,Chromatography,VMV Method,VMV Method,
HEXACHLORETHANE,0,µg/l,Hexachloroethane,,,,,Undefined Analysis Method
HEXAZINONE,0,µg/l,Hexazinone,,,,,Undefined Analysis Method
HYDRAZOBENZENE,0,µg/l,"1,2-Diphenylhydrazine",,,,,Undefined Analysis Method
HeptaBDE,0,µg/l,Heptabromodiphenylether,,,,,Undefined Analysis Method
HeptaBDE,VMV_3221,pg/l,Heptabromodiphenylether,Analysis of polybrominated diphenyl ethers in solids using GC-HRMS Technique Q0512D0.,Chromatography,VMV Method,VMV Method,
HeptaBDE,VMV_3228,pg/l,Heptabromodiphenylether,"Analysis of polybrominated diphenyl ethers (PBDE) in water, biological tissues, sediment and soils",Chromatography,VMV Method,VMV Method,CEAEQ Method not available.
HexaBDE,0,µg/l,Hexabromodiphenylether,,,,,Undefined Analysis Method
HexaBDE,VMV_3221,pg/l,Hexabromodiphenylether,Analysis of polybrominated diphenyl ethers in solids using GC-HRMS Technique Q0512D0.,Chromatography,VMV Method,VMV Method,
HexaBDE,VMV_3228,pg/l,Hexabromodiphenylether,"Analysis of polybrominated diphenyl ethers (PBDE) in water, biological tissues, sediment and soils",Chromatography,VMV Method,VMV Method,CEAEQ Method not available.
Hg-Dis,0,µg/l,Mercury - Dissolved,,,,,Undefined Analysis Method
Hg-Dis,AAS-CV-SA-PPM-PPS,µg/l,Mercury - Dissolved,"Cold-Vapor Atomic Absorption Spectrometric Method with H2SO4, KMnO4 and K2S2O8 Digestion",Spectroscopy,SM 3112 B,APHA 2012,"A sample is filtered in the field through a 0.45 µm membrane filter and preserved with potassium dichromate and sulphuric acid. The sample aliquot is digested with sulphuric acid, potassium permanganate and potassium persulphate. The mercury compounds are reduced with stannous sulphate in a hydroxylamine sulphate-sodium chloride solution to elemental mercury, then sparged from the solution with a stream of air and the absorption is measured spectrometrically, using a mercury lamp, at 253.7 nm and compared to identically-prepared standard and blank solutions."
Hg-Dis,VMV_3656,ng/l,Mercury - Dissolved,Mercury in water is determined by spectrometric fluorescence.,Colorimetry,VMV Method,VMV Method,
Hg-Ext,VMV_1611,µg/l,Mercury - Extractable,Mercury by flameless atomic absorption on autoanalyzer,Spectroscopy,VMV Method,VMV Method,
Hg-Sus,AAS-CV-N-S-H-PPM-PPS,µg/g,Mercury - Suspended,"Cold-Vapor Atomic Absorption Spectrometric Method with HNO3, H2SO4, HCl, KMnO4 and K2S2O8 Digestion",Spectroscopy,SM 3112 B,APHA 2012,"A sample is filtered in the field through a 0.45 µm membrane filter and preserved. The filter, containing the residue, is digested in nitric, sulphuric and hydrochloric acids and potassium permanganate and persulphate solutions. The mercury compounds are reduced with stannous sulphate in a hydroxylamine sulphate-sodium chloride solution to elemental mercury, then sparged from the solution with a stream of air and the absorption is measured spectrometrically, using a mercury lamp, at 253.7 nm and compared to identically-prepared standard and blank solutions."
Hg-Sus,VMV_4054,ng/l,Mercury - Suspended,Low level mercury in water is analyzed by atomic fluorescence using a gold trap.,Spectroscopy,VMV Method,VMV Method,
Hg-Sus,VMV_4055,µg/l,Mercury - Suspended,Total mercury in water is analyzed by atomic fluorescence.,Spectroscopy,VMV Method,VMV Method,
Hg-Tot,0,µg/l,Mercury - Total,,,,,Undefined Analysis Method
Hg-Tot,AAS-CV-SA-PDC-UV,µg/l,Mercury - Total,"Cold-Vapor Atomic Absorption Spectrometric Method with H2SO4, Cr2K2O7 and UV Digestion",Spectroscopy,SM 3112 B,APHA 2012,"The sample is preserved in the field with potassium dichromate and sulphuric acid. The shaken sample aliquot and its particulates are digested with sulphuric acid, potassium dichromate and ultra violet (UV) photo-oxidation. The mercury compounds are reduced with stannous sulphate in a hydroxylamine sulphate-sodium chloride solution to elemental mercury, then sparged from the solution with a stream of air and the absorption is measured spectrometrically, using a mercury lamp, at 253.7 nm and compared to identically-prepared standard and blank solutions. The method is applicable to surface, ground and saline waters."
Hg-Tot,AAS-CV-SA-PPM-PPS,µg/l,Mercury - Total,"Cold-Vapor Atomic Absorption Spectrometric Method with H2SO4, KMnO4 and K2S2O8 Digestion",Spectroscopy,SM 3112 B,APHA 2012,"A sample is preserved in the field with potassium dichromate and sulphuric acid. The shaken sample aliquot is digested with sulphuric acid, potassium permanganate and potassium persulphate. The mercury compounds are reduced with stannous sulphate, in a hydroxylamine sulphate-sodium chloride solution, to elemental mercury, then sparged from the solution with a stream of air and the absorption is measured spectrometrically, using a mercury lamp, at 253.7 nm and compared to identically-prepared standard and blank solutions."
Hg-Tot,ICP-MS,µg/l,Mercury - Total,Inductively-Coupled Plasma Mass Spectrometry,Spectroscopy,SM 3125 B,APHA 2012,"Prepare sample in clean environment and follow manufacturer's standard operating procedure for initialization, mass calibration, gas flow optimization, and other instrument operating conditions. Apply the analytical run sequence."
Hg-Tot,VMV_2639,µg/l,Mercury - Total,Determination of mercury concentration using flameless atomic absorption on an autoanalyser.,Spectroscopy,VMV Method,VMV Method,
Hg-Tot,VMV_3656,ng/l,Mercury - Total,Mercury in water is determined by spectrometric fluorescence.,Colorimetry,VMV Method,VMV Method,
Hg-Tot,VMV_4008,ng/l,Mercury - Total,Mercury by cold vapor atomic fluorescence detector with concentration by an inline gold trap.,Spectroscopy,VMV Method,VMV Method,
IBUPROFEN,0,µg/l,Ibuprofen,,,,,Undefined Analysis Method
IDN123CDPYR,0,µg/l,"Indeno[1,2,3-cd]pyrene",,,,,Undefined Analysis Method
IDN123CDPYR,EPA8310,µg/l,"Indeno[1,2,3-cd]pyrene",Polynuclear Aromatic Hydrocarbons,Chromatography,,EPA 1986,"Method 8310 provides high performance liquid chromatographic (HPLC) conditions for the detection of ppb levels of certain polynuclear aromatic hydrocarbons. Prior to use of this method, appropriate sample extraction techniques must be used. A 5- to 25-uL aliquot of the extract is injected into an HPLC, and compounds in the effluent are detected by ultraviolet (UV) and fluorescence detectors.

Collect water samples in amber glass containers with screwcaps Teflon lined septa. If residual chlorine is present, add 3 mL of 10% sodium thiosulfate per gallon. Refrigerate at 4°C until extraction. Extract within 7 days. Solid samples: Collect sample in wide-mouth glass jar. Refrigerate at 4°C until extraction. Extract within 14 days. All extracts should be stored at 4°C and analyzed within 40 days after extraction. (https://www.nemi.gov/methods/method_pdf/4727/)"
IDN123CDPYR,LLE-HPLC-FD-UVD,µg/l,"Indeno[1,2,3-cd]pyrene",Liquid-Liquid Extraction High Performance Liquid Chromatography and Fluorescence/UV-Detector,Chromatography,SM 6440 B,APHA 2012,"Mark the water meniscus on the side of the sample bottle for later determination of volume. Pour entire sample into a 2-L separatory funnel and extract. Separation and clean-up is by means of a silica-gel column. Add 4mL acetonitrile and concentrate the extract in a 95-100°C water bath using a micro-Snyder column. Rinse column with 0.2 mL acetonitrile. Adjust final extract volume to 1.0mL. After the operating conditions are met, proceed with calibration and sample analysis. If the internal standard calibration procedure is being used, add internal standard to sample extract and mix thoroughly. Immediately inject 5 to 25µL sample extract or standard into HPLC using a high pressure syringe or constant-volume sample injection loop. Record volume injected to nearest 0.1 µL and resulting peak size in area or peak height units. Re-equilibrate HPLC column at initial gradient conditions for at least 10 minutes between injections. Identify compounds in sample by comparing peak retention times with peaks of standard chromatograms."
IDN123CDPYR,VMV_2863,ng/l,"Indeno[1,2,3-cd]pyrene","Analysis of OCs, PCBs, CBs and PAHs in 1 L water samples by GC-ECD and GC-MSD.",Chromatography,VMV Method,VMV Method,
IDN123CDPYR,VMV_3669,ng/l,"Indeno[1,2,3-cd]pyrene",Extraction of PAHs in water by solid phase extraction (SPE) and analysis by GC-MSMS.,Chromatography,VMV Method,VMV Method,
IDN123CDPYR,VMV_4100,µg/l,"Indeno[1,2,3-cd]pyrene",PAH and alkyl substituted PAH in water are analyzed via GC-MS.,Chromatography,VMV Method,VMV Method,
IMAZALIL,0,µg/l,Enilconazole,,,,,Undefined Analysis Method
IMAZAMOX,VMV_287,ng/l,Imazamox,Analysis of acidic herbicides by SPE and LC-MS/MS.,Chromatography,VMV Method,VMV Method,
IMAZAPHYR,VMV_287,ng/l,Imazapyr,Analysis of acidic herbicides by SPE and LC-MS/MS.,Chromatography,VMV Method,VMV Method,
IMAZETHAPYR,VMV_247,ng/l,Imazethapyr,Acid herbicides extracted using Strata-X SPE cartridges.,Chromatography,VMV Method,VMV Method,
IMAZETHAPYR,VMV_3002,ng/l,Imazethapyr,Analysis of acidic herbicides in water using GC-MSD.,Chromatography,VMV Method,VMV Method,
IMIDACLOPRID,0,µg/l,Imidacloprid,,,,,Undefined Analysis Method
IMIDACLOPRID,VMV_3619,ng/l,Imidacloprid,Neonicotinoid insecticides in water are analyzed by ESI-LC-MS/MS.,Chromatography,VMV Method,VMV Method,
IMIDACLOPRID,VMV_655,ng/l,Imidacloprid,Multi residue analysis of pesticides in water by solid phase extraction and LC-MS/MS.,Chromatography,VMV Method,VMV Method,
INDENE,VMV_2863,ng/l,1H-Indene,"Analysis of OCs, PCBs, CBs and PAHs in 1 L water samples by GC-ECD and GC-MSD.",Chromatography,VMV Method,VMV Method,
IOXYNIL,0,µg/l,Ioxynil,,,,,Undefined Analysis Method
IP,0,µg/l,Isophorone,,,,,Undefined Analysis Method
IPBZ,0,µg/l,(1-methylethyl)benzene,,,,,Undefined Analysis Method
IPRODIONE,0,µg/l,Iprodione,,,,,Undefined Analysis Method
ISODRIN,0,µg/l,"1,4,5,8-Dimethanonaphthalene",,,,,Undefined Analysis Method
ISOPROTURON,0,µg/l,"3-p-cumenyl-1,1-dimethylurea",,,,,Undefined Analysis Method
K-Dis,0,mg/l,Potassium - Dissolved,,,,,Undefined Analysis Method
K-Dis,FAAS-AAc-D,mg/l,Potassium - Dissolved,Direct Air-Acetylene Flame Atomic Absorption Spectrometry,Spectroscopy,SM 3111 B,APHA 2012,"A sample is filtered in the field through a 0.45 µm membrane filter and preserved at 4°C. The sample aliquot, mixed with an alkaline salt to overcome the ionisation effect, is aspirated through a burner head, measured spectrometrically at a wavelength of 766.5 nm and compared to identically-prepared standard and blank solutions, using an air-acetylene oxidizing flame."
K-Dis,FPD,mg/l,Potassium - Dissolved,Flame Photometric Detection,Spectroscopy,SM 3500-K/Na B,APHA 2012,"A sample is filtered in the field through a 0.45 µm membrane filter and preserved at 4°C. The sample aliquot is mixed with a lithium nitrate solution, as an internal standard, and aspirated into a flame photometer at the wavelength of 768 nm and compared to the internal standard at 671 nm and compared to identically-prepared standard and blank solutions, using a propane and air flame. Note: In the case of precipitation samples, a decanted aliquot of the unshaken, unfiltered sample is normally taken for analysis"
K-Dis,ICP-AES-ENV440,mg/l,Potassium - Dissolved,Inductively Coupled Plasma (ICP) Method (Environment Canada 1995),Spectroscopy,SM 3120 B,APHA 2012,"The sample is passed through a 0.45µ membrane filter and preserved with 2 mL HNO3 per litre. Following open-vessel digestion with HNO3/HCl, the digest emission is measured spectrophotometrically at 766.5 nm."
K-Dis,VMV_10320,mg/l,Potassium - Dissolved,"BC MELP EMS CODE: F039  field filtered, acid, ICP-AES.",Spectroscopy,VMV Method,VMV Method,
K-Dis,VMV_1961,mg/l,Potassium - Dissolved,Analysis of cations by ionic chromatography VMV 1961,Chromatography,VMV Method,VMV Method,
K-Dis,VMV_2632,mg/l,Potassium - Dissolved,Dissolved metals by inductively coupled argon plasma emission spectrometry with external nebulizer,Spectroscopy,VMV Method,VMV Method,
K-Dis,VMV_2725,mg/l,Potassium - Dissolved,Dissolved metals are analyzed by ICP-AES,Spectroscopy,VMV Method,VMV Method,
K-Dis,VMV_2741,mg/l,Potassium - Dissolved,Major ions in filtered samples by optical emission spectrometry (OES) and direct aspiration.,Spectroscopy,VMV Method,VMV Method,
K-Dis,VMV_2854,mg/l,Potassium - Dissolved,Analysis of potassium and sodium in filtered sample by AAS,Spectroscopy,VMV Method,VMV Method,
K-Dis,VMV_2912,mg/l,Potassium - Dissolved,Analysis of anions and cations by suppressed ion chromatography,Chromatography,VMV Method,VMV Method,
K-Dis,VMV_333,mg/l,Potassium - Dissolved,Dissolved metals in water by ICP-OES,Spectroscopy,VMV Method,VMV Method,
K-Dis,VMV_3553,mg/l,Potassium - Dissolved,Metals in environmental samples are determined using collision/reaction cell (CRC) ICP-MS.,Spectroscopy,VMV Method,VMV Method,
K-Dis,VMV_3628,mg/l,Potassium - Dissolved,Filtered cations by inductively coupled plasma-optical emission spectrometer (ICP-OES).,Spectroscopy,VMV Method,VMV Method,
K-Dis,VMV_383,mg/l,Potassium - Dissolved,Major ions by IC - EC LEEQ laboratory,Spectroscopy,VMV Method,VMV Method,
K-Dis,VMV_445,mg/l,Potassium - Dissolved,Major ions by flame photometry,Colorimetry,VMV Method,VMV Method,
K-Dis,VMV_562,mg/l,Potassium - Dissolved,Determination of major ions (cations and anions) by ion chromatography,Chromatography,VMV Method,VMV Method,
K-Ext,0,mg/l,Potassium - Extractable,,,,,Undefined Analysis Method
K-Ext,VMV_10301,mg/l,Potassium - Extractable,BC MELP EMS Code: F055 No preservation/no filtration/no digestion: ICP shortcut.,Spectroscopy,VMV Method,VMV Method,
K-Ext,VMV_2628,mg/l,Potassium - Extractable,Extractable metals by inductively coupled argon plasma (ICAP) emission.,Spectroscopy,VMV Method,VMV Method,
K-Ext,VMV_2729,mg/l,Potassium - Extractable,Extractable metals in water samples by inductively coupled plasma mass spectrometry (ICP-MS).,Spectroscopy,VMV Method,VMV Method,
K-Ext,VMV_2742,mg/l,Potassium - Extractable,Major ions in unfiltered samples by optical emission spectrometry (OES) and direct aspiration.,Spectroscopy,VMV Method,VMV Method,
K-Tot,0,mg/l,Potassium - Total,,,,,Undefined Analysis Method
K-Tot,FAAS-AAc-D,mg/l,Potassium - Total,Direct Air-Acetylene Flame Atomic Absorption Spectrometry,Spectroscopy,SM 3111 B,APHA 2012,"A sample is preserved in the field at 4°C. The sample aliquot, mixed with an alkaline salt to overcome the ionisation effect, is aspirated through a burner head, measured spectrometrically at a wavelength of 766.5 nm and compared to identically-prepared standard and blank solutions, using an air-acetylene oxidizing flame."
K-Tot,ICP-AES,mg/l,Potassium - Total,Inductively Coupled Plasma (ICP) Method,Spectroscopy,SM 3120 B,APHA 2012,"After preparing samples and obtaining the correct operating conditions. Calibrate the instrument and analyze the samples. Analysis is done by running a calibration blank and then the actual sample. Rinse for at least 60 seconds with dilute acid between samples and blanks. Analyze instrument check standard once per 10 samples.
Suggested wavelength for K is 766.49nm."
K-Tot,ICP-AES-Dgs,mg/l,Potassium - Total,Inductively Coupled Plasma (ICP) Method (Total Metals after Rigorous Digestion),Spectroscopy,SM 3120 B,APHA 2012,"Samples are preserved with 2 mL HNO3 per litre. Preconcentration by evaporation to near dryness with HNO3 or aqua regia (HNO3/HCl ratio v/v: 1to 3). Residue is taken up with HCl, and digested to near dryness, then brought to one-fifth or one-tenth original volume with deionized water. Digest is filtered through 0.4 um membrane before analysis. The emission is measured spectrophotometrically at 766.5 nm."
K-Tot,VMV_2634,mg/l,Potassium - Total,Total metals by inductively coupled argon plasma emission spectrometry with external nebulizer.,Spectroscopy,VMV Method,VMV Method,
K-Tot,VMV_2855,mg/l,Potassium - Total,Analysis of potassium and sodium in unfiltered samples by AAS,Spectroscopy,VMV Method,VMV Method,
K-Tot,VMV_2960,mg/l,Potassium - Total,"Total metals in water by ""in bottle"" digestion are analyzed by ICP-MS/ICP-OES.",Spectroscopy,VMV Method,VMV Method,
K-Tot,VMV_3743,mg/l,Potassium - Total,Total major ions by microwave digestion and inductively coupled argon plasma emission spectroscopy,Spectroscopy,VMV Method,VMV Method,
KEPONE,0,µg/l,Chlordecone,,,,,Undefined Analysis Method
KRESOXIM-METHYL,0,µg/l,Kresoxim Methyl,,,,,Undefined Analysis Method
LAMBDA-CYHALOTHRIN,0,µg/l,lambda-Cyhalothrin,,,,,Undefined Analysis Method
LENACIL,0,µg/l,Lenacil,,,,,Undefined Analysis Method
LINURON,0,µg/l,Linuron,,,,,Undefined Analysis Method
LINURON,VMV_303,ng/l,Linuron,Analysis of  organophosphorus and triazine pesticides in surface waters using GC-MS/MS.,Chromatography,VMV Method,VMV Method,LEEQ Method No. Q0515E0.
LINURON,VMV_3216,ng/l,Linuron,"Pesticides of the organophosphorus type, triazine, carbamate and urea: extraction with C-18",Chromatography,VMV Method,VMV Method,
LINURON,VMV_3431,ng/l,Linuron,Analysis of sulfonyl ureas and related herbicides by SPE and LC-MS/MS detection,Chromatography,VMV Method,VMV Method,
La-Dis,VMV_1920,µg/l,Lanthanum - Dissolved,Dissolved metals with in-bottle digestion using inductively coupled plasma-sector field MS,Spectroscopy,VMV Method,VMV Method,
La-Dis,VMV_3007,µg/l,Lanthanum - Dissolved,"Dissolved metals in water by ""in-bottle"" digestion are analyzed by ICP-MS/ICP-OES.",Spectroscopy,VMV Method,VMV Method,
La-Dis,VMV_3529,µg/l,Lanthanum - Dissolved,Dissolved metals by CRC-ICP-MS with in-bottle digestion and discrete sampling pneumatic nebulization,Spectroscopy,VMV Method,VMV Method,
La-Dis,VMV_3584,µg/l,Lanthanum - Dissolved,Dissolved metals by CRC-ICP-MS and discrete sampling pneumatic nebulization,Spectroscopy,VMV Method,VMV Method,
La-Ext,VMV_1917,µg/l,Lanthanum - Extractable,Extractable metals with inductively coupled argon plasma-sector field mass spectrometer (ICP-SFMS),Spectroscopy,VMV Method,VMV Method,
La-Ext,VMV_2817,µg/l,Lanthanum - Extractable,Extractable metals by inductively coupled argon plasma-mass spectrometry with pneumatic nebulization,Spectroscopy,VMV Method,VMV Method,
La-Tot,VMV_1919,µg/l,Lanthanum - Total,Total metals with in-bottle digestion and inductively coupled plasma-sector field mass spectrometer,Spectroscopy,VMV Method,VMV Method,
La-Tot,VMV_2960,µg/l,Lanthanum - Total,"Total metals in water by ""in bottle"" digestion are analyzed by ICP-MS/ICP-OES.",Spectroscopy,VMV Method,VMV Method,
La-Tot,VMV_3528,µg/l,Lanthanum - Total,Total metals by CRC-ICP-MS with in-bottle digestion and discrete sampling pneumatic nebulization,Spectroscopy,VMV Method,VMV Method,
Li-Dis,0,mg/l,Lithium - Dissolved,,,,,Undefined Analysis Method
Li-Dis,FAAS-AAc-D,mg/l,Lithium - Dissolved,Direct Air-Acetylene Flame Atomic Absorption Spectrometry,Spectroscopy,SM 3111 B,APHA 2012,"A sample is filtered in the field through a 0.45 µm membrane filter and preserved with nitric acid. The sample aliquot is aspirated and the absorbance is measured spectrometrically at 670.8 mµ, and compared to identically-prepared standard and blank solutions, using an air-acetylene oxidizing flame."
Li-Dis,VMV_1920,µg/l,Lithium - Dissolved,Dissolved metals with in-bottle digestion using inductively coupled plasma-sector field MS,Spectroscopy,VMV Method,VMV Method,
Li-Dis,VMV_2632,mg/l,Lithium - Dissolved,Dissolved metals by inductively coupled argon plasma emission spectrometry with external nebulizer,Spectroscopy,VMV Method,VMV Method,
Li-Dis,VMV_2633,mg/l,Lithium - Dissolved,Dissolved metals by ICP argon plasma emission spectrometry with standard spray chamber,Spectroscopy,VMV Method,VMV Method,
Li-Dis,VMV_3007,µg/l,Lithium - Dissolved,"Dissolved metals in water by ""in-bottle"" digestion are analyzed by ICP-MS/ICP-OES.",Spectroscopy,VMV Method,VMV Method,
Li-Dis,VMV_3017,µg/l,Lithium - Dissolved,Dissolved metals by inductively coupled argon plasma-mass spectrometry technique (ICP-MS).,Spectroscopy,VMV Method,VMV Method,
Li-Dis,VMV_3529,µg/l,Lithium - Dissolved,Dissolved metals by CRC-ICP-MS with in-bottle digestion and discrete sampling pneumatic nebulization,Spectroscopy,VMV Method,VMV Method,
Li-Dis,VMV_3584,µg/l,Lithium - Dissolved,Dissolved metals by CRC-ICP-MS and discrete sampling pneumatic nebulization,Spectroscopy,VMV Method,VMV Method,
Li-Dis,VMV_3744,µg/l,Lithium - Dissolved,Analysis of dissolved metals is done by inductively coupled argon plasma mass spectrometry (ICP-MS).,Spectroscopy,VMV Method,VMV Method,
Li-Dis,VMV_562,mg/l,Lithium - Dissolved,Determination of major ions (cations and anions) by ion chromatography,Chromatography,VMV Method,VMV Method,
Li-Ext,VMV_1917,µg/l,Lithium - Extractable,Extractable metals with inductively coupled argon plasma-sector field mass spectrometer (ICP-SFMS),Spectroscopy,VMV Method,VMV Method,
Li-Ext,VMV_2628,mg/l,Lithium - Extractable,Extractable metals by inductively coupled argon plasma (ICAP) emission.,Spectroscopy,VMV Method,VMV Method,
Li-Ext,VMV_2817,µg/l,Lithium - Extractable,Extractable metals by inductively coupled argon plasma-mass spectrometry with pneumatic nebulization,Spectroscopy,VMV Method,VMV Method,
Li-Sus,VMV_3020,µg/g,Lithium - Suspended,"Analysis of major, minor and trace metal elements in the particulate phase of natural waters VMV3020",Spectroscopy,VMV Method,VMV Method,
Li-Tot,0,mg/l,Lithium - Total,,,,,Undefined Analysis Method
Li-Tot,ICP-AES-Dgs,mg/l,Lithium - Total,Inductively Coupled Plasma (ICP) Method (Total Metals after Rigorous Digestion),Spectroscopy,SM 3120 B,APHA 2012,"Inductively Coupled Plasma, by Optical Emission Spectrometry (ICP-OES) with open vessel rigorous digestion to near dryness. ICP 1503 (See Appendix 3).

Preconcentration by evaporation to near dryness with HNO3 or aqua regia (HNO3/HCl ratio v/v: 1to 3). Residue is taken up with HCl, and digested to near dryness, then brought to one-fifth or one-tenth original volume with deionized water. Digest is filtered through 0.4 um membrane before analysis."
Li-Tot,ICP-AES-Xtr,mg/l,Lithium - Total,Inductively Coupled Plasma (ICP) Method (Extractable/Recoverable Metals),Spectroscopy,"SM 3120 B, 3030 C",APHA 2012,"Inductively Coupled Plasma, by Optical Emission Spectrometry (ICP-OES) with open vessel digestion and pre-concentration. ICP 1502 (See Appendix 3).

Digestion with HNO3/HCl. Preconcentration by evaporation (factor 5 to 10)."
Li-Tot,ICP-SFMS-CVD,mg/l,Lithium - Total,Inductively-Coupled Plasma Sector Field Mass Spectrometry with Closed Vessel Digestion,Spectroscopy,SM 3125 B,APHA 2012,"Closed Vessel Digestion - The whole water sample is collected, preserved with 2% H2NO3, and stored in a HDPE or Teflon bottle. The sample is digested ""in-bottle"" in a convection oven at 60°C for 16 hours. The sample is cooled and introduced to an inductively coupled argon plasma-sector field mass spectrometer (ICP-SFMS) by pneumatic nebulization. 

Each respective element is measured at a specific mass to charge ratio, m/z value expressed in amu (atomic mass units), and at a specified instrument resolution. LR: Low Resolution ~ 300, MR: Mid Resolution ~ 4000 and HR : High Resolution ~ 10000"
Li-Tot,VMV_1919,µg/l,Lithium - Total,Total metals with in-bottle digestion and inductively coupled plasma-sector field mass spectrometer,Spectroscopy,VMV Method,VMV Method,
Li-Tot,VMV_2459,µg/l,Lithium - Total,Total recoverable metals with thermal digestion and inductively coupled plasma mass spectrometry,Spectroscopy,VMV Method,VMV Method,
Li-Tot,VMV_2631,mg/l,Lithium - Total,Total metals by inductively coupled argon plasma emission spectrometry with standard spray chamber,Spectroscopy,VMV Method,VMV Method,
Li-Tot,VMV_2634,mg/l,Lithium - Total,Total metals by inductively coupled argon plasma emission spectrometry with external nebulizer.,Spectroscopy,VMV Method,VMV Method,
Li-Tot,VMV_2960,µg/l,Lithium - Total,"Total metals in water by ""in bottle"" digestion are analyzed by ICP-MS/ICP-OES.",Spectroscopy,VMV Method,VMV Method,
Li-Tot,VMV_3528,µg/l,Lithium - Total,Total metals by CRC-ICP-MS with in-bottle digestion and discrete sampling pneumatic nebulization,Spectroscopy,VMV Method,VMV Method,
Li-Tot,VMV_3583,µg/l,Lithium - Total,Total metals by CRC-ICP-MS and discrete sampling pneumatic nebulization,Spectroscopy,VMV Method,VMV Method,
Li-Tot,VMV_375,µg/l,Lithium - Total,Total metals in water by ICP-MS,Spectroscopy,VMV Method,VMV Method,
MALAOXON,0,µg/l,Malaoxon,,,,,Undefined Analysis Method
MALATHION,0,µg/l,Malathion,,,,,Undefined Analysis Method
MALATHION,VMV_303,ng/l,Malathion,Analysis of  organophosphorus and triazine pesticides in surface waters using GC-MS/MS.,Chromatography,VMV Method,VMV Method,LEEQ Method No. Q0515E0.
MBAS,0,mg/l,Anionic surface active agents,,,,,Undefined Analysis Method
MBAS,MBAS,mg/l,Anionic surface active agents,Anionic Surfactants as MBAS,Colorimetry,SM 5540 C,APHA 2012,"A sample aliquot is made alkaline (phenolphthalein as indicator), extracted with chloroform and methylene blue solutions. The colour intensity, proportional to the concentration of surfactants in the extract, is measured spectrometrically at 652 nm and compared to identically-prepared standard solutions."
MBC,0,µg/l,"Methyl (1H-1,3-benzimidazol-2-yl)carbamate",,,,,Undefined Analysis Method
MCA,VMV_10366,ng/ml,"3-methyl-1,2-dihydrobenzo[j]aceanthrylene",Alkylated polynuclear aromatic hydrocarbons (alkylated PAHs),Chromatography,VMV Method,VMV Method,
MCPA,0,µg/l,(4-Chloro-2-methylphenoxy)acetic acid,,,,,Undefined Analysis Method
MCPA,VMV_247,ng/l,(4-Chloro-2-methylphenoxy)acetic acid,Acid herbicides extracted using Strata-X SPE cartridges.,Chromatography,VMV Method,VMV Method,
MCPA,VMV_2865,ng/l,(4-Chloro-2-methylphenoxy)acetic acid,Analysis of acidic herbicides as PFBB esters by GC-ECD.,Chromatography,VMV Method,VMV Method,
MCPA,VMV_3002,ng/l,(4-Chloro-2-methylphenoxy)acetic acid,Analysis of acidic herbicides in water using GC-MSD.,Chromatography,VMV Method,VMV Method,
MCPA,VMV_303,ng/l,(4-Chloro-2-methylphenoxy)acetic acid,Analysis of  organophosphorus and triazine pesticides in surface waters using GC-MS/MS.,Chromatography,VMV Method,VMV Method,LEEQ Method No. Q0515E0.
MCPB,0,µg/l,4-(4-Chloro-2-methylphenoxy)butanoic acid,,,,,Undefined Analysis Method
MCPB,VMV_247,ng/l,4-(4-Chloro-2-methylphenoxy)butanoic acid,Acid herbicides extracted using Strata-X SPE cartridges.,Chromatography,VMV Method,VMV Method,
MCPB,VMV_2865,ng/l,4-(4-Chloro-2-methylphenoxy)butanoic acid,Analysis of acidic herbicides as PFBB esters by GC-ECD.,Chromatography,VMV Method,VMV Method,
MCPB,VMV_3002,ng/l,4-(4-Chloro-2-methylphenoxy)butanoic acid,Analysis of acidic herbicides in water using GC-MSD.,Chromatography,VMV Method,VMV Method,
MCPPACID,0,µg/l,Mecoprop (mixed isomers),,,,,Undefined Analysis Method
MCPPACID,VMV_247,ng/l,Mecoprop (mixed isomers),Acid herbicides extracted using Strata-X SPE cartridges.,Chromatography,VMV Method,VMV Method,
MCPPACID,VMV_4196,ng/l,Mecoprop (mixed isomers),Analysis of acidic herbicides in water is performed by liquid-liquid extraction.,Chromatography,VMV Method,VMV Method,
MDCB,0,µg/l,"1,3-Dichlorobenzene",,,,,Undefined Analysis Method
MECL,0,µg/l,Dichloromethane,,,,,Undefined Analysis Method
METALAXYL,0,µg/l,Metalaxyl,,,,,Undefined Analysis Method
METALAXYL,VMV_3461,ng/l,Metalaxyl,Carbamate fungicides in water are analyzed by SPE and ESI-LC-MS/MS.,Chromatography,VMV Method,VMV Method,
METAMITRON,0,µg/l,Metamitron,,,,,Undefined Analysis Method
METAPHOS,0,µg/l,Parathion methyl,,,,,Undefined Analysis Method
METAPHOS,VMV_303,ng/l,Parathion methyl,Analysis of  organophosphorus and triazine pesticides in surface waters using GC-MS/MS.,Chromatography,VMV Method,VMV Method,LEEQ Method No. Q0515E0.
METAZACHLOR,0,µg/l,Metazachlor,,,,,Undefined Analysis Method
METHABENZTHIAZURON,0,µg/l,"1-(1,3-benzothiazol-2-yl)-1,3-dimethylurea",,,,,Undefined Analysis Method
METHAMIDOPHOS,0,µg/l,Methamidophos,,,,,Undefined Analysis Method
METHIDATHION,0,µg/l,Methidathion,,,,,Undefined Analysis Method
METHIDATHION,VMV_303,ng/l,Methidathion,Analysis of  organophosphorus and triazine pesticides in surface waters using GC-MS/MS.,Chromatography,VMV Method,VMV Method,LEEQ Method No. Q0515E0.
METHIDATHION,VMV_3216,ng/l,Methidathion,"Pesticides of the organophosphorus type, triazine, carbamate and urea: extraction with C-18",Chromatography,VMV Method,VMV Method,
METHIOCARB,0,µg/l,Methiocarb,,,,,Undefined Analysis Method
METHOMYL,0,µg/l,Methomyl,,,,,Undefined Analysis Method
METHOMYL,VMV_3461,ng/l,Methomyl,Carbamate fungicides in water are analyzed by SPE and ESI-LC-MS/MS.,Chromatography,VMV Method,VMV Method,
METHOXYFENOZIDE,0,µg/l,Methoxyfenozide,,,,,Undefined Analysis Method
METHYLBROMIDE,0,µg/l,Bromomethane,,,,,Undefined Analysis Method
METHYLCHLORIDE,0,µg/l,Chloromethane,,,,,Undefined Analysis Method
METOBROMURON,0,µg/l,Metobromuron,,,,,Undefined Analysis Method
METOLACHOR,0,µg/l,Metolachlor,,,,,Undefined Analysis Method
METOLACHOR,VMV_2868,ng/l,Metolachlor,Analysis of sulphate in unfiltered samples using COBAS method,Colorimetry,VMV Method,VMV Method,
METOLACHOR,VMV_3003,ng/l,Metolachlor,Analysis of neutral herbicides in water using GC-MSD.,Chromatography,VMV Method,VMV Method,
METOLACHOR,VMV_303,ng/l,Metolachlor,Analysis of  organophosphorus and triazine pesticides in surface waters using GC-MS/MS.,Chromatography,VMV Method,VMV Method,LEEQ Method No. Q0515E0.
METOLACHOR,VMV_3216,ng/l,Metolachlor,"Pesticides of the organophosphorus type, triazine, carbamate and urea: extraction with C-18",Chromatography,VMV Method,VMV Method,
METOLACHOR,VMV_3433,ng/l,Metolachlor,Neutral herbicides using liquid-liquid extraction with gas chromatography-mass selective detection,Chromatography,VMV Method,VMV Method,
METOLACHOR,VMV_526,ng/l,Metolachlor,Analysis of organophosphorus and triazine pesticides in surface waters - by gas chromatography.,Chromatography,VMV Method,VMV Method,LEEQ Method No. Q0500E0.
METRIBUZIN,0,µg/l,Metribuzin,,,,,Undefined Analysis Method
METRIBUZIN,VMV_2868,ng/l,Metribuzin,Analysis of sulphate in unfiltered samples using COBAS method,Colorimetry,VMV Method,VMV Method,
METRIBUZIN,VMV_3003,ng/l,Metribuzin,Analysis of neutral herbicides in water using GC-MSD.,Chromatography,VMV Method,VMV Method,
METRIBUZIN,VMV_303,ng/l,Metribuzin,Analysis of  organophosphorus and triazine pesticides in surface waters using GC-MS/MS.,Chromatography,VMV Method,VMV Method,LEEQ Method No. Q0515E0.
METRIBUZIN,VMV_3216,ng/l,Metribuzin,"Pesticides of the organophosphorus type, triazine, carbamate and urea: extraction with C-18",Chromatography,VMV Method,VMV Method,
METRIBUZIN,VMV_526,ng/l,Metribuzin,Analysis of organophosphorus and triazine pesticides in surface waters - by gas chromatography.,Chromatography,VMV Method,VMV Method,LEEQ Method No. Q0500E0.
METSULFURON-METHYL,0,µg/l,Metsulfuron-methyl,,,,,Undefined Analysis Method
METSULFURON-METHYL,VMV_3431,ng/l,Metsulfuron-methyl,Analysis of sulfonyl ureas and related herbicides by SPE and LC-MS/MS detection,Chromatography,VMV Method,VMV Method,
MEVINPHOS,0,µg/l,Mevinphos,,,,,Undefined Analysis Method
MEVINPHOS,VMV_303,ng/l,Mevinphos,Analysis of  organophosphorus and triazine pesticides in surface waters using GC-MS/MS.,Chromatography,VMV Method,VMV Method,LEEQ Method No. Q0515E0.
MEVINPHOS,VMV_3216,ng/l,Mevinphos,"Pesticides of the organophosphorus type, triazine, carbamate and urea: extraction with C-18",Chromatography,VMV Method,VMV Method,
MIREX,0,µg/l,Mirex,,,,,Undefined Analysis Method
MIREX,LLE-GC-ECD,µg/l,Mirex,Liquid-Liquid Extraction Gas Chromatographic Method I with Electron Capture Detector,Chromatography,SM 6630 B,APHA 2012,"A sample is extracted three times in benzene or hexane. Add saturated sodium sulphate, methanol, iso-propanol or two-octanol to break down the emulsions. Add iso-octane and concentrate the combined extract, using a rotary evaporator flask. The extract is loaded on a Florisil® column and four separate fractions are eluted using hexane, 6% ethyl ether in petroleum ether, 15% ethyl ether in petroleum ether, then 50% ethyl ether in petroleum ether or chloroform. Concentrate in a rotary flask, transfer to a graduated centrifuge tube. Add iso-octane as a keeper and concentrate under a gentle stream of nitrogen at 40°C. The sample extract is then injected into a dual column GC/ECD and quantified, according to its retention time and peak height/area, using a multi-point calibration curve. Confirmation is achieved by chemical derivation techniques, TLC, or Mass Spectrometry.
 Interference: Other pesticide residues and their degradation products or metabolites and organic compounds, other than OCs and PCBs, may interfere. As many of these compounds cannot be separated, confirmation is required.
 The method detection limit is 0.001 µg/L."
MIREX,VMV_2863,ng/l,Mirex,"Analysis of OCs, PCBs, CBs and PAHs in 1 L water samples by GC-ECD and GC-MSD.",Chromatography,VMV Method,VMV Method,
MIREX,VMV_3654,ng/l,Mirex,Chlorobenzenes and organochlorine pesticides by liquid-liquid extraction and GC-MS/MS detection.,Chromatography,VMV Method,VMV Method,
MONOLINURON,0,µg/l,1-(4-chlorophenyl)-3-methoxy-3-methylurea,,,,,Undefined Analysis Method
MPXYLS,0,µg/l,M-P-Xylene,,,,,Undefined Analysis Method
MTBE,0,µg/l,2-Methoxy-2-methylpropane,,,,,Undefined Analysis Method
MUSKXYL,0,µg/l,Musk Xylene,,,,,Undefined Analysis Method
MXCHLOR,0,µg/l,"1,1'-(2,2,2-trichloroethane-1,1-diyl)bis(4-methoxybenzene)",,,,,Undefined Analysis Method
MXCHLOR,LLE-GC-ECD,µg/l,"1,1'-(2,2,2-trichloroethane-1,1-diyl)bis(4-methoxybenzene)",Liquid-Liquid Extraction Gas Chromatographic Method I with Electron Capture Detector,Chromatography,SM 6630 B,APHA 2012,"A 1 litre sample is extracted by benzene or hexane, and the extract dried, concentrated and cleaned up on a Florisil column for the preliminary separation. The eluates are concentrated, and injected into a gas chromatograph using electron capture detection. The pesticide is confirmed qualitatively by thin layer chromatography (TLC) and measured quantitatively by comparing the non-solvent areas of the chromatogram to those of standard solutions of the purified pesticide."
MXCHLOR,VMV_2863,ng/l,"1,1'-(2,2,2-trichloroethane-1,1-diyl)bis(4-methoxybenzene)","Analysis of OCs, PCBs, CBs and PAHs in 1 L water samples by GC-ECD and GC-MSD.",Chromatography,VMV Method,VMV Method,
MXCHLOR,VMV_3216,ng/l,"1,1'-(2,2,2-trichloroethane-1,1-diyl)bis(4-methoxybenzene)","Pesticides of the organophosphorus type, triazine, carbamate and urea: extraction with C-18",Chromatography,VMV Method,VMV Method,
MXCHLOR,VMV_3654,ng/l,"1,1'-(2,2,2-trichloroethane-1,1-diyl)bis(4-methoxybenzene)",Chlorobenzenes and organochlorine pesticides by liquid-liquid extraction and GC-MS/MS detection.,Chromatography,VMV Method,VMV Method,
MXYL,0,µg/l,"1,3-Xylene",,,,,Undefined Analysis Method
MYCLOBUTANIL,0,µg/l,Myclobutanil,,,,,Undefined Analysis Method
MYCLOBUTANIL,VMV_303,ng/l,Myclobutanil,Analysis of  organophosphorus and triazine pesticides in surface waters using GC-MS/MS.,Chromatography,VMV Method,VMV Method,LEEQ Method No. Q0515E0.
MYCLOBUTANIL,VMV_3216,ng/l,Myclobutanil,"Pesticides of the organophosphorus type, triazine, carbamate and urea: extraction with C-18",Chromatography,VMV Method,VMV Method,
Mg-Dis,0,mg/l,Magnesium - Dissolved,,,,,Undefined Analysis Method
Mg-Dis,COL-MBD-Auto,mg/l,Magnesium - Dissolved,Colorimetric Method with Magnesium Blue Dye and Autoanalyzer,Colorimetry,ENV 466,Environment Canada 1995,Mg is precipitated in alkaline solution and magnesium blue dye absorbed in the presence of a wetting agent and suspended material.
Mg-Dis,FAAS-AAc-D,mg/l,Magnesium - Dissolved,Direct Air-Acetylene Flame Atomic Absorption Spectrometry,Spectroscopy,SM 3111 B,APHA 2012,"A sample is filtered in the field through a 0.45 µm membrane filter and preserved at 4°C. The sample aliquot is mixed with a LaCl3 solution and aspirated in an air-acetylene reducing flame. The absorbance is measured spectrometrically at 285.2 nm and compared to identically-prepared standard and blank solutions.Note: In the case of precipitation samples, a decanted aliquot of the unshaken, unfiltered sample is normally taken for analysis."
Mg-Dis,FAAS-AAc-D-NA,mg/l,Magnesium - Dissolved,Direct Air-Acetylene Flame Atomic Absorption Spectrometry with HNO3 Digestion,Spectroscopy,SM 3111 B,APHA 2012,"The sample is digested with HNO3. A sample aliquot is mixed with a standard LaCl3 solution. The solution is aspirated. The absorption at the 285.2 is measured spectrometrically and compared with those of a reagent blank and standard Mg solution. An acetylene-air reducing flame is used. The autoanalysis unit consisting of an automated sampler, manifold and transmission delay line are incorporated so that the sample is diluted. The magnitude of the dilution is proportioned to the diameter of the auxiliary pump line."
Mg-Dis,T-COL-EDTA-EBT,mg/l,Magnesium - Dissolved,Colorimetric Titration with EDTA using Eriochrome Black T as Indicator,Titration,SM 2340 C,APHA 2012,"A sample is filtered in the field through a 0.45 µm membrane filter and preserved at 4°C. The pH of the sample aliquot is adjusted to 10.0 ± 0.1 with a buffer (NH4Cl, NH4OH and Mg EDTA salt) solution; an indicator (Eriochrome Black T) is added and the aliquot then is slowly titrated with EDTA within five minutes to avoid precipitation. The colour changed from a wine red to a blue colour (a fluorescent light is highly recommended to see the complete disappearance of the red). Interference: Ca ion concentration of 1 mg/L, total heavy metal ion concentrations of 0.5 mg/L."
Mg-Dis,VMV_10320,mg/l,Magnesium - Dissolved,"BC MELP EMS CODE: F039  field filtered, acid, ICP-AES.",Spectroscopy,VMV Method,VMV Method,
Mg-Dis,VMV_1961,mg/l,Magnesium - Dissolved,Analysis of cations by ionic chromatography VMV 1961,Chromatography,VMV Method,VMV Method,
Mg-Dis,VMV_2632,mg/l,Magnesium - Dissolved,Dissolved metals by inductively coupled argon plasma emission spectrometry with external nebulizer,Spectroscopy,VMV Method,VMV Method,
Mg-Dis,VMV_2725,mg/l,Magnesium - Dissolved,Dissolved metals are analyzed by ICP-AES,Spectroscopy,VMV Method,VMV Method,
Mg-Dis,VMV_2741,mg/l,Magnesium - Dissolved,Major ions in filtered samples by optical emission spectrometry (OES) and direct aspiration.,Spectroscopy,VMV Method,VMV Method,
Mg-Dis,VMV_2912,mg/l,Magnesium - Dissolved,Analysis of anions and cations by suppressed ion chromatography,Chromatography,VMV Method,VMV Method,
Mg-Dis,VMV_333,mg/l,Magnesium - Dissolved,Dissolved metals in water by ICP-OES,Spectroscopy,VMV Method,VMV Method,
Mg-Dis,VMV_3553,mg/l,Magnesium - Dissolved,Metals in environmental samples are determined using collision/reaction cell (CRC) ICP-MS.,Spectroscopy,VMV Method,VMV Method,
Mg-Dis,VMV_3628,mg/l,Magnesium - Dissolved,Filtered cations by inductively coupled plasma-optical emission spectrometer (ICP-OES).,Spectroscopy,VMV Method,VMV Method,
Mg-Dis,VMV_383,mg/l,Magnesium - Dissolved,Major ions by IC - EC LEEQ laboratory,Spectroscopy,VMV Method,VMV Method,
Mg-Dis,VMV_459,mg/l,Magnesium - Dissolved,Major ions by atomic absorption by direct aspiration,Spectroscopy,VMV Method,VMV Method,
Mg-Dis,VMV_469,mg/l,Magnesium - Dissolved,Major ions by automated atomic absorption,Spectroscopy,VMV Method,VMV Method,
Mg-Dis,VMV_562,mg/l,Magnesium - Dissolved,Determination of major ions (cations and anions) by ion chromatography,Chromatography,VMV Method,VMV Method,
Mg-Ext,0,mg/l,Magnesium - Extractable,,,,,Undefined Analysis Method
Mg-Ext,VMV_10301,mg/l,Magnesium - Extractable,BC MELP EMS Code: F055 No preservation/no filtration/no digestion: ICP shortcut.,Spectroscopy,VMV Method,VMV Method,
Mg-Ext,VMV_2628,mg/l,Magnesium - Extractable,Extractable metals by inductively coupled argon plasma (ICAP) emission.,Spectroscopy,VMV Method,VMV Method,
Mg-Ext,VMV_2729,mg/l,Magnesium - Extractable,Extractable metals in water samples by inductively coupled plasma mass spectrometry (ICP-MS).,Spectroscopy,VMV Method,VMV Method,
Mg-Ext,VMV_2742,mg/l,Magnesium - Extractable,Major ions in unfiltered samples by optical emission spectrometry (OES) and direct aspiration.,Spectroscopy,VMV Method,VMV Method,
Mg-Sus,VMV_3021,µg/g,Magnesium - Suspended,"Analysis of major, minor and trace metal elements in the particulate phase of natural waters VMV3021",Spectroscopy,VMV Method,VMV Method,
Mg-Tot,0,mg/l,Magnesium - Total,,,,,Undefined Analysis Method
Mg-Tot,FAAS-AAc-D,mg/l,Magnesium - Total,Direct Air-Acetylene Flame Atomic Absorption Spectrometry,Spectroscopy,SM 3111 B,APHA 2012,A sample is collected and preserved in the field at 4°C. The shaken sample aliquot is mixed with a LaCl3 solution and aspirated in an air-acetylene reducing flame. The absorbance is measured spectrometrically at 285.2 nm and compared to identically-prepared standard and blank solutions.
Mg-Tot,ICP-AES,mg/l,Magnesium - Total,Inductively Coupled Plasma (ICP) Method,Spectroscopy,SM 3120 B,APHA 2012,After preparing samples and obtaining the correct operating conditions. Calibrate the instrument and analyze the samples. Analysis is done by running a calibration blank and then the actual sample. Rise for at least 60 seconds with dilute acid between samples and blanks. Analyze instrument check standard once per 10 samples. Suggested wavelength for Mg is 279.08 nm
Mg-Tot,ICP-AES-Dgs,mg/l,Magnesium - Total,Inductively Coupled Plasma (ICP) Method (Total Metals after Rigorous Digestion),Spectroscopy,SM 3120 B,APHA 2012,Samples are preserved with 2mL concentrated HN03 per litre. A sample aliquot is digested with HNO3 and evaporated to near dryness. The residue is taken up in HCl and again digested to near dryness. The residue is dissolved in one-tenth of the aliquot volume of deionised water. The emission is measured spectrophotometrically at 279.6 nm and compared with standard solutions.
Mg-Tot,VMV_2634,mg/l,Magnesium - Total,Total metals by inductively coupled argon plasma emission spectrometry with external nebulizer.,Spectroscopy,VMV Method,VMV Method,
Mg-Tot,VMV_2960,mg/l,Magnesium - Total,"Total metals in water by ""in bottle"" digestion are analyzed by ICP-MS/ICP-OES.",Spectroscopy,VMV Method,VMV Method,
Mg-Tot,VMV_3743,mg/l,Magnesium - Total,Total major ions by microwave digestion and inductively coupled argon plasma emission spectroscopy,Spectroscopy,VMV Method,VMV Method,
Mn-Dis,0,mg/l,Manganese - Dissolved,,,,,Undefined Analysis Method
Mn-Dis,COL-TDM,mg/l,Manganese - Dissolved,Spot Test with Tetrabase,Colorimetry,NAQ 25101,Environment Canada 1988,"A sample is filtered in the field through a 0.45 µm membrane filter and preserved with mineral acid. The sample aliquot is mixed with an NH4OH solution, a KIO4 solution, and a buffer (pH = 4.75) solution. A Tetrabase (tetramethyldiaminodiphenylmethane) solution is finally added and mixed. The resulting colour is immediately visually compared to those of simultaneously and identically-prepared MnO4 standard and blank solutions."
Mn-Dis,FAAS-AAc-D,mg/l,Manganese - Dissolved,Direct Air-Acetylene Flame Atomic Absorption Spectrometry,Spectroscopy,SM 3111 B,APHA 2012,"A sample is filtered in the field through a 0.45 µm membrane filter and preserved with nitric acid. The sample aliquot is aspirated and the absorbance is measured spectrometrically at 279.8 nm and compared to identically-prepared standard and blank solutions, using an air-acetylene oxidizing flame."
Mn-Dis,ICP-AES,mg/l,Manganese - Dissolved,Inductively Coupled Plasma (ICP) Method,Spectroscopy,SM 3120 B,APHA 2012,A sample is filtered in the field through a 0.45 µm membrane filter and preserved with nitric acid. The sample aliquot is aspirated and the emission is measured at 257.6 nm and compared to identically-prepared standard and blank solutions.
Mn-Dis,ICP-MS,mg/l,Manganese - Dissolved,Inductively-Coupled Plasma Mass Spectrometry,Spectroscopy,SM 3125 B,APHA 2012,"The sample is filtered in the field through a 0.45 µm membrane filter and preserved with nitric acid. The sample is aspirated into an argon-based, high temperature radio frequency plasma. The sample is dissolved, atomised and ionised. These ions are extracted from the plasma through a vacuum interface and separated on the basis of their mass to charge ratio by a mass spectrometer. The ions are counted by an electron multiplier detector and the resulting information processed by a computer database system and compared to identically-prepared standard and blank solutions."
Mn-Dis,VMV_1920,µg/l,Manganese - Dissolved,Dissolved metals with in-bottle digestion using inductively coupled plasma-sector field MS,Spectroscopy,VMV Method,VMV Method,
Mn-Dis,VMV_2632,mg/l,Manganese - Dissolved,Dissolved metals by inductively coupled argon plasma emission spectrometry with external nebulizer,Spectroscopy,VMV Method,VMV Method,
Mn-Dis,VMV_2633,mg/l,Manganese - Dissolved,Dissolved metals by ICP argon plasma emission spectrometry with standard spray chamber,Spectroscopy,VMV Method,VMV Method,
Mn-Dis,VMV_2725,µg/l,Manganese - Dissolved,Dissolved metals are analyzed by ICP-AES,Spectroscopy,VMV Method,VMV Method,
Mn-Dis,VMV_2816,µg/l,Manganese - Dissolved,Dissolved metals by inductively coupled argon plasma/mass spectrometer with pneumatic nebulization,Spectroscopy,VMV Method,VMV Method,
Mn-Dis,VMV_3007,µg/l,Manganese - Dissolved,"Dissolved metals in water by ""in-bottle"" digestion are analyzed by ICP-MS/ICP-OES.",Spectroscopy,VMV Method,VMV Method,
Mn-Dis,VMV_3017,µg/l,Manganese - Dissolved,Dissolved metals by inductively coupled argon plasma-mass spectrometry technique (ICP-MS).,Spectroscopy,VMV Method,VMV Method,
Mn-Dis,VMV_3529,µg/l,Manganese - Dissolved,Dissolved metals by CRC-ICP-MS with in-bottle digestion and discrete sampling pneumatic nebulization,Spectroscopy,VMV Method,VMV Method,
Mn-Dis,VMV_3584,µg/l,Manganese - Dissolved,Dissolved metals by CRC-ICP-MS and discrete sampling pneumatic nebulization,Spectroscopy,VMV Method,VMV Method,
Mn-Dis,VMV_3744,µg/l,Manganese - Dissolved,Analysis of dissolved metals is done by inductively coupled argon plasma mass spectrometry (ICP-MS).,Spectroscopy,VMV Method,VMV Method,
Mn-Ext,FAAS-AAc-D,mg/l,Manganese - Extractable,Direct Air-Acetylene Flame Atomic Absorption Spectrometry,Spectroscopy,SM 3111 B,APHA 2012,"The sample is acidified with diluted mineral acid (usually 0.2% HNO3), shaken, and left overnight. The sample is then aspirated. The absorbance is measured spectrophotometrically at 279.8 nm and compared with those of standard Mn2+ (Manganous) ion solutions. An acetylene-air oxidizing flame is used."
Mn-Ext,FAAS-AAc-E,mg/l,Manganese - Extractable,Extraction/Air-Acetylene Flame Atomic Absorption Spectrometry,Spectroscopy,SM 3111 C,APHA 2012,"The sample is preserved with HNO3. The sample is acidified with dilute mineral acid, shaken and left overnight. The pH of the sample is then adjusted to 10-11 with a NH3 solution. This solution is extracted with methyl isobutyl ketone containing 8-hydroxyquinoline, and the solvent layer aspirated. The absorbance is measured spectrophotometrically at 279.8 nm, and compared with those of identically prepared standard. Mn2+ ion solutions and a reagent blank. An acetylene-air oxidizing flame is used."
Mn-Ext,VMV_1917,µg/l,Manganese - Extractable,Extractable metals with inductively coupled argon plasma-sector field mass spectrometer (ICP-SFMS),Spectroscopy,VMV Method,VMV Method,
Mn-Ext,VMV_2628,µg/l,Manganese - Extractable,Extractable metals by inductively coupled argon plasma (ICAP) emission.,Spectroscopy,VMV Method,VMV Method,
Mn-Ext,VMV_2817,µg/l,Manganese - Extractable,Extractable metals by inductively coupled argon plasma-mass spectrometry with pneumatic nebulization,Spectroscopy,VMV Method,VMV Method,
Mn-Ext,VMV_2841,µg/l,Manganese - Extractable,Extractable elements in acid preserved samples are analyzed by ICP-MS.,Spectroscopy,VMV Method,VMV Method,
Mn-Sus,FAAS-AAc-D-NA,µg/g,Manganese - Suspended,Direct Air-Acetylene Flame Atomic Absorption Spectrometry with HNO3 Digestion,Spectroscopy,SM 3111 B,APHA 2012,"The sample is passed through a 0.45 µm membrane filter. The filter, containing the residue, is digested with nitric acid. The resulting solution is then aspirated and the absorbance is measured spectrometrically at 279.8 nm and compared to identically-prepared standard and blank solutions, using an air-acetylene oxidizing flame."
Mn-Tot,0,mg/l,Manganese - Total,,,,,Undefined Analysis Method
Mn-Tot,COL-KI,mg/l,Manganese - Total,Periodatae Absorptiometry,Colorimetry,JIS K 0102 56.1,JSA 1998,A sample is preserved in the field with nitric acid. The sample aliquot is digested in nitric acid or sulphuric acid and oxidized with sodium bismithate or potassium periodate. The colour is read on a spectrometer 20 (or equivalent) and compared with identically-prepared standard and blank solutions.
Mn-Tot,FAAS-AAc-D-NA,mg/l,Manganese - Total,Direct Air-Acetylene Flame Atomic Absorption Spectrometry with HNO3 Digestion,Spectroscopy,SM 3111 B,APHA 2012,"A sample is preserved in the field with nitric acid. The sample aliquot is digested with nitric acid. The solution is aspirated and the absorbance is measured spectrometrically at 279.8 nm and compared to identically-prepared standard and blank solutions, using an air-acetylene oxidizing flame."
Mn-Tot,ICP-AES-Dgs,mg/l,Manganese - Total,Inductively Coupled Plasma (ICP) Method (Total Metals after Rigorous Digestion),Spectroscopy,SM 3120 B,APHA 2012,A sample is preserved in the field with diluted mineral acid. The sample aliquot is digested with aqua regia and evaporated to near dryness. The residue is dissolved in concentrated HCl and diluted to one-fifth of the aliquot original volume. The emission is measured at 257.6 nm and compared to identically-prepared standard and blank solutions
Mn-Tot,ICP-AES-Xtr,mg/l,Manganese - Total,Inductively Coupled Plasma (ICP) Method (Extractable/Recoverable Metals),Spectroscopy,"SM 3120 B, 3030 C",APHA 2012,A sample is preserved in the field with nitric acid. The sample aliquot is digested in nitric acid and oxidized with sodium bismithate. The colour is read on a spectrometer 20 (or equivalent) and compared with identically-prepared standard and blank solutions.
Mn-Tot,ICP-MS,mg/l,Manganese - Total,Inductively-Coupled Plasma Mass Spectrometry,Spectroscopy,SM 3125 B,APHA 2012,"A sample is preserved in the field with mineral acid. The sample aliquot is aspirated into an argon-based, high temperature radio frequency plasma. The sample is dissolved, atomised and ionised. These ions are extracted from the plasma through a vacuum interface and separated on the basis of their mass to charge ratio by a mass spectrometer. The ions are counted by an electron multiplier detector and the resulting information processed by a computer database system and compared to identically-prepared standard and blank solutions."
Mn-Tot,ICP-SFMS-CVD,mg/l,Manganese - Total,Inductively-Coupled Plasma Sector Field Mass Spectrometry with Closed Vessel Digestion,Spectroscopy,SM 3125 B,APHA 2012,"Closed Vessel Digestion - The whole water sample is collected, preserved with 2% H2NO3, and stored in a HDPE or Teflon bottle. The sample is digested ""in-bottle"" in a convection oven at 60°C for 16 hours. The sample is cooled and introduced to an inductively coupled argon plasma-sector field mass spectrometer (ICP-SFMS) by pneumatic nebulization. Each respective element is measured at a specific mass to charge ratio, m/z value expressed in amu (atomic mass units), and at a specified instrument resolution. LR: Low Resolution ~ 300, MR: Mid Resolution ~ 4000 and HR : High Resolution ~ 10000"
Mn-Tot,VMV_1919,µg/l,Manganese - Total,Total metals with in-bottle digestion and inductively coupled plasma-sector field mass spectrometer,Spectroscopy,VMV Method,VMV Method,
Mn-Tot,VMV_2459,µg/l,Manganese - Total,Total recoverable metals with thermal digestion and inductively coupled plasma mass spectrometry,Spectroscopy,VMV Method,VMV Method,
Mn-Tot,VMV_2631,mg/l,Manganese - Total,Total metals by inductively coupled argon plasma emission spectrometry with standard spray chamber,Spectroscopy,VMV Method,VMV Method,
Mn-Tot,VMV_2634,mg/l,Manganese - Total,Total metals by inductively coupled argon plasma emission spectrometry with external nebulizer.,Spectroscopy,VMV Method,VMV Method,
Mn-Tot,VMV_2960,µg/l,Manganese - Total,"Total metals in water by ""in bottle"" digestion are analyzed by ICP-MS/ICP-OES.",Spectroscopy,VMV Method,VMV Method,
Mn-Tot,VMV_3528,µg/l,Manganese - Total,Total metals by CRC-ICP-MS with in-bottle digestion and discrete sampling pneumatic nebulization,Spectroscopy,VMV Method,VMV Method,
Mn-Tot,VMV_3583,µg/l,Manganese - Total,Total metals by CRC-ICP-MS and discrete sampling pneumatic nebulization,Spectroscopy,VMV Method,VMV Method,
Mn-Tot,VMV_375,µg/l,Manganese - Total,Total metals in water by ICP-MS,Spectroscopy,VMV Method,VMV Method,
Mo-Dis,0,mg/l,Molybdenum - Dissolved,,,,,Undefined Analysis Method
Mo-Dis,VMV_10347,µg/l,Molybdenum - Dissolved,BC MELP EMS Code: F068 ICP-MS.,Spectroscopy,VMV Method,VMV Method,
Mo-Dis,VMV_1920,µg/l,Molybdenum - Dissolved,Dissolved metals with in-bottle digestion using inductively coupled plasma-sector field MS,Spectroscopy,VMV Method,VMV Method,
Mo-Dis,VMV_2632,mg/l,Molybdenum - Dissolved,Dissolved metals by inductively coupled argon plasma emission spectrometry with external nebulizer,Spectroscopy,VMV Method,VMV Method,
Mo-Dis,VMV_2633,mg/l,Molybdenum - Dissolved,Dissolved metals by ICP argon plasma emission spectrometry with standard spray chamber,Spectroscopy,VMV Method,VMV Method,
Mo-Dis,VMV_2725,µg/l,Molybdenum - Dissolved,Dissolved metals are analyzed by ICP-AES,Spectroscopy,VMV Method,VMV Method,
Mo-Dis,VMV_2816,µg/l,Molybdenum - Dissolved,Dissolved metals by inductively coupled argon plasma/mass spectrometer with pneumatic nebulization,Spectroscopy,VMV Method,VMV Method,
Mo-Dis,VMV_3007,µg/l,Molybdenum - Dissolved,"Dissolved metals in water by ""in-bottle"" digestion are analyzed by ICP-MS/ICP-OES.",Spectroscopy,VMV Method,VMV Method,
Mo-Dis,VMV_3017,µg/l,Molybdenum - Dissolved,Dissolved metals by inductively coupled argon plasma-mass spectrometry technique (ICP-MS).,Spectroscopy,VMV Method,VMV Method,
Mo-Dis,VMV_3529,µg/l,Molybdenum - Dissolved,Dissolved metals by CRC-ICP-MS with in-bottle digestion and discrete sampling pneumatic nebulization,Spectroscopy,VMV Method,VMV Method,
Mo-Dis,VMV_3584,µg/l,Molybdenum - Dissolved,Dissolved metals by CRC-ICP-MS and discrete sampling pneumatic nebulization,Spectroscopy,VMV Method,VMV Method,
Mo-Dis,VMV_3744,µg/l,Molybdenum - Dissolved,Analysis of dissolved metals is done by inductively coupled argon plasma mass spectrometry (ICP-MS).,Spectroscopy,VMV Method,VMV Method,
Mo-Ext,FAAS-NAc-E,mg/l,Molybdenum - Extractable,Extraction/Nitrous Oxide-Aceteylene Flame Atomic Absorption Spectrometry,Spectroscopy,SM 3111 E,APHA 2012,"The whole water sample is acidified with dilute mineral acid (0.2% HNO3), shaken, left to stand overnight. The pH of an aliquot of this solution is adjusted to 1.6. Br2 water is added, and the aliquot warmed until the bromine colour almost vanishes. A solution of benzoin alpha-oxime in ethanol is added, and then the aliquot is extracted with n-butyl acetate. The solvent layer is aspirated. The absorbance is measured spectrophotometrically at 313.5 nm, and compared with those of identically prepared standard Mo7O24 ion solutions. A N2O-C2H2 reducing flame is used."
Mo-Ext,VMV_1917,µg/l,Molybdenum - Extractable,Extractable metals with inductively coupled argon plasma-sector field mass spectrometer (ICP-SFMS),Spectroscopy,VMV Method,VMV Method,
Mo-Ext,VMV_2628,µg/l,Molybdenum - Extractable,Extractable metals by inductively coupled argon plasma (ICAP) emission.,Spectroscopy,VMV Method,VMV Method,
Mo-Ext,VMV_2841,µg/l,Molybdenum - Extractable,Extractable elements in acid preserved samples are analyzed by ICP-MS.,Spectroscopy,VMV Method,VMV Method,
Mo-Ext,VMV_4070,µg/l,Molybdenum - Extractable,Extractable metals by inductively coupled plasma-collision/reaction cell-mass spectrometry,Spectroscopy,VMV Method,VMV Method,
Mo-Tot,0,mg/l,Molybdenum - Total,,,,,Undefined Analysis Method
Mo-Tot,ICP-AES-Dgs,mg/l,Molybdenum - Total,Inductively Coupled Plasma (ICP) Method (Total Metals after Rigorous Digestion),Spectroscopy,SM 3120 B,APHA 2012,"Preconcentration by evaporation to near dryness with HNO3 or aqua regia (HNO3/HCl ratio v/v: 1to 3). Residue is taken up with HCl, and digested to near dryness, then brought to one-fifth or one-tenth original volume with deionized water. Digest is filtered through 0.4 um membrane before analysis."
Mo-Tot,ICP-AES-Xtr,mg/l,Molybdenum - Total,Inductively Coupled Plasma (ICP) Method (Extractable/Recoverable Metals),Spectroscopy,"SM 3120 B, 3030 C",APHA 2012,Digestion with HNO3/HCl. Preconcentration by evaporation (factor 5 to 10).
Mo-Tot,ICP-SFMS-CVD,mg/l,Molybdenum - Total,Inductively-Coupled Plasma Sector Field Mass Spectrometry with Closed Vessel Digestion,Spectroscopy,SM 3125 B,APHA 2012,"Closed Vessel Digestion - The whole water sample is collected, preserved with 2% H2NO3, and stored in a HDPE or Teflon bottle. The sample is digested ""in-bottle"" in a convection oven at 60°C for 16 hours. The sample is cooled and introduced to an inductively coupled argon plasma-sector field mass spectrometer (ICP-SFMS) by pneumatic nebulization. Each respective element is measured at a specific mass to charge ratio, m/z value expressed in amu (atomic mass units), and at a specified instrument resolution. LR: Low Resolution ~ 300, MR: Mid Resolution ~ 4000 and HR : High Resolution ~ 10000"
Mo-Tot,VMV_1919,µg/l,Molybdenum - Total,Total metals with in-bottle digestion and inductively coupled plasma-sector field mass spectrometer,Spectroscopy,VMV Method,VMV Method,
Mo-Tot,VMV_2459,µg/l,Molybdenum - Total,Total recoverable metals with thermal digestion and inductively coupled plasma mass spectrometry,Spectroscopy,VMV Method,VMV Method,
Mo-Tot,VMV_2631,mg/l,Molybdenum - Total,Total metals by inductively coupled argon plasma emission spectrometry with standard spray chamber,Spectroscopy,VMV Method,VMV Method,
Mo-Tot,VMV_2634,mg/l,Molybdenum - Total,Total metals by inductively coupled argon plasma emission spectrometry with external nebulizer.,Spectroscopy,VMV Method,VMV Method,
Mo-Tot,VMV_2960,µg/l,Molybdenum - Total,"Total metals in water by ""in bottle"" digestion are analyzed by ICP-MS/ICP-OES.",Spectroscopy,VMV Method,VMV Method,
Mo-Tot,VMV_3528,µg/l,Molybdenum - Total,Total metals by CRC-ICP-MS with in-bottle digestion and discrete sampling pneumatic nebulization,Spectroscopy,VMV Method,VMV Method,
Mo-Tot,VMV_3583,µg/l,Molybdenum - Total,Total metals by CRC-ICP-MS and discrete sampling pneumatic nebulization,Spectroscopy,VMV Method,VMV Method,
Mo-Tot,VMV_375,µg/l,Molybdenum - Total,Total metals in water by ICP-MS,Spectroscopy,VMV Method,VMV Method,
Mo-Tot,VMV_4007,µg/l,Molybdenum - Total,Total metals by inductively coupled plasma-mass spectrometry with in-bottle digestion,Spectroscopy,VMV Method,VMV Method,Total metals in water with in bottle digestion are analyzed by inductively coupled plasma - collision/reaction cell - mass spectrometry (ICP-CRC-MS).
NAPHTHOL,0,µg/l,Naphthalen-1-ol,,,,,Undefined Analysis Method
NAPHTHOL,EPA8310,µg/l,Naphthalen-1-ol,Polynuclear Aromatic Hydrocarbons,Chromatography,,EPA 1986,"Method 8310 provides high performance liquid chromatographic (HPLC) conditions for the detection of ppb levels of certain polynuclear aromatic hydrocarbons. Prior to use of this method, appropriate sample extraction techniques must be used. A 5- to 25-uL aliquot of the extract is injected into an HPLC, and compounds in the effluent are detected by ultraviolet (UV) and fluorescence detectors.

Collect water samples in amber glass containers with screwcaps Teflon lined septa. If residual chlorine is present, add 3 mL of 10% sodium thiosulfate per gallon. Refrigerate at 4°C until extraction. Extract within 7 days. Solid samples: Collect sample in wide-mouth glass jar. Refrigerate at 4°C until extraction. Extract within 14 days. All extracts should be stored at 4°C and analyzed within 40 days after extraction. (https://www.nemi.gov/methods/method_pdf/4727/)"
NAPHTHOL,VMV_303,ng/l,Naphthalen-1-ol,Analysis of  organophosphorus and triazine pesticides in surface waters using GC-MS/MS.,Chromatography,VMV Method,VMV Method,LEEQ Method No. Q0515E0.
NAPHTHOL,VMV_3216,ng/l,Naphthalen-1-ol,"Pesticides of the organophosphorus type, triazine, carbamate and urea: extraction with C-18",Chromatography,VMV Method,VMV Method,
NAPROPAMIDE,0,µg/l,Napropamide,,,,,Undefined Analysis Method
NAPROPAMIDE,VMV_3216,ng/l,Napropamide,"Pesticides of the organophosphorus type, triazine, carbamate and urea: extraction with C-18",Chromatography,VMV Method,VMV Method,
NAPROXEN,0,µg/l,Naproxen,,,,,Undefined Analysis Method
NDMA,0,µg/l,N-Nitrosodimethylamine,,,,,Undefined Analysis Method
NDPA,0,µg/l,N-Nitrosodi-N-Propylamine,,,,,Undefined Analysis Method
NDPHA,0,µg/l,N-Nitrosodiphenylamin,,,,,Undefined Analysis Method
NH3N,0,mg/l,Free Ammonia Nitrogen,,,,,Undefined Analysis Method
NH3N,COL-NES,mg/l,Free Ammonia Nitrogen,Nesslerization Method (Direct),Colorimetry,SM 418 B,APHA 1975,"A sample is filtered in the field through a 0.45 µm membrane filter and preserved at 4°C. The sample aliquot is dechlorinated with ZnSO4, the pH is adjusted to 10.5 with NaOH to precipitate Ca, Mg, Fe and sulfides and mix. EDTA is also added (or Rochelle salt) to remove the Ca, Mg or other ions producing turbidity before adding the Nessler reagent. Add Nessler reagent (100g HgI2 + 70g KI in water, add slowly to a cool solution of 160 g NaOH in 500 mL water and dilute to one litre) and mix the sample by inverting the Nessler tube. Visually compare the colour intensity of the sample aliquot against identically-prepared standard and blank solutions."
NH3N,COL-NES-DST,mg/l,Free Ammonia Nitrogen,Nesslerization Method (Following Distillation),Colorimetry,SM 418 A; SM 418 B,APHA 1975,"A sample is filtered in the field and preserved at 4°C. An alkaline potassium permanganate solution is added to the sample aliquot and is partly distilled in a boric acid solution, followed by Nesslerization. Visual Comparison with identically-prepared standard (or permanent standards) and blank solutions determines the concentration of the sample."
NH3N,COL-OTO,mg/l,Free Ammonia Nitrogen,Colourimetry (O-Tolidine),Colorimetry,ENV 284,Environment Canada 1995,"If turbid, the sample is decanted. A simple aliquot is mixed with an alkaline sodium hexametaphosphate (Na2O:P2O5 1:1 w/w) solution, and dialyzed through a membrane into a phosphate buffer solution (pH=7.5) to remove interfering ions. The dialyzed solution is mixed with a NaOCl solution. After the NH3 is chlorinated, the solution is mixed with a solution of oxalic and monochloroacetic acids to remove excess OCl- ion. This solution is then mixed with an o-tolidine (3,3-dimethyl-4,4'-diaminodiphenyl dihydrochloride) solution. The resulting colour is measured spectrophotometrically at 420 mu and compared with those of standard NH3 solutions."
NH3N,COL-PHE,mg/l,Free Ammonia Nitrogen,Phenate Method,Colorimetry,SM 4500-NH3 F,APHA 2012,"A sample is filtered in the field and preserved at 4°C. The sample aliquot is treated with an Alkaline phenol solution, followed by a hypochlorite solution as an oxidizing agent, and Na nitroprusside solution (NA2FE(CN)5NO.2H2O) as a catalyst; the sample aliquot is mixed and allowed to stand at room temperature for 1 hour. The absorbance is then read at 640 nm and compared to identically-prepared standard and blank solutions."
NH3N,COL-PHE-APHA1976,mg/l,Free Ammonia Nitrogen,Phenate Method (APHA 1976),Colorimetry,SM 604,APHA 1976,"A sample is filtered in the field through a 0.45 µ membrane filter and preserved at 4°C. The sample aliquot is mixed with an alkaline phenol solution, followed by sodium hypochlorite and potassium sodium tartrate. The indophenol blue complex produced is read at 630 nm and is compared to the identically-prepared ammonia standard and blank solutions.

 Note: In the case of precipitation samples, a decanted aliquot of the unshaken, unfiltered sample is normally taken for analysis."
NH3N,NH3-T-COL,mg/l,Free Ammonia Nitrogen,Titrimetric Method,Titration,4500-NH3 B; C,APHA 2012,"A sample is filtered in the field through a 0.45 µm membrane filter and preserved at 4°C. If necessary, the sample aliquot is neutralized to pH=7. A phosphate buffer (pH=7.4) solution is added. If Ca ion exceeds 250 mg/L, more buffer solution is added and the solution is titrated to pH=7.4. The sample aliquot is partly distilled and the distillate is collected in a H3BO3 solution and then titrated with 0.02N H2SO4, using the 'N Point' indicator."
NH3N,VMV_10199,mg/l,Free Ammonia Nitrogen,BC MELP EMS Code: X154,,VMV Method,VMV Method,
NH3N,VMV_10249,mg/l,Free Ammonia Nitrogen,BC MELP EMS Code: X326,,VMV Method,VMV Method,
NH3N,VMV_219,mg/l,Free Ammonia Nitrogen,Ammonia and Kjeldahl nitrogen by colourimetry (Berthelot reaction),Colorimetry,VMV Method,VMV Method,
NH3N,VMV_225,mg/l,Free Ammonia Nitrogen,Ammonia and Kjeldahl nitrogen by automated colourimetric method,Colorimetry,VMV Method,VMV Method,
NH3N,VMV_240,mg/l,Free Ammonia Nitrogen,Analysis of ammonia nitrogen: Autoanalyzer technique.,Colorimetry,VMV Method,VMV Method,
NH3N,VMV_2670,mg/l,Free Ammonia Nitrogen,Unfiltered ammonia determined by colourimetry on TRAACS 800 autoanalyser,Colorimetry,VMV Method,VMV Method,
NH3N,VMV_288,mg/l,Free Ammonia Nitrogen,Ammonia by manual indophenol blue method,Colorimetry,VMV Method,VMV Method,
NH3N,VMV_2912,mg/l,Free Ammonia Nitrogen,Analysis of anions and cations by suppressed ion chromatography,Chromatography,VMV Method,VMV Method,
NH3N,VMV_299,mg/l,Free Ammonia Nitrogen,Calculated method for the concentration of un-ionized ammonia,Calculation,VMV Method,VMV Method,
NH3N,VMV_322,mg/l,Free Ammonia Nitrogen,Ammonia in water by fluorescence,Colorimetry,VMV Method,VMV Method,
NH3N,VMV_4005,mg/l,Free Ammonia Nitrogen,Analysis of ammonia is done with LACHAT FIA.,Colorimetry,VMV Method,VMV Method,
NH4N,0,mg/l,Total Ammonium Nitrogen,,,,,Undefined Analysis Method
NH4N,COL-NES-DST,mg/l,Total Ammonium Nitrogen,Nesslerization Method (Following Distillation),Colorimetry,SM 418 A; SM 418 B,APHA 1975,An aliquot of the sample is distilled in a mixture of Magnesium Carbonate and boiling stones. The distillate is reacted with a Nessler's reagent and left standing for 10 minutes for colour development. The ammonia concentration is determined by comparing the colour of the aliquot to a set of coloured discs.
NH4N,COL-PHE-ENV1995,mg/l,Total Ammonium Nitrogen,Phenate Method (Environment Canada 1995),Colorimetry,ENV 219,Environment Canada 1995,"The shaken sample is digested with concentrated H2SO4, in the presence of K2S2O8 or disodium EDTA, or dipotassium EDTA. The resultant NH3 is then determined colourimetrically on an autoanalyzer with alkaline phenol, potassium sodium tartrate and sodium hypochlorite (Berthelot method). The resulting colour is measured at 630 nm. For total ammonia do not do a digestion."
NH4N,COL-SAL,mg/l,Total Ammonium Nitrogen,Salicylate method,Colorimetry,EN 7150-1,ISO 1984,The sample is filtered through a membrane filter if suspended particles exist. The sample is reacted with salicylate and hypochlorite in the presence of sodium nitroprusside to form a blue compound. Hypochlorite is generated in situ by the alkaline hydrolysis of sodium dichloroisocyanurate. The blue compound is measured spectrometrically at 655 nm and compared with a series of standard solutions and a blank treated in the same way
NICOSULFURON,0,µg/l,Nicosulfuron,,,,,Undefined Analysis Method
NICOSULFURON,VMV_3431,ng/l,Nicosulfuron,Analysis of sulfonyl ureas and related herbicides by SPE and LC-MS/MS detection,Chromatography,VMV Method,VMV Method,
NITROBENZENE,0,µg/l,Nitrobenzene,,,,,Undefined Analysis Method
NO2N,0,mg/l,Nitrite,,,,,Undefined Analysis Method
NO2N,COL-AZO,mg/l,Nitrite,Colorimetric Method,Colorimetry,SM 4500-NO2 B,APHA 2012,"A sample is filtered in the field through a 0.45 µm membrane filter and preserved at 4°C. The sample aliquot is reacted with sulphanilamide to form a diazo compound. This compound is then reacted with N-(1-naphthyl) ethylenediamine dihydrochloride to form an azo dye. The azo dye intensity, proportional to the nitrite concentration, is determined colourimetrically at 520 nm [Japan @ 540 nm] and compared to identically-prepared standard and blank solutions."
NO2N,IC-CSC,mg/l,Nitrite,"Determination of dissolved Li+, Na+, NH4+, K+, Mn2+, Ca2+, Mg2+, Sr2+ and Ba2+ by ion chromatography",Chromatography,EN 14911,ISO 1999,"A whole water sample is filtered through a 0.45 um membrane filter. The analysis is conducted by ion chromatography and determined in conjunction with other anions. An ion exchange process separates the ions of interest based on the affinity for the exchange sites of the resin bed. The sample is then pumped through the suppressor which reduces the background conductivity of the eluent to a negligible level by converting the anions in the sample to their respective acid forms (HF, HCl, HNO3, and H2SO4). The concentrations of these separated anions are determined by measuring their respective conductivities using a conductivity detector. Anions are identified by their retention times compared to known calibration standards."
NO2N,VMV_10168,mg/l,Nitrite,BC MELP EMS Code: X081,,VMV Method,VMV Method,
NO2N,VMV_1891,mg/l,Nitrite,Ions in water by ion chromatography,Chromatography,VMV Method,VMV Method,
NO2N,VMV_1960,mg/l,Nitrite,Analysis of anions by ionic chromatography VMV 1960,Chromatography,VMV Method,VMV Method,
NO2N,VMV_3303,mg/l,Nitrite,Anions are determined by ion chromatography.,Chromatography,VMV Method,VMV Method,
NO2N,VMV_3687,mg/l,Nitrite,Determination of anions in water using a chromatographic separation based on an ion exchange process,Chromatography,VMV Method,VMV Method,Method INW 5013
NO2N,VMV_562,mg/l,Nitrite,Determination of major ions (cations and anions) by ion chromatography,Chromatography,VMV Method,VMV Method,
NO2N,VMV_617,mg/l,Nitrite,Ions by ion exchange chromatography,Chromatography,VMV Method,VMV Method,
NO3N,0,mg/l,Nitrate,,,,,Undefined Analysis Method
NO3N,COL-AZO-Cd,mg/l,Nitrate,Cadmium Reduction Method,Colorimetry,SM 4500-NO3 E,APHA 2012,"A sample is filtered in the field through a 0.45 µm membrane filter and preserved at 4°C. Nitrates, from the sample aliquot, are reduced through a cadmium column to nitrites. The resulting nitrites, plus the original nitrites, are then reacted with sulphanilamide to form a diazo compound. This compound is then reacted with N-(1-naphthyl) ethylenediamine dihydrochloride to form an azo dye. The azo dye colour intensity, proportional to the nitrate + nitrite concentration, is determined colourimetrically at 520 nm [Japan method is at 540 nm] and compared to identically-prepared standard and blank solutions. The nitrate concentration is obtained by subtracting the original nitrite concentration, determined from a duplicate sample that has not been passed through the cadmium column."
NO3N,COL-BRU,mg/l,Nitrate,Brucine Method,Colorimetry,SM 419 D,APHA 1976,"A sample is filtered in the field through a 0.45 µm membrane filter and preserved at 4°C. The sample aliquot is mixed with a brucine-sulphanilic reagent, in the presence of nitrate, to produce a yellow colour, measured spectrometrically at 410 nm and compared to identically-prepared standard and blank solutions."
NO3N,IC-CSC,mg/l,Nitrate,"Determination of dissolved Li+, Na+, NH4+, K+, Mn2+, Ca2+, Mg2+, Sr2+ and Ba2+ by ion chromatography",Chromatography,EN 14911,ISO 1999,"A whole water sample is filtered through a 0.45 um membrane filter. The analysis of NO3 on an aliquot of the filtrate is conducted by ion chromatography and determined in conjunction with other anions. The ions of interest are separated based on the affinity for the exchange sites of the resin bed. The sample is then pumped through the suppressor which reduces the background conductivity of the eluent to a negligible level by converting the anions in the sample to their respective acid forms (HF, HCl, HNO3, and H2SO4). The concentrations of these separated anions are determined by measuring their respective conductivities using a conductivity detector. Anions are identified by their retention times compared to known standards"
NO3N,VMV_10273,mg/l,Nitrate,Dissolved organic nitrogen is calculated from dissolved nitrogen.,Calculation,VMV Method,VMV Method,
NO3N,VMV_1891,mg/l,Nitrate,Ions in water by ion chromatography,Chromatography,VMV Method,VMV Method,
NO3N,VMV_1922,mg/l,Nitrate,"Ions by ion chromatography, unfiltered sample",Chromatography,VMV Method,VMV Method,
NO3N,VMV_1960,mg/l,Nitrate,Analysis of anions by ionic chromatography VMV 1960,Chromatography,VMV Method,VMV Method,
NO3N,VMV_2142,mg/l,Nitrate,Determination of nitrate (as N),Colorimetry,VMV Method,VMV Method,
NO3N,VMV_267,mg/l,Nitrate,Dissolved ions by chromatography,Chromatography,VMV Method,VMV Method,
NO3N,VMV_3303,mg/l,Nitrate,Anions are determined by ion chromatography.,Chromatography,VMV Method,VMV Method,
NO3N,VMV_3561,mg/l,Nitrate,Unfiltered decanted ions are determined by ion chromatography with a hydroxide eluent.,Chromatography,VMV Method,VMV Method,
NO3N,VMV_3687,mg/l,Nitrate,Determination of anions in water using a chromatographic separation based on an ion exchange process,Chromatography,VMV Method,VMV Method,Method INW 5013
NO3N,VMV_562,mg/l,Nitrate,Determination of major ions (cations and anions) by ion chromatography,Chromatography,VMV Method,VMV Method,
NOxN,0,mg/l,Nitrate and Nitrite,,,,,Undefined Analysis Method
NOxN,COL-AZO-Cd,mg/l,Nitrate and Nitrite,Cadmium Reduction Method,Colorimetry,SM 4500-NO3 E,APHA 2012,"A sample is filtered in the field through a 0.45 µm membrane filter and preserved at 4°C. The sample aliquot is passed through a coil, filled with cadmium filings, to reduce the nitrates to nitrites. The resulting nitrites, plus the original nitrites, are then reacted with sulphanilamide to form a diazo compound. This compound is then reacted with N-(1-naphthyl) ethylenediamine dihydrochloride to form an azo dye. The azo dye colour intensity, proportional to the nitrate + nitrite concentration, is determined colourimetrically at 520 nm [Japan uses 540 nm] and compared to identically-prepared standard and blank solutions."
NOxN,COL-AZO-Cd-Auto,mg/l,Nitrate and Nitrite,Automated Cadmium Reduction Method,Colorimetry,SM 4500-NO3 F,APHA 2012,"A whole water sample is filtered through a 0.45 um membrane filter paper and the filtrate analyzed by a continuous segmented flow analyzer (CFA). In the analyzer, nitrate is reduced to nitrite at pH 5.5, using an on-line copper-cadmium reduction column. Metals, such as cupper and iron, if present in the sample above several mg/L, may lower reduction efficiency. This interference may be removed by complexing metals with EDTA. The resulting nitrites, plus free nitrites already present, react under acidic conditions with sulphanilamide (NH2C6H4SO2NH2) to form a diazo compound which is then coupled with N-(naphthyl)-ethylenediamine dihydochloride (C12H16C12N2) to form a reddish-purple azo dye. The absorption of radiation by the dye is proportional to the dissolved nitrate-nitrite concentration in the sample and is determined by the CFA photometer at 520 nm wavelength."
NOxN,COL-AZO-HDZ,mg/l,Nitrate and Nitrite,Hydrazine Reduction Method,Colorimetry,SM 4500-NO3 H,APHA 2012,"The sample, after filtration through a 0.45µ membrane filter is reduced by hydrazine sulphate containing a copper catalyst. The resulting nitrite is determined with sulphanilamide and N-1-Naphthylethylenediamine dihydrochloride."
NOxN,COL-AZO-Zn,mg/l,Nitrate and Nitrite,Colorimetric Method with Zinc Reduction,Colorimetry,ENV 242,Environment Canada 1995,"A sample is preserved in the field with 1 mL of H2SO4 and stored at 4°C. The nitrate content in the sample aliquot is reduced to nitrite in the presence of zinc dust in alkaline medium. The resulting nitrites, plus the original nitrites, are reacted with sulfanilamide and with alpha naphthylamide to form a highly coloured azo dye. The azo dye colour intensity, proportional to the nitrate plus nitrite concentration, is determined colourimetrically at 530 nm and compared to identically prepared standard ad blank solutions."
NOxN,VMV_10169,mg/l,Nitrate and Nitrite,BC MELP EMS Code: X082,,VMV Method,VMV Method,
NOxN,VMV_10251,mg/l,Nitrate and Nitrite,BC MELP EMS Code: X328,,VMV Method,VMV Method,
NOxN,VMV_1960,mg/l,Nitrate and Nitrite,Analysis of anions by ionic chromatography VMV 1960,Chromatography,VMV Method,VMV Method,
NOxN,VMV_2134,mg/l,Nitrate and Nitrite,Calculation  of nitrite and nitrate in water,Calculation,VMV Method,VMV Method,
NOxN,VMV_239,mg/l,Nitrate and Nitrite,Nitrite and/or nitrate by colourimetry on an autoanalyzer,Colorimetry,VMV Method,VMV Method,
NOxN,VMV_2669,mg/l,Nitrate and Nitrite,Unfiltered nitrate and nitrite determined by colourimetry on TRAACS 800 autoanalyser,Colorimetry,VMV Method,VMV Method,
NOxN,VMV_2884,mg/l,Nitrate and Nitrite,Nitrate plus nitrite by flow injection analysis,Colorimetry,VMV Method,VMV Method,
NOxN,VMV_3300,mg/l,Nitrate and Nitrite,"NO2 and NO3 in water are analyzed by ion chromatography, then NO2+NO3-N is calculated.",Chromatography,VMV Method,VMV Method,
NOxN,VMV_3687,mg/l,Nitrate and Nitrite,Determination of anions in water using a chromatographic separation based on an ion exchange process,Chromatography,VMV Method,VMV Method,Method INW 5013
NOxN,VMV_4006,mg/l,Nitrate and Nitrite,Total nitrogen in water is measured spectrophotometrically at the 520 nm wavelength (FIA).,Colorimetry,VMV Method,VMV Method,
NPTH,0,µg/l,Naphthalene,,,,,Undefined Analysis Method
NPTH,LLE-HPLC-FD-UVD,µg/l,Naphthalene,Liquid-Liquid Extraction High Performance Liquid Chromatography and Fluorescence/UV-Detector,Chromatography,SM 6440 B,APHA 2012,"Mark the water meniscus on the side of the sample bottle for later determination of volume. Pour entire sample into a 2-L separatory funnel and extract. Separation and clean-up is by means of a silica-gel column. Add 4mL acetonitrile and concentrate the extract in a 95-100°C water bath using a micro-Snyder column. Rinse column with 0.2 mL acetonitrile. Adjust final extract volume to 1.0mL. After the operating conditions are met, proceed with calibration and sample analysis. If the internal standard calibration procedure is being used, add internal standard to sample extract and mix thoroughly. Immediately inject 5 to 25µL sample extract or standard into HPLC using a high pressure syringe or constant-volume sample injection loop. Record volume injected to nearest 0.1 µL and resulting peak size in area or peak height units. Re-equilibrate HPLC column at initial gradient conditions for at least 10 minutes between injections. Identify compounds in sample by comparing peak retention times with peaks of standard chromatograms."
NPTH,VMV_10366,ng/ml,Naphthalene,Alkylated polynuclear aromatic hydrocarbons (alkylated PAHs),Chromatography,VMV Method,VMV Method,
NPTH,VMV_2863,ng/l,Naphthalene,"Analysis of OCs, PCBs, CBs and PAHs in 1 L water samples by GC-ECD and GC-MSD.",Chromatography,VMV Method,VMV Method,
NPTH,VMV_3669,ng/l,Naphthalene,Extraction of PAHs in water by solid phase extraction (SPE) and analysis by GC-MSMS.,Chromatography,VMV Method,VMV Method,
NPTH,VMV_3670,ng/l,Naphthalene,Extraction of alkyl PAHs in water by solid phase extraction (SPE) and analysis by GC-MSMS.,Chromatography,VMV Method,VMV Method,
NPTH,VMV_4100,µg/l,Naphthalene,PAH and alkyl substituted PAH in water are analyzed via GC-MS.,Chromatography,VMV Method,VMV Method,
NPTH,VMV_4102,ng/l,Naphthalene,"Analysis of OCs, PCBs, CBs & PAHs in 1 L water by GC-ECD and GC-MSD",Chromatography,VMV Method,VMV Method,
Na-Dis,0,mg/l,Sodium - Dissolved,,,,,Undefined Analysis Method
Na-Dis,FAAS-AAc-D,mg/l,Sodium - Dissolved,Direct Air-Acetylene Flame Atomic Absorption Spectrometry,Spectroscopy,SM 3111 B,APHA 2012,"A sample is filtered in the field through a 0.45 µm membrane filter and preserved in a polyethylene bottle at 4°C. The sample aliquot is mixed with a lanthanum solution, as an internal standard, and the absorbance is measured spectrometrically at 589 nm, using an air-acetylene oxidizing flame. The absorbance produced is proportional to the concentration of sodium in the sample and compared to identically-prepared standard and blank solutions."
Na-Dis,FPD,mg/l,Sodium - Dissolved,Flame Photometric Detection,Spectroscopy,SM 3500-K/Na B,APHA 2012,A sample is filtered in the field through a 0.45 µm membrane filter. The sample is then aspirated in a flame photometer and the direct intensity of the light emission of the analyte is measured.
Na-Dis,VMV_10320,mg/l,Sodium - Dissolved,"BC MELP EMS CODE: F039  field filtered, acid, ICP-AES.",Spectroscopy,VMV Method,VMV Method,
Na-Dis,VMV_1961,mg/l,Sodium - Dissolved,Analysis of cations by ionic chromatography VMV 1961,Chromatography,VMV Method,VMV Method,
Na-Dis,VMV_2632,mg/l,Sodium - Dissolved,Dissolved metals by inductively coupled argon plasma emission spectrometry with external nebulizer,Spectroscopy,VMV Method,VMV Method,
Na-Dis,VMV_2725,mg/l,Sodium - Dissolved,Dissolved metals are analyzed by ICP-AES,Spectroscopy,VMV Method,VMV Method,
Na-Dis,VMV_2741,mg/l,Sodium - Dissolved,Major ions in filtered samples by optical emission spectrometry (OES) and direct aspiration.,Spectroscopy,VMV Method,VMV Method,
Na-Dis,VMV_2854,mg/l,Sodium - Dissolved,Analysis of potassium and sodium in filtered sample by AAS,Spectroscopy,VMV Method,VMV Method,
Na-Dis,VMV_2912,mg/l,Sodium - Dissolved,Analysis of anions and cations by suppressed ion chromatography,Chromatography,VMV Method,VMV Method,
Na-Dis,VMV_333,mg/l,Sodium - Dissolved,Dissolved metals in water by ICP-OES,Spectroscopy,VMV Method,VMV Method,
Na-Dis,VMV_3553,mg/l,Sodium - Dissolved,Metals in environmental samples are determined using collision/reaction cell (CRC) ICP-MS.,Spectroscopy,VMV Method,VMV Method,
Na-Dis,VMV_3628,mg/l,Sodium - Dissolved,Filtered cations by inductively coupled plasma-optical emission spectrometer (ICP-OES).,Spectroscopy,VMV Method,VMV Method,
Na-Dis,VMV_383,mg/l,Sodium - Dissolved,Major ions by IC - EC LEEQ laboratory,Spectroscopy,VMV Method,VMV Method,
Na-Dis,VMV_445,mg/l,Sodium - Dissolved,Major ions by flame photometry,Colorimetry,VMV Method,VMV Method,
Na-Dis,VMV_562,mg/l,Sodium - Dissolved,Determination of major ions (cations and anions) by ion chromatography,Chromatography,VMV Method,VMV Method,
Na-Ext,0,mg/l,Sodium - Extractable,,,,,Undefined Analysis Method
Na-Ext,VMV_10301,mg/l,Sodium - Extractable,BC MELP EMS Code: F055 No preservation/no filtration/no digestion: ICP shortcut.,Spectroscopy,VMV Method,VMV Method,
Na-Ext,VMV_2628,mg/l,Sodium - Extractable,Extractable metals by inductively coupled argon plasma (ICAP) emission.,Spectroscopy,VMV Method,VMV Method,
Na-Ext,VMV_2729,mg/l,Sodium - Extractable,Extractable metals in water samples by inductively coupled plasma mass spectrometry (ICP-MS).,Spectroscopy,VMV Method,VMV Method,
Na-Ext,VMV_2742,mg/l,Sodium - Extractable,Major ions in unfiltered samples by optical emission spectrometry (OES) and direct aspiration.,Spectroscopy,VMV Method,VMV Method,
Na-Tot,0,mg/l,Sodium - Total,,,,,Undefined Analysis Method
Na-Tot,FAAS-AAc-D,mg/l,Sodium - Total,Direct Air-Acetylene Flame Atomic Absorption Spectrometry,Spectroscopy,SM 3111 B,APHA 2012,"The sample is collected and preserved in a polyethylene bottle at 4°C. A shaken sample aliquot is mixed with a lanthanum solution, as an internal standard, and the absorbance is measured spectrometrically at 589 nm and compared to identically-prepared standard and blank solutions, using an air-acetylene oxidizing flame."
Na-Tot,ICP-AES-Dgs,mg/l,Sodium - Total,Inductively Coupled Plasma (ICP) Method (Total Metals after Rigorous Digestion),Spectroscopy,SM 3120 B,APHA 2012,"Preconcentration by evaporation to near dryness with HNO3 or aqua regia (HNO3/HCl ratio v/v: 1to 3). Residue is taken up with HCl, and digested to near dryness, then brought to one-fifth or one-tenth original volume with deionized water. Digest is filtered through 0.4 um membrane before analysis."
Na-Tot,VMV_2634,mg/l,Sodium - Total,Total metals by inductively coupled argon plasma emission spectrometry with external nebulizer.,Spectroscopy,VMV Method,VMV Method,
Na-Tot,VMV_2855,mg/l,Sodium - Total,Analysis of potassium and sodium in unfiltered samples by AAS,Spectroscopy,VMV Method,VMV Method,
Na-Tot,VMV_2960,mg/l,Sodium - Total,"Total metals in water by ""in bottle"" digestion are analyzed by ICP-MS/ICP-OES.",Spectroscopy,VMV Method,VMV Method,
Na-Tot,VMV_3553,mg/l,Sodium - Total,Metals in environmental samples are determined using collision/reaction cell (CRC) ICP-MS.,Spectroscopy,VMV Method,VMV Method,
Na-Tot,VMV_3743,mg/l,Sodium - Total,Total major ions by microwave digestion and inductively coupled argon plasma emission spectroscopy,Spectroscopy,VMV Method,VMV Method,
Nb-Dis,VMV_1920,µg/l,Niobium - Dissolved,Dissolved metals with in-bottle digestion using inductively coupled plasma-sector field MS,Spectroscopy,VMV Method,VMV Method,
Nb-Dis,VMV_3007,µg/l,Niobium - Dissolved,"Dissolved metals in water by ""in-bottle"" digestion are analyzed by ICP-MS/ICP-OES.",Spectroscopy,VMV Method,VMV Method,
Nb-Dis,VMV_3529,µg/l,Niobium - Dissolved,Dissolved metals by CRC-ICP-MS with in-bottle digestion and discrete sampling pneumatic nebulization,Spectroscopy,VMV Method,VMV Method,
Nb-Dis,VMV_3584,µg/l,Niobium - Dissolved,Dissolved metals by CRC-ICP-MS and discrete sampling pneumatic nebulization,Spectroscopy,VMV Method,VMV Method,
Nb-Ext,VMV_1917,µg/l,Niobium - Extractable,Extractable metals with inductively coupled argon plasma-sector field mass spectrometer (ICP-SFMS),Spectroscopy,VMV Method,VMV Method,
Nb-Tot,VMV_1919,µg/l,Niobium - Total,Total metals with in-bottle digestion and inductively coupled plasma-sector field mass spectrometer,Spectroscopy,VMV Method,VMV Method,
Nb-Tot,VMV_3006,µg/l,Niobium - Total,"Total metals in water by ""in-bottle"" digestion are analyzed by ICP-MS/ICP-OES.",Spectroscopy,VMV Method,VMV Method,
Nb-Tot,VMV_3528,µg/l,Niobium - Total,Total metals by CRC-ICP-MS with in-bottle digestion and discrete sampling pneumatic nebulization,Spectroscopy,VMV Method,VMV Method,
Nb-Tot,VMV_3583,µg/l,Niobium - Total,Total metals by CRC-ICP-MS and discrete sampling pneumatic nebulization,Spectroscopy,VMV Method,VMV Method,
Ni-Dis,0,mg/l,Nickel - Dissolved,,,,,Undefined Analysis Method
Ni-Dis,FAAS-AAc-E,mg/l,Nickel - Dissolved,Extraction/Air-Acetylene Flame Atomic Absorption Spectrometry,Spectroscopy,SM 3111 C,APHA 2012,"A sample is filtered in the field through a 0.45 µm membrane filter and preserved with nitric acid. The sample aliquot is buffered to 4.75. Ammonium pyrrolidine dithiocarbamate (APDC) solution is added to the aliquot then extracted with a methyl isobutyl ketone (MIBK) solution. The solvent layer (See Appendix 5) is aspirated at the wavelength of 232.0 nm and compared to identically-prepared standard and blank solutions, using an air-acetylene oxidizing flame."
Ni-Dis,ICP-AES,mg/l,Nickel - Dissolved,Inductively Coupled Plasma (ICP) Method,Spectroscopy,SM 3120 B,APHA 2012,The sample is filtered in the field through a 0.45 µm membrane filter and preserved with nitric acid. A sample aliquot is aspirated and the emission is measured at 231.6 nm and compared with identically-prepared standard and blank solutions.
Ni-Dis,ICP-MS,mg/l,Nickel - Dissolved,Inductively-Coupled Plasma Mass Spectrometry,Spectroscopy,SM 3125 B,APHA 2012,"A sample is filtered in the field through a 0.45 µm membrane filter and preserved with nitric acid. The sample aliquot is aspirated into an argon-based, high temperature radio frequency plasma. The sample is dissolved, atomised and ionised. These ions are extracted from the plasma through a vacuum interface and separated on the basis of their mass to charge ratio by a mass spectrometer. The ions are counted by an electron multiplier detector and the resulting information processed by a computer database system and compared to identically-prepared standard and blank solutions."
Ni-Dis,VMV_1920,µg/l,Nickel - Dissolved,Dissolved metals with in-bottle digestion using inductively coupled plasma-sector field MS,Spectroscopy,VMV Method,VMV Method,
Ni-Dis,VMV_2632,mg/l,Nickel - Dissolved,Dissolved metals by inductively coupled argon plasma emission spectrometry with external nebulizer,Spectroscopy,VMV Method,VMV Method,
Ni-Dis,VMV_2633,mg/l,Nickel - Dissolved,Dissolved metals by ICP argon plasma emission spectrometry with standard spray chamber,Spectroscopy,VMV Method,VMV Method,
Ni-Dis,VMV_2725,µg/l,Nickel - Dissolved,Dissolved metals are analyzed by ICP-AES,Spectroscopy,VMV Method,VMV Method,
Ni-Dis,VMV_2816,µg/l,Nickel - Dissolved,Dissolved metals by inductively coupled argon plasma/mass spectrometer with pneumatic nebulization,Spectroscopy,VMV Method,VMV Method,
Ni-Dis,VMV_3007,µg/l,Nickel - Dissolved,"Dissolved metals in water by ""in-bottle"" digestion are analyzed by ICP-MS/ICP-OES.",Spectroscopy,VMV Method,VMV Method,
Ni-Dis,VMV_3017,µg/l,Nickel - Dissolved,Dissolved metals by inductively coupled argon plasma-mass spectrometry technique (ICP-MS).,Spectroscopy,VMV Method,VMV Method,
Ni-Dis,VMV_3529,µg/l,Nickel - Dissolved,Dissolved metals by CRC-ICP-MS with in-bottle digestion and discrete sampling pneumatic nebulization,Spectroscopy,VMV Method,VMV Method,
Ni-Dis,VMV_3584,µg/l,Nickel - Dissolved,Dissolved metals by CRC-ICP-MS and discrete sampling pneumatic nebulization,Spectroscopy,VMV Method,VMV Method,
Ni-Dis,VMV_3744,µg/l,Nickel - Dissolved,Analysis of dissolved metals is done by inductively coupled argon plasma mass spectrometry (ICP-MS).,Spectroscopy,VMV Method,VMV Method,
Ni-Ext,FAAS-AAc-E,mg/l,Nickel - Extractable,Extraction/Air-Acetylene Flame Atomic Absorption Spectrometry,Spectroscopy,SM 3111 C,APHA 2012,"The whole water sample is acidified with dilute mineral acid (0.2% HNO3), shaken, left to stand overnight. The pH of an aliquot of this solution is adjusted to 4.75 with a buffer solution. Ammonium pyrrolidine dithiocarbamate (APDC) solution is added to the aliquot, which is then extracted with methyl isobutyl ketone (MIBK). The absorbance is measured spectrophotometrically at a wavelength of 232.0 nm and compared with those of identically prepared standards. An acetylene-air oxidizing flame is used."
Ni-Ext,VMV_1917,µg/l,Nickel - Extractable,Extractable metals with inductively coupled argon plasma-sector field mass spectrometer (ICP-SFMS),Spectroscopy,VMV Method,VMV Method,
Ni-Ext,VMV_2628,µg/l,Nickel - Extractable,Extractable metals by inductively coupled argon plasma (ICAP) emission.,Spectroscopy,VMV Method,VMV Method,
Ni-Ext,VMV_2817,µg/l,Nickel - Extractable,Extractable metals by inductively coupled argon plasma-mass spectrometry with pneumatic nebulization,Spectroscopy,VMV Method,VMV Method,
Ni-Ext,VMV_2841,µg/l,Nickel - Extractable,Extractable elements in acid preserved samples are analyzed by ICP-MS.,Spectroscopy,VMV Method,VMV Method,
Ni-Ext,VMV_4070,µg/l,Nickel - Extractable,Extractable metals by inductively coupled plasma-collision/reaction cell-mass spectrometry,Spectroscopy,VMV Method,VMV Method,
Ni-Sus,VMV_3020,µg/g,Nickel - Suspended,"Analysis of major, minor and trace metal elements in the particulate phase of natural waters VMV3020",Spectroscopy,VMV Method,VMV Method,
Ni-Tot,0,mg/l,Nickel - Total,,,,,Undefined Analysis Method
Ni-Tot,FAAS-AAc-D-NA,mg/l,Nickel - Total,Direct Air-Acetylene Flame Atomic Absorption Spectrometry with HNO3 Digestion,Spectroscopy,SM 3111 B,APHA 2012,"A sample is preserved in the field with nitric acid. The sample aliquot is digested in nitric acid. The digest is aspirated and the absorbance is measured spectrometrically at 232.0 nm and compared to identically-prepared standard and blank solutions, using an air-acetylene oxidizing flame."
Ni-Tot,ICP-AES-Dgs,mg/l,Nickel - Total,Inductively Coupled Plasma (ICP) Method (Total Metals after Rigorous Digestion),Spectroscopy,SM 3120 B,APHA 2012,A sample is preserved in the field with nitric acid. The sample aliquot is digested in an aqua regia solution and evaporated to near dryness. The residue is dissolved in concentrated HCl and diluted to one-fifth of the aliquot original volume. The emission is measured spectrometrically at 231.6 nm and compared to identically-prepared standard and blank solutions.
Ni-Tot,ICP-AES-Xtr,mg/l,Nickel - Total,Inductively Coupled Plasma (ICP) Method (Extractable/Recoverable Metals),Spectroscopy,"SM 3120 B, 3030 C",APHA 2012,"A sample is preserved in the field with nitric acid. The sample aliquot is digested in nitric acid or aqua regia, concentrated appropriately, and aspirated from an autosampler. The emission is measured at 231.6 nm and compared to identically-prepared standard and blank solutions."
Ni-Tot,ICP-MS,mg/l,Nickel - Total,Inductively-Coupled Plasma Mass Spectrometry,Spectroscopy,SM 3125 B,APHA 2012,"A sample is preserved in the field with nitric acid. The sample aliquot is aspirated into an argon-based, high temperature radio frequency plasma. The sample is dissolved, atomised and ionised. These ions are extracted from the plasma through a vacuum interface and separated on the basis of their mass to charge ratio by a mass spectrometer. The ions are counted by an electron multiplier detector and the resulting information processed by a computer database system and compared to identically-prepared standard solutions."
Ni-Tot,ICP-SFMS-CVD,mg/l,Nickel - Total,Inductively-Coupled Plasma Sector Field Mass Spectrometry with Closed Vessel Digestion,Spectroscopy,SM 3125 B,APHA 2012,"Closed Vessel Digestion - The whole water sample is collected, preserved with 2% H2NO3, and stored in a HDPE or Teflon bottle. The sample is digested ""in-bottle"" in a convection oven at 60°C for 16 hours. The sample is cooled and introduced to an inductively coupled argon plasma-sector field mass spectrometer (ICP-SFMS) by pneumatic nebulization. Each respective element is measured at a specific mass to charge ratio, m/z value expressed in amu (atomic mass units), and at a specified instrument resolution. LR: Low Resolution ~ 300, MR: Mid Resolution ~ 4000 and HR : High Resolution ~ 10000"
Ni-Tot,VMV_1919,µg/l,Nickel - Total,Total metals with in-bottle digestion and inductively coupled plasma-sector field mass spectrometer,Spectroscopy,VMV Method,VMV Method,
Ni-Tot,VMV_2459,µg/l,Nickel - Total,Total recoverable metals with thermal digestion and inductively coupled plasma mass spectrometry,Spectroscopy,VMV Method,VMV Method,
Ni-Tot,VMV_2631,mg/l,Nickel - Total,Total metals by inductively coupled argon plasma emission spectrometry with standard spray chamber,Spectroscopy,VMV Method,VMV Method,
Ni-Tot,VMV_2634,mg/l,Nickel - Total,Total metals by inductively coupled argon plasma emission spectrometry with external nebulizer.,Spectroscopy,VMV Method,VMV Method,
Ni-Tot,VMV_2960,µg/l,Nickel - Total,"Total metals in water by ""in bottle"" digestion are analyzed by ICP-MS/ICP-OES.",Spectroscopy,VMV Method,VMV Method,
Ni-Tot,VMV_3528,µg/l,Nickel - Total,Total metals by CRC-ICP-MS with in-bottle digestion and discrete sampling pneumatic nebulization,Spectroscopy,VMV Method,VMV Method,
Ni-Tot,VMV_3583,µg/l,Nickel - Total,Total metals by CRC-ICP-MS and discrete sampling pneumatic nebulization,Spectroscopy,VMV Method,VMV Method,
Ni-Tot,VMV_375,µg/l,Nickel - Total,Total metals in water by ICP-MS,Spectroscopy,VMV Method,VMV Method,
Ni-Tot,VMV_4007,µg/l,Nickel - Total,Total metals by inductively coupled plasma-mass spectrometry with in-bottle digestion,Spectroscopy,VMV Method,VMV Method,Total metals in water with in bottle digestion are analyzed by inductively coupled plasma - collision/reaction cell - mass spectrometry (ICP-CRC-MS).
O2-Dis,0,mg/l,Dissolved Oxygen,,,,,Undefined Analysis Method
O2-Dis,O2-ISE,mg/l,Dissolved Oxygen,Membrane Electrode Method,Electrochemical Analysis,SM 4500-O G,APHA 2012,"Measurements are made in the field using a calibrated dissolved oxygen meter. The electronic cell, containing a gold cathode and a silver anode, is covered with an Oxygen permeable membrane to prevent interferences. Upon entering the cell, the Oxygen is reduced and the current is directly proportional to the oxygen concentration at a specific temperature. The DO ranges are usually automatically temperature corrected (between -50C and + 40°C), as are the solubility and permeability of the probe, while salinity usually needs manual compensation. Regular calibration against the Winkler Titration Method is recommended or by exactly following the manufacturer's procedure. (DO meter is calibrated in air saturated with moisture and the reading is taken when steady condition is obtained)."
O2-Dis,T-COL-I-AZD,mg/l,Dissolved Oxygen,Iodometric Method with Azide Modification,Titration,SM 4500-O C,APHA 2012,"A sample is collected and analysed in the field or preserved at 4°C and analysed as soon as possible. A sample aliquot is treated with manganous sulphate (MnSO4) and a strong alkaline iodide reagent (NaN3, NaI and NaOH). The manganous hydroxide formed reacts with the dissolved oxygen to form a brown precipitate (MnO(OH)2 (a KF solution is added if ferrous ions are present). Upon acidification, in the presence of iodide, the iodine liberated is equivalent to the dissolved oxygen originally present in the sample. The iodide is titrated with a standardized sodium thiosulphate solution (Na2S2O3), starch is used as an indicator.
 Interferences: ferrous ion at 1 mg/L (if KF is added the interference level for ferrous ion is 100-200 mg/L), SO3 ion, S2O3 ion, polythionate ions, free Cl2, OCl ion, oxidizing and reducing agents, and turbidity."
O2-Dis,VMV_10025,mg/l,Dissolved Oxygen,Winkler azide titration method equivalent BC MELP X047,Titration,VMV Method,VMV Method,
O2-Dis,VMV_324,mg/l,Dissolved Oxygen,Winkler method (azide modification),Colorimetry,VMV Method,VMV Method,
O2-Dis,VMV_325,mg/l,Dissolved Oxygen,Dissolved oxygen with DO meter,Electrochemical Analysis,VMV Method,VMV Method,
O2-Dis,VMV_3620,mg/l,Dissolved Oxygen,Field measurements are made using a multi-sonde.,Electrochemical Analysis,VMV Method,VMV Method,
O2-Dis,VMV_4053,mg/l,Dissolved Oxygen,Dissolved oxygen in measured in situ with Hydrolab using blue laser luminescence.,Colorimetry,VMV Method,VMV Method,
O2-Dis-Sat,0,%,Percent Dissolved Oxygen Saturation,,,,,Undefined Analysis Method
O2-Dis-Sat,O2-CALC-Sat,%,Percent Dissolved Oxygen Saturation,Saturation calculated from Dissolved Oxygen Concentration,Calculation,SM 422 B4d,APHA 1975,"Calculated from dissolved oxygen (DO) concentration at the temperature and depth of sampling obtained from the ""solubility of oxygen table"", where:
 S' = S * (P - p) / (760 - p)
 S' (mg/L) = solubility under any barometric pressure;
 S (mg/L) = solubility at 760 mm Hg;
 P = barometric pressure (mm Hg);
 p = pressure of saturated water vapour at water temperature, at 760 mm Hg;
 If elevations are less than 1000 metres and temperatures below 25°C, p can be ignored; therefore:
 S' = S * P / 760"
O2-Dis-Sat,O2-ISE,%,Percent Dissolved Oxygen Saturation,Membrane Electrode Method,Electrochemical Analysis,SM 4500-O G,APHA 2012,The YSI oxygen meter contains oxygen-sensitive membrane electrodes of two solid metal electrodes in contact with supporting electrolyte separated from the test solution by a selective membrane. The diffusion current is linearly proportional to the concentration of molecular oxygen and is converted to concentration units (mg/L) through a calibration procedure or reported as %DO saturation.
O2-Dis-Sat,VMV_320,%,Percent Dissolved Oxygen Saturation,Calculated method VMV_320,Calculation,VMV Method,VMV Method,
O2-Dis-Sat,VMV_321,%,Percent Dissolved Oxygen Saturation,Calculated method for DO % saturation,Calculation,VMV Method,VMV Method,
O2-Dis-Sat,VMV_3620,%,Percent Dissolved Oxygen Saturation,Field measurements are made using a multi-sonde.,Electrochemical Analysis,VMV Method,VMV Method,
OCP-Tot,LLE-GC-ECD,µg/l,Total Organochlorine Compounds,Liquid-Liquid Extraction Gas Chromatographic Method I with Electron Capture Detector,Chromatography,SM 6630 B,APHA 2012,"A sample is extracted three times in benzene or hexane. Add saturated sodium sulphate, methanol, iso-propanol or two-octanol to break down the emulsions. Add iso-octane and concentrate the combined extract, using a rotary evaporator flask. The extract is loaded on a Florisil® column and four separate fractions are eluted using hexane, 6% ethyl ether in petroleum ether, 15% ethyl ether in petroleum ether, then 50% ethyl ether in petroleum ether or chloroform. Concentrate in a rotary flask, transfer to a graduated centrifuge tube. Add iso-octane as a keeper and concentrate under a gentle stream of nitrogen at 40°C. The sample extract is then injected into a dual column GC/ECD and quantified, according to each retention time and peak height/area, using a multi-point calibration curve. Confirmation is achieved by chemical derivation techniques, TLC, or Mass Spectrometry.
 Interference: Other pesticide residues and their degradation products or metabolites and organic compounds, other than OCs and PCBs, may interfere. As many of these compounds cannot be separated, confirmation"
ODCB,0,µg/l,"1,2-Dichlorobenzene",,,,,Undefined Analysis Method
OG,0,mg/l,Oil and Grease,,,,,Undefined Analysis Method
OH,0,mg/l,Hydroxide,,,,,Undefined Analysis Method
OH,VMV_351,mg/l,Hydroxide,Calculated method VMV_351,Calculation,VMV Method,VMV Method,
OMETHOATE,0,µg/l,Omethoate,,,,,Undefined Analysis Method
ONCB,0,µg/l,1-Chloro-2-nitrobenzene,,,,,Undefined Analysis Method
OXAMYL,0,µg/l,Oxamyl,,,,,Undefined Analysis Method
OXAMYL,VMV_3461,ng/l,Oxamyl,Carbamate fungicides in water are analyzed by SPE and ESI-LC-MS/MS.,Chromatography,VMV Method,VMV Method,
OXYL,0,µg/l,"1,2-Xylene",,,,,Undefined Analysis Method
OXYL,VMV_3653,µg/l,"1,2-Xylene",Canada wide standards for petroleum hydrocarbons in soil determined by GC/FID and GC/MS,Chromatography,VMV Method,VMV Method,
OctaBDE,0,µg/l,Octabromodiphenylether,,,,,Undefined Analysis Method
OctaBDE,VMV_3221,pg/l,Octabromodiphenylether,Analysis of polybrominated diphenyl ethers in solids using GC-HRMS Technique Q0512D0.,Chromatography,VMV Method,VMV Method,
OctaBDE,VMV_3228,pg/l,Octabromodiphenylether,"Analysis of polybrominated diphenyl ethers (PBDE) in water, biological tissues, sediment and soils",Chromatography,VMV Method,VMV Method,CEAEQ Method not available.
PAH,0,µg/l,Polycyclic Aromatic Hydrocarbons,,,,,Undefined Analysis Method
PAH,EPA8310,µg/l,Polycyclic Aromatic Hydrocarbons,Polynuclear Aromatic Hydrocarbons,Chromatography,,EPA 1986,"Method 8310 provides high performance liquid chromatographic (HPLC) conditions for the detection of ppb levels of certain polynuclear aromatic hydrocarbons. Prior to use of this method, appropriate sample extraction techniques must be used. A 5- to 25-uL aliquot of the extract is injected into an HPLC, and compounds in the effluent are detected by ultraviolet (UV) and fluorescence detectors.

Collect water samples in amber glass containers with screwcaps Teflon lined septa. If residual chlorine is present, add 3 mL of 10% sodium thiosulfate per gallon. Refrigerate at 4°C until extraction. Extract within 7 days. Solid samples: Collect sample in wide-mouth glass jar. Refrigerate at 4°C until extraction. Extract within 14 days. All extracts should be stored at 4°C and analyzed within 40 days after extraction. (https://www.nemi.gov/methods/method_pdf/4727/)"
PAH,GC-FID-MS,µg/l,Polycyclic Aromatic Hydrocarbons,Gas Chromatography - Flame Ionization and Mass Spectrometry,Chromatography,VI-4 16.2,JWWA 2001,"The measured sample is vigorously extracted three times with benzene or hexane, dried with pre-washed sodium sulphate, and reduced to 10 mL. Direct analysis for PAH is completed by capillary GC-FID and GC-MS and compared to calibration standards and blank solutions."
PAH,LLE-HPLC-FD-UVD,µg/l,Polycyclic Aromatic Hydrocarbons,Liquid-Liquid Extraction High Performance Liquid Chromatography and Fluorescence/UV-Detector,Chromatography,SM 6440 B,APHA 2012,"After the addition of methyl chrysene as internal standard, the sample is extracted with dichloromethane. After the addition of a solvent keeper (acetonitrile and acetic acid) the extract is concentrated to 1 ml and analysed by HPLC and fluorescence - / UV spectrometry. LOQ ranges from 2 and 30 ng/L (depending on the compound) for surface water, and between 6 and 80 ng/L for wastewater. For wastewater, a sample clean-up is required (GPC: gel permeation chromatography)."
PARATHION,0,µg/l,Parathion ethyl,,,,,Undefined Analysis Method
PARATHION,VMV_303,ng/l,Parathion ethyl,Analysis of  organophosphorus and triazine pesticides in surface waters using GC-MS/MS.,Chromatography,VMV Method,VMV Method,LEEQ Method No. Q0515E0.
PBDE-Sum,VMV_3228,pg/l,Sum of Polybrominated Diphenyl Ethers,"Analysis of polybrominated diphenyl ethers (PBDE) in water, biological tissues, sediment and soils",Chromatography,VMV Method,VMV Method,CEAEQ Method not available.
PCA,0,µg/l,Pentachloroanisole,,,,,Undefined Analysis Method
PCB,0,µg/l,Polychlorinated Biphenyls,,,,,Undefined Analysis Method
PCB,LLE-GC-ECD,µg/l,Polychlorinated Biphenyls,Liquid-Liquid Extraction Gas Chromatographic Method I with Electron Capture Detector,Chromatography,SM 6630 B,APHA 2012,"A sample aliquot is extracted three times with benzene. The extract is loaded on a Florisil® column and eluted using 15% dichloromethane in hexane. Concentrate in a rotary flask, transfer to graduated centrifuge tube. Add iso-octane as a keeper and concentrate under a gentle stream of nitrogen at 40°C. The sample extract is then injected into a dual column GC/ECD and quantified, according to its retention time and peak height/area. A gas chromatograph equipped with a mass selective detector (GC/MSD) is used for confirmation.
 Interference: All solvents are checked for background interference.
 The method detection limit is 0.1 µg/L."
PCB-101,0,µg/l,"2,2',4,5,5'-Pentachlorobiphenyl",,,,,Undefined Analysis Method
PCB-118,0,µg/l,"2,3',4,4',5-Pentachlorobiphenyl",,,,,Undefined Analysis Method
PCB-138,0,µg/l,"2,2',3,4,4',5'-Hexachlorobiphenyl",,,,,Undefined Analysis Method
PCB-153,0,µg/l,"2,2',4,4',5,5'-Hexachlorobiphenyl",,,,,Undefined Analysis Method
PCB-180,0,µg/l,"2,2',3,4,4',5,5'-Heptachlorobiphenyl",,,,,Undefined Analysis Method
PCB-194,0,µg/l,"2,2',3,3',4,4',5,5'-Octachlorobiphenyl",,,,,Undefined Analysis Method
PCB-28,0,µg/l,"2,4,4'-Trichlorobiphenyl",,,,,Undefined Analysis Method
PCB-52,0,µg/l,"2,2',5,5'-Tetrachlorobiphenyl",,,,,Undefined Analysis Method
PCE,0,µg/l,Tetrachloroethene,,,,,Undefined Analysis Method
PCN,0,µg/l,Polychlorinated Naphthalenes,,,,,Undefined Analysis Method
PCP,0,µg/l,Pentachlorophenol,,,,,Undefined Analysis Method
PCP,LLE-GC-ECD,µg/l,Pentachlorophenol,Liquid-Liquid Extraction Gas Chromatographic Method I with Electron Capture Detector,Chromatography,SM 6630 B,APHA 2012,"After preparing the chromatograph by packing the column, proper thermal and pesticide conditioning, developing a proper injection technique, and running the calibration procedure. Collect and extract the sample then inject 3-4 µL of extract solution into a packed column or 1 µL on a fused silica capillary column. Proceed with magnesia-silica gel cleanup and determine extraction efficiency."
PDCB,0,µg/l,"1,4-Dichlorobenzene",,,,,Undefined Analysis Method
PECBZ,0,µg/l,Pentachlorobenzene,,,,,Undefined Analysis Method
PECBZ,VMV_2863,ng/l,Pentachlorobenzene,"Analysis of OCs, PCBs, CBs and PAHs in 1 L water samples by GC-ECD and GC-MSD.",Chromatography,VMV Method,VMV Method,
PECBZ,VMV_3654,ng/l,Pentachlorobenzene,Chlorobenzenes and organochlorine pesticides by liquid-liquid extraction and GC-MS/MS detection.,Chromatography,VMV Method,VMV Method,
PECNBZ,0,µg/l,"1,2,3,4,5-Pentachloro-6-nitrobenzene",,,,,Undefined Analysis Method
PENDIMETHALIN,0,µg/l,Pendimethalin,,,,,Undefined Analysis Method
PERMETHRIN,0,µg/l,Permethrin,,,,,Undefined Analysis Method
PFOA,0,µg/l,Perfluorooctanoic acid,,,,,Undefined Analysis Method
PFOS,0,µg/l,Perfluorooctane sulfonic acid,,,,,Undefined Analysis Method
PHLH,0,µg/l,Phenole,,,,,Undefined Analysis Method
PHLHs,0,mg/l,Phenols,,,,,Undefined Analysis Method
PHLHs,LLE-GC-MS,µg/l,Phenols,Liquid-Liquid Extraction Gas Chromatographic/Mass Spectrometric Method,Chromatography,SM 6410 B,APHA 2012,"A 1 L water sample is spiked with deuterated surrogate standards and serially extracted with methylene chloride, first at a pH greater than 11 for the phenol fraction and secondly at a pH less than 2 for the benzoic fraction, in a separatory funnel. The methylene chloride extract is taken to dryness, and re-constituted to a volume of 100 µl with methylene chloride, and spiked with deuterated internal standards. The alkaline solution is analysed using a capillary column and mass spectrometry detection. Screening is performed using the relative retention time and relative abundance of two or more characteristic ions. The full identification of organic compounds screened and their quantification are performed using the full reference spectra, multi internal standards and extracted areas of characteristic ions. Non-target compounds are tentatively identified using mass spectral libraries, approximate concentration ranges are based on relative total ion counts."
PHLHs,PHLH-COL,mg/l,Phenols,Colorimetry (Phenols),Colorimetry,JIS K 0102 28.1,JSA 1998,"If turbid, a sample is passed through a GF/C glass-fibre filter then preserved with CuSO4 and H3PO4 in the field. The phenolic materials (for sea water: the aliquot is diluted to avoid Br contamination) are steam-distilled on a Technicon automated system (or equivalent) under acidic conditions. The distillate is then mixed with an alkaline buffer solution (NH4OH/NH4Cl) to a pH of 10 (±0.2), reacted with 4-aminoantipyrine (4-amino-1, 5-dimethyl-2- phenyl-3- pyrazolene) (4-amino-1,2-dihydro-1,5-dimethyl-2-phenyl-3H-pyrazole-3-one) and the resulting colour is measured spectrometrically at 505-510nm and compared with identically-prepared phenol standard and blank solutions.
 Interferences: Br, S compounds and steam distillable aldehydes."
PHLHs,VMV_3607,mg/l,Phenols,Total phenols are determined colourimetrically using a Technicon Autoanalyzer III.,Colorimetry,VMV Method,VMV Method,
PHNH,0,µg/l,Phenanthracene,,,,,Undefined Analysis Method
PHNH,EPA8310,µg/l,Phenanthracene,Polynuclear Aromatic Hydrocarbons,Chromatography,,EPA 1986,"Method 8310 provides high performance liquid chromatographic (HPLC) conditions for the detection of ppb levels of certain polynuclear aromatic hydrocarbons. Prior to use of this method, appropriate sample extraction techniques must be used. A 5- to 25-uL aliquot of the extract is injected into an HPLC, and compounds in the effluent are detected by ultraviolet (UV) and fluorescence detectors.

Collect water samples in amber glass containers with screwcaps Teflon lined septa. If residual chlorine is present, add 3 mL of 10% sodium thiosulfate per gallon. Refrigerate at 4°C until extraction. Extract within 7 days. Solid samples: Collect sample in wide-mouth glass jar. Refrigerate at 4°C until extraction. Extract within 14 days. All extracts should be stored at 4°C and analyzed within 40 days after extraction. (https://www.nemi.gov/methods/method_pdf/4727/)"
PHNH,LLE-HPLC-FD-UVD,µg/l,Phenanthracene,Liquid-Liquid Extraction High Performance Liquid Chromatography and Fluorescence/UV-Detector,Chromatography,SM 6440 B,APHA 2012,"Mark the water meniscus on the side of the sample bottle for later determination of volume. Pour entire sample into a 2-L separatory funnel and extract. Separation and clean-up is by means of a silica-gel column. Add 4mL acetonitrile and concentrate the extract in a 95-100°C water bath using a micro-Snyder column. Rinse column with 0.2 mL acetonitrile. Adjust final extract volume to 1.0mL. After the operating conditions are met, proceed with calibration and sample analysis. If the internal standard calibration procedure is being used, add internal standard to sample extract and mix thoroughly. Immediately inject 5 to 25µL sample extract or standard into HPLC using a high pressure syringe or constant-volume sample injection loop. Record volume injected to nearest 0.1 µL and resulting peak size in area or peak height units. Re-equilibrate HPLC column at initial gradient conditions for at least 10 minutes between injections. Identify compounds in sample by comparing peak retention times with peaks of standard chromatograms."
PHNH,VMV_10366,ng/ml,Phenanthracene,Alkylated polynuclear aromatic hydrocarbons (alkylated PAHs),Chromatography,VMV Method,VMV Method,
PHNH,VMV_2863,ng/l,Phenanthracene,"Analysis of OCs, PCBs, CBs and PAHs in 1 L water samples by GC-ECD and GC-MSD.",Chromatography,VMV Method,VMV Method,
PHNH,VMV_3669,ng/l,Phenanthracene,Extraction of PAHs in water by solid phase extraction (SPE) and analysis by GC-MSMS.,Chromatography,VMV Method,VMV Method,
PHNH,VMV_3670,ng/l,Phenanthracene,Extraction of alkyl PAHs in water by solid phase extraction (SPE) and analysis by GC-MSMS.,Chromatography,VMV Method,VMV Method,
PHNH,VMV_4100,µg/l,Phenanthracene,PAH and alkyl substituted PAH in water are analyzed via GC-MS.,Chromatography,VMV Method,VMV Method,
PHNH,VMV_4102,ng/l,Phenanthracene,"Analysis of OCs, PCBs, CBs & PAHs in 1 L water by GC-ECD and GC-MSD",Chromatography,VMV Method,VMV Method,
PHORATE,0,µg/l,Phorate,,,,,Undefined Analysis Method
PHORATE,VMV_303,ng/l,Phorate,Analysis of  organophosphorus and triazine pesticides in surface waters using GC-MS/MS.,Chromatography,VMV Method,VMV Method,LEEQ Method No. Q0515E0.
PHORATE,VMV_3216,ng/l,Phorate,"Pesticides of the organophosphorus type, triazine, carbamate and urea: extraction with C-18",Chromatography,VMV Method,VMV Method,
PHOSALONE,0,µg/l,"6-chloro-3-(diethoxyphosphinothioylsulfanylmethyl)-1,3-benzoxazol-2-one",,,,,Undefined Analysis Method
PHOSALONE,VMV_303,ng/l,"6-chloro-3-(diethoxyphosphinothioylsulfanylmethyl)-1,3-benzoxazol-2-one",Analysis of  organophosphorus and triazine pesticides in surface waters using GC-MS/MS.,Chromatography,VMV Method,VMV Method,LEEQ Method No. Q0515E0.
PHOSALONE,VMV_3216,ng/l,"6-chloro-3-(diethoxyphosphinothioylsulfanylmethyl)-1,3-benzoxazol-2-one","Pesticides of the organophosphorus type, triazine, carbamate and urea: extraction with C-18",Chromatography,VMV Method,VMV Method,
PHOSMET,0,µg/l,"2-(Dimethoxyphosphinothioylthiomethyl)isoindoline-1,3-dione",,,,,Undefined Analysis Method
PHOSMET,VMV_303,ng/l,"2-(Dimethoxyphosphinothioylthiomethyl)isoindoline-1,3-dione",Analysis of  organophosphorus and triazine pesticides in surface waters using GC-MS/MS.,Chromatography,VMV Method,VMV Method,LEEQ Method No. Q0515E0.
PHOXIM,0,µg/l,Phoxim,,,,,Undefined Analysis Method
PICLORAM,0,µg/l,Picloram,,,,,Undefined Analysis Method
PICLORAM,VMV_247,ng/l,Picloram,Acid herbicides extracted using Strata-X SPE cartridges.,Chromatography,VMV Method,VMV Method,
PICLORAM,VMV_2865,ng/l,Picloram,Analysis of acidic herbicides as PFBB esters by GC-ECD.,Chromatography,VMV Method,VMV Method,
PICLORAM,VMV_3002,ng/l,Picloram,Analysis of acidic herbicides in water using GC-MSD.,Chromatography,VMV Method,VMV Method,
PICOLINAFEN,0,µg/l,Picolinafen,,,,,Undefined Analysis Method
PIRIMICARB,0,µg/l,Pirimicarb,,,,,Undefined Analysis Method
PIRIMICARB,VMV_3216,ng/l,Pirimicarb,"Pesticides of the organophosphorus type, triazine, carbamate and urea: extraction with C-18",Chromatography,VMV Method,VMV Method,
PIRIMICARB,VMV_3461,ng/l,Pirimicarb,Carbamate fungicides in water are analyzed by SPE and ESI-LC-MS/MS.,Chromatography,VMV Method,VMV Method,
PIRIMIPHOSMETHYL,0,µg/l,Pirimiphos-methyl,,,,,Undefined Analysis Method
PN,0,mg/l,Particulate Nitrogen,,,,,Undefined Analysis Method
PN,VMV_210,mg/l,Particulate Nitrogen,Thermal conductivity method for measuring particulate CO2 and N2.,,VMV Method,VMV Method,
PNCB,0,µg/l,1-Chloro-4-nitrobenzene,,,,,Undefined Analysis Method
POC,0,mg/l,Particulate Organic Carbon,,,,,Undefined Analysis Method
POC,CHN-HTC-MIGG,µg/g,Particulate Organic Carbon,High-Temperature Combustion Method with CHN-Analyzer (as microgram per gram of particulate material),Chromatography,0231-2000 4.2.,JGS 2001,"A sample aliquot is washed with 0.3% sulphuric acid [Japan uses 4mol/L HCl] to remove all inorganic carbons. The aliquot is then weighed and ignited in a combustion tube, containing MnO2 catalyst, at 850°C [Japan uses 900-950 °C]. The resulting CO2 is measured by thermal conductivity and compared to identically-prepared standard and blank solutions."
POC,VMV_210,%,Particulate Organic Carbon,Thermal conductivity method for measuring particulate CO2 and N2.,,VMV Method,VMV Method,
POC,VMV_3211,mg/l,Particulate Organic Carbon,"Analysis of carbon, nitrogen, hydrogen and sulphur using an elementary analysis technique.",,VMV Method,VMV Method,
PON,0,mg/l,Particulate Organic Nitrogen,,,,,Undefined Analysis Method
PON,GC-TCD-MIGG,µg/g,Particulate Organic Nitrogen,Gas Chromatography with Thermal Conductivity Detection (as microgram per gram particulate material),Chromatography,STAR 268,Environment Canada 2007,"A sample is passed through a pre-ignited Whatman GF/C filter. The residue is washed with diluted H2SO4 (0.3%) to remove inorganic ions. The filter containing the residue is dried and inserted into a combustion tube at 950°C. The resulting N2 is measured by thermal conductivity, and compared with identically-prepared standard and blank solutions. A Hewlett-Packard 185 CHN Analyzer (or equivalent) is used.

Data are reported in units of ug/g particulate material."
PON,VMV_3211,mg/l,Particulate Organic Nitrogen,"Analysis of carbon, nitrogen, hydrogen and sulphur using an elementary analysis technique.",,VMV Method,VMV Method,
PRIMISULFURON,VMV_3431,ng/l,Primisulfuron,Analysis of sulfonyl ureas and related herbicides by SPE and LC-MS/MS detection,Chromatography,VMV Method,VMV Method,
PROCHLORAZ,0,µg/l,Prochloraz,,,,,Undefined Analysis Method
PROMETRYN,0,µg/l,Prometryn,,,,,Undefined Analysis Method
PROMETRYN,VMV_303,ng/l,Prometryn,Analysis of  organophosphorus and triazine pesticides in surface waters using GC-MS/MS.,Chromatography,VMV Method,VMV Method,LEEQ Method No. Q0515E0.
PROMETRYN,VMV_526,ng/l,Prometryn,Analysis of organophosphorus and triazine pesticides in surface waters - by gas chromatography.,Chromatography,VMV Method,VMV Method,LEEQ Method No. Q0500E0.
PRONAMIDE,0,µg/l,Propyzamide,,,,,Undefined Analysis Method
PROPANIL,0,µg/l,"3',4'-Dichloropropionanilide",,,,,Undefined Analysis Method
PROPAZINE,0,µg/l,Propazine,,,,,Undefined Analysis Method
PROPAZINE,VMV_303,ng/l,Propazine,Analysis of  organophosphorus and triazine pesticides in surface waters using GC-MS/MS.,Chromatography,VMV Method,VMV Method,LEEQ Method No. Q0515E0.
PROPAZINE,VMV_526,ng/l,Propazine,Analysis of organophosphorus and triazine pesticides in surface waters - by gas chromatography.,Chromatography,VMV Method,VMV Method,LEEQ Method No. Q0500E0.
PROPICONAZOLE,0,µg/l,Propiconazole,,,,,Undefined Analysis Method
PROPOXUR,0,µg/l,Propoxur,,,,,Undefined Analysis Method
PROPOXUR,VMV_3216,ng/l,Propoxur,"Pesticides of the organophosphorus type, triazine, carbamate and urea: extraction with C-18",Chromatography,VMV Method,VMV Method,
PROSULFURON,0,µg/l,Prosulfuron,,,,,Undefined Analysis Method
PROSULFURON,VMV_3431,ng/l,Prosulfuron,Analysis of sulfonyl ureas and related herbicides by SPE and LC-MS/MS detection,Chromatography,VMV Method,VMV Method,
PROTHIOCONAZOLE,0,µg/l,Prothioconazole,,,,,Undefined Analysis Method
PV,0,mg/l,Permanganate Value,,,,,Undefined Analysis Method
PV,PV-T-COL-KMnO4,mg/l,Permanganate Value,Permanganate Value by KMnO4 Method,Titration,NAQ 08401,Environment Canada 1988,"A sample is tightly capped and preserved in the field at 4°C. The sample aliquot is acidified with diluted H2SO4 (25%) and KMnO4 solution is added. The solution is then digested 20-30 minutes on a boiling water bath, and immediately cooled. An oxalic acid solution equivalent to the original KMnO4 solution is added to the mixture at 70°C. The excess oxalic acid is back-titrated with standard KMnO4 solution at 60°C. A reagent blank is identically treated. The consumed O2 is calculated by difference between sample and blank aliquots.

Swedish method: A solution of potassium iodide is added. The released iodine is titrated in the same manner as the Winkler method for dissolved oxygen.

Interferences: Cl ion concentration in excess of 1000 mg/L."
PXYL,0,µg/l,"1,4-Xylene",,,,,Undefined Analysis Method
PYL,0,µg/l,Perylene,,,,,Undefined Analysis Method
PYL,VMV_2863,ng/l,Perylene,"Analysis of OCs, PCBs, CBs and PAHs in 1 L water samples by GC-ECD and GC-MSD.",Chromatography,VMV Method,VMV Method,
PYL,VMV_4100,µg/l,Perylene,PAH and alkyl substituted PAH in water are analyzed via GC-MS.,Chromatography,VMV Method,VMV Method,
PYL,VMV_4102,ng/l,Perylene,"Analysis of OCs, PCBs, CBs & PAHs in 1 L water by GC-ECD and GC-MSD",Chromatography,VMV Method,VMV Method,
PYRACLOSTROBIN,0,µg/l,Pyraclostrobin,,,,,Undefined Analysis Method
PYRACLOSTROBIN,VMV_3216,ng/l,Pyraclostrobin,"Pesticides of the organophosphorus type, triazine, carbamate and urea: extraction with C-18",Chromatography,VMV Method,VMV Method,
PYRENE,0,µg/l,Pyrene,,,,,Undefined Analysis Method
PYRENE,LLE-HPLC-FD-UVD,µg/l,Pyrene,Liquid-Liquid Extraction High Performance Liquid Chromatography and Fluorescence/UV-Detector,Chromatography,SM 6440 B,APHA 2012,"Mark the water meniscus on the side of the sample bottle for later determination of volume. Pour entire sample into a 2-L separatory funnel and extract. Separation and clean-up is by means of a silica-gel column. Add 4mL acetonitrile and concentrate the extract in a 95-100°C water bath using a micro-Snyder column. Rinse column with 0.2 mL acetonitrile. Adjust final extract volume to 1.0mL. After the operating conditions are met, proceed with calibration and sample analysis. If the internal standard calibration procedure is being used, add internal standard to sample extract and mix thoroughly. Immediately inject 5 to 25µL sample extract or standard into HPLC using a high pressure syringe or constant-volume sample injection loop. Record volume injected to nearest 0.1 µL and resulting peak size in area or peak height units. Re-equilibrate HPLC column at initial gradient conditions for at least 10 minutes between injections. Identify compounds in sample by comparing peak retention times with peaks of standard chromatograms."
PYRENE,VMV_3669,ng/l,Pyrene,Extraction of PAHs in water by solid phase extraction (SPE) and analysis by GC-MSMS.,Chromatography,VMV Method,VMV Method,
PYRIMETHANIL,0,µg/l,Pyrimethanil,,,,,Undefined Analysis Method
Pb-Dis,0,mg/l,Lead - Dissolved,,,,,Undefined Analysis Method
Pb-Dis,FAAS-AAc-D,mg/l,Lead - Dissolved,Direct Air-Acetylene Flame Atomic Absorption Spectrometry,Spectroscopy,SM 3111 B,APHA 2012,"A sample is filtered in the field through a 0.45 µm membrane filter and preserved with nitric acid. The sample aliquot is aspirated into the flame and the absorbance is measured spectrometrically at 283.3 nm and compared to identically-prepared standard and blank solutions, using an air-acetylene oxidizing flame."
Pb-Dis,ICP-AES,mg/l,Lead - Dissolved,Inductively Coupled Plasma (ICP) Method,Spectroscopy,SM 3120 B,APHA 2012,A sample is filtered in the field through a 0.45 µm membrane filter and preserved with nitric acid. The sample aliquot is aspirated and the emission is measured spectrometrically at 220.3 nm and compared with identically-prepared standard and blank solutions.
Pb-Dis,ICP-MS,mg/l,Lead - Dissolved,Inductively-Coupled Plasma Mass Spectrometry,Spectroscopy,SM 3125 B,APHA 2012,"A sample is filtered in the field through a 0.45 µm membrane filter and preserved with nitric acid. The sample aliquot is aspirated into an argon-based, high temperature radio frequency plasma. The sample is dissolved, atomised and ionised. These ions are extracted from the plasma through a vacuum interface and separated on the basis of their mass to charge ratio by a mass spectrometer. The ions are counted by an electron multiplier detector and the resulting information processed by a computer database system and compared to identically-prepared standard and blank solutions."
Pb-Dis,VMV_1920,µg/l,Lead - Dissolved,Dissolved metals with in-bottle digestion using inductively coupled plasma-sector field MS,Spectroscopy,VMV Method,VMV Method,
Pb-Dis,VMV_2632,mg/l,Lead - Dissolved,Dissolved metals by inductively coupled argon plasma emission spectrometry with external nebulizer,Spectroscopy,VMV Method,VMV Method,
Pb-Dis,VMV_2633,mg/l,Lead - Dissolved,Dissolved metals by ICP argon plasma emission spectrometry with standard spray chamber,Spectroscopy,VMV Method,VMV Method,
Pb-Dis,VMV_2725,µg/l,Lead - Dissolved,Dissolved metals are analyzed by ICP-AES,Spectroscopy,VMV Method,VMV Method,
Pb-Dis,VMV_2816,µg/l,Lead - Dissolved,Dissolved metals by inductively coupled argon plasma/mass spectrometer with pneumatic nebulization,Spectroscopy,VMV Method,VMV Method,
Pb-Dis,VMV_3007,µg/l,Lead - Dissolved,"Dissolved metals in water by ""in-bottle"" digestion are analyzed by ICP-MS/ICP-OES.",Spectroscopy,VMV Method,VMV Method,
Pb-Dis,VMV_3017,µg/l,Lead - Dissolved,Dissolved metals by inductively coupled argon plasma-mass spectrometry technique (ICP-MS).,Spectroscopy,VMV Method,VMV Method,
Pb-Dis,VMV_3529,µg/l,Lead - Dissolved,Dissolved metals by CRC-ICP-MS with in-bottle digestion and discrete sampling pneumatic nebulization,Spectroscopy,VMV Method,VMV Method,
Pb-Dis,VMV_3584,µg/l,Lead - Dissolved,Dissolved metals by CRC-ICP-MS and discrete sampling pneumatic nebulization,Spectroscopy,VMV Method,VMV Method,
Pb-Dis,VMV_3744,µg/l,Lead - Dissolved,Analysis of dissolved metals is done by inductively coupled argon plasma mass spectrometry (ICP-MS).,Spectroscopy,VMV Method,VMV Method,
Pb-Ext,COL-DTZ,mg/l,Lead - Extractable,Dithizone Method,Colorimetry,SM 3500-Pb B,APHA 2012,
Pb-Ext,FAAS-AAc-D,mg/l,Lead - Extractable,Direct Air-Acetylene Flame Atomic Absorption Spectrometry,Spectroscopy,SM 3111 B,APHA 2012,"Preservation with 0.2% HNO3. The whole water sample is acidified with dilute mineral acid (usually, the preservative), shaken, left to stand overnight and analyzed by direct AAS."
Pb-Ext,FAAS-AAc-E,mg/l,Lead - Extractable,Extraction/Air-Acetylene Flame Atomic Absorption Spectrometry,Spectroscopy,SM 3111 C,APHA 2012,"The whole water sample is acidified with dilute mineral acid (0.2% HNO3), shaken, left to stand overnight. The pH of an aliquot of this solution is adjusted to 4.75 with a buffer solution. Ammonium pyrrolidine dithiocarbamate (APDC) solution is added to the aliquot, which is then extracted with methyl isobutyl ketone (MIBK). The absorbance is measured spectrophotometrically at a wavelength of 283.3 nm and compared with those of identically prepared standards. An acetylene-air oxidizing flame is used."
Pb-Ext,VMV_1917,µg/l,Lead - Extractable,Extractable metals with inductively coupled argon plasma-sector field mass spectrometer (ICP-SFMS),Spectroscopy,VMV Method,VMV Method,
Pb-Ext,VMV_2628,µg/l,Lead - Extractable,Extractable metals by inductively coupled argon plasma (ICAP) emission.,Spectroscopy,VMV Method,VMV Method,
Pb-Ext,VMV_2817,µg/l,Lead - Extractable,Extractable metals by inductively coupled argon plasma-mass spectrometry with pneumatic nebulization,Spectroscopy,VMV Method,VMV Method,
Pb-Ext,VMV_2841,µg/l,Lead - Extractable,Extractable elements in acid preserved samples are analyzed by ICP-MS.,Spectroscopy,VMV Method,VMV Method,
Pb-Ext,VMV_4070,µg/l,Lead - Extractable,Extractable metals by inductively coupled plasma-collision/reaction cell-mass spectrometry,Spectroscopy,VMV Method,VMV Method,
Pb-Sus,FAAS-AAc-D-NA,µg/g,Lead - Suspended,Direct Air-Acetylene Flame Atomic Absorption Spectrometry with HNO3 Digestion,Spectroscopy,SM 3111 B,APHA 2012,"A sample is filtered in the field through a 0.45 µm membrane filter. The filter, containing the residue, is digested with nitric acid. The resulting solution is then aspirated and the absorbance is measured spectrometrically at 283.3 nm and compared to identically-prepared standard and blank solutions, using an air-acetylene oxidizing flame."
Pb-Sus,VMV_3020,µg/g,Lead - Suspended,"Analysis of major, minor and trace metal elements in the particulate phase of natural waters VMV3020",Spectroscopy,VMV Method,VMV Method,
Pb-Tot,0,mg/l,Lead - Total,,,,,Undefined Analysis Method
Pb-Tot,FAAS-AAc-D-NA,mg/l,Lead - Total,Direct Air-Acetylene Flame Atomic Absorption Spectrometry with HNO3 Digestion,Spectroscopy,SM 3111 B,APHA 2012,"A sample is preserved in the field with nitric acid. The sample aliquot is digested in nitric acid. The digest is aspirated and the absorbance is measured spectrometrically at 283.3 nm and compared to identically-prepared standard and blank solutions, using an air-acetylene oxidizing flame."
Pb-Tot,FAAS-AAc-E-NA,mg/l,Lead - Total,Extraction/Air-Acetylene Flame Atomic Absorption Spectrometry with HNO3 digestion,Spectroscopy,SM 3111 C,APHA 2012,"A sample is preserved in the field with nitric acid. The sample aliquot is digested in nitric acid. The pH of the digest is adjusted to 4.75 with a buffer solution. Ammonium pyrrolidine dithiocarbamate (APDC) solution is added to the digest and then extracted with a methyl isobutyl ketone (MIBK) solution. The solvent layer (See Appendix 5) is aspirated at the wavelength of 283.3 nm and compared to identically-prepared standard and blank solutions, using an air-acetylene oxidizing flame."
Pb-Tot,ICP-AES-Dgs,mg/l,Lead - Total,Inductively Coupled Plasma (ICP) Method (Total Metals after Rigorous Digestion),Spectroscopy,SM 3120 B,APHA 2012,A sample is preserved in the field with nitric acid. The sample aliquot is digested with aqua regia and evaporated to near dryness. The residue is dissolved in concentrated HCl and diluted to one-fifth of the aliquot original volume. The sample aliquot is aspirated and the emission is measured at 220.3 nm and compared with identically-prepared standard and blank solutions.
Pb-Tot,ICP-AES-Xtr,mg/l,Lead - Total,Inductively Coupled Plasma (ICP) Method (Extractable/Recoverable Metals),Spectroscopy,"SM 3120 B, 3030 C",APHA 2012,"A sample is preserved in the field with nitric acid. The sample aliquot is digested in nitric acid or aqua regia, concentrated appropriately, and aspirated from an autosampler. The emission is measured at 220.3 nm and compared to identically-prepared standard and blank solutions."
Pb-Tot,ICP-MS,mg/l,Lead - Total,Inductively-Coupled Plasma Mass Spectrometry,Spectroscopy,SM 3125 B,APHA 2012,"A sample is preserved in the field with nitric acid. The sample aliquot is aspirated into an argon-based, high temperature radio frequency plasma. The sample is dissolved, atomised and ionised. These ions are extracted from the plasma through a vacuum interface and separated on the basis of their mass to charge ratio by a mass spectrometer. The ions are counted by an electron multiplier detector and the resulting information processed by a computer database system and compared to identically-prepared standard and blank solutions."
Pb-Tot,ICP-SFMS-CVD,mg/l,Lead - Total,Inductively-Coupled Plasma Sector Field Mass Spectrometry with Closed Vessel Digestion,Spectroscopy,SM 3125 B,APHA 2012,"Closed Vessel Digestion - The whole water sample is collected, preserved with 2% H2NO3, and stored in a HDPE or Teflon bottle. The sample is digested ""in-bottle"" in a convection oven at 60°C for 16 hours. The sample is cooled and introduced to an inductively coupled argon plasma-sector field mass spectrometer (ICP-SFMS) by pneumatic nebulization. Each respective element is measured at a specific mass to charge ratio, m/z value expressed in amu (atomic mass units), and at a specified instrument resolution. LR: Low Resolution ~ 300, MR: Mid Resolution ~ 4000 and HR : High Resolution ~ 10000"
Pb-Tot,VMV_1919,µg/l,Lead - Total,Total metals with in-bottle digestion and inductively coupled plasma-sector field mass spectrometer,Spectroscopy,VMV Method,VMV Method,
Pb-Tot,VMV_2459,µg/l,Lead - Total,Total recoverable metals with thermal digestion and inductively coupled plasma mass spectrometry,Spectroscopy,VMV Method,VMV Method,
Pb-Tot,VMV_2631,mg/l,Lead - Total,Total metals by inductively coupled argon plasma emission spectrometry with standard spray chamber,Spectroscopy,VMV Method,VMV Method,
Pb-Tot,VMV_2634,mg/l,Lead - Total,Total metals by inductively coupled argon plasma emission spectrometry with external nebulizer.,Spectroscopy,VMV Method,VMV Method,
Pb-Tot,VMV_2960,µg/l,Lead - Total,"Total metals in water by ""in bottle"" digestion are analyzed by ICP-MS/ICP-OES.",Spectroscopy,VMV Method,VMV Method,
Pb-Tot,VMV_3528,µg/l,Lead - Total,Total metals by CRC-ICP-MS with in-bottle digestion and discrete sampling pneumatic nebulization,Spectroscopy,VMV Method,VMV Method,
Pb-Tot,VMV_3583,µg/l,Lead - Total,Total metals by CRC-ICP-MS and discrete sampling pneumatic nebulization,Spectroscopy,VMV Method,VMV Method,
Pb-Tot,VMV_375,µg/l,Lead - Total,Total metals in water by ICP-MS,Spectroscopy,VMV Method,VMV Method,
Pb-Tot,VMV_4007,µg/l,Lead - Total,Total metals by inductively coupled plasma-mass spectrometry with in-bottle digestion,Spectroscopy,VMV Method,VMV Method,Total metals in water with in bottle digestion are analyzed by inductively coupled plasma - collision/reaction cell - mass spectrometry (ICP-CRC-MS).
PentaBDE,0,µg/l,Pentabromodiphenylether,,,,,Undefined Analysis Method
PentaBDE,VMV_3221,pg/l,Pentabromodiphenylether,Analysis of polybrominated diphenyl ethers in solids using GC-HRMS Technique Q0512D0.,Chromatography,VMV Method,VMV Method,
PentaBDE,VMV_3228,pg/l,Pentabromodiphenylether,"Analysis of polybrominated diphenyl ethers (PBDE) in water, biological tissues, sediment and soils",Chromatography,VMV Method,VMV Method,CEAEQ Method not available.
Phyt-B,0,mg/m³,Phytoplankton Biomass,,,,,Undefined Analysis Method
Pt-Dis,VMV_1920,µg/l,Platinum - Dissolved,Dissolved metals with in-bottle digestion using inductively coupled plasma-sector field MS,Spectroscopy,VMV Method,VMV Method,
Pt-Dis,VMV_3007,µg/l,Platinum - Dissolved,"Dissolved metals in water by ""in-bottle"" digestion are analyzed by ICP-MS/ICP-OES.",Spectroscopy,VMV Method,VMV Method,
Pt-Dis,VMV_3529,µg/l,Platinum - Dissolved,Dissolved metals by CRC-ICP-MS with in-bottle digestion and discrete sampling pneumatic nebulization,Spectroscopy,VMV Method,VMV Method,
Pt-Dis,VMV_3584,µg/l,Platinum - Dissolved,Dissolved metals by CRC-ICP-MS and discrete sampling pneumatic nebulization,Spectroscopy,VMV Method,VMV Method,
Pt-Ext,VMV_1917,µg/l,Platinum - Extractable,Extractable metals with inductively coupled argon plasma-sector field mass spectrometer (ICP-SFMS),Spectroscopy,VMV Method,VMV Method,
Pt-Tot,VMV_1919,µg/l,Platinum - Total,Total metals with in-bottle digestion and inductively coupled plasma-sector field mass spectrometer,Spectroscopy,VMV Method,VMV Method,
Pt-Tot,VMV_3006,µg/l,Platinum - Total,"Total metals in water by ""in-bottle"" digestion are analyzed by ICP-MS/ICP-OES.",Spectroscopy,VMV Method,VMV Method,
Pt-Tot,VMV_3528,µg/l,Platinum - Total,Total metals by CRC-ICP-MS with in-bottle digestion and discrete sampling pneumatic nebulization,Spectroscopy,VMV Method,VMV Method,
Pt-Tot,VMV_3583,µg/l,Platinum - Total,Total metals by CRC-ICP-MS and discrete sampling pneumatic nebulization,Spectroscopy,VMV Method,VMV Method,
Q-Day,Q-CALC,m³/s,Discharge - Daily Mean,Calculated Mean Discharge,Calculation,,,Daily discharge measurement at sampling site in cubic meters per second.
Q-Inst,0,m³/s,Instantaneous Discharge,,,,,Undefined Analysis Method
Q-Inst,W-Q-GAUGE,m³/s,Instantaneous Discharge,Gauge Height,,,,The Instantaneous Discharge is measured at or near the sampling site using a gauge.
Q-Mon,Q-CALC,m³/s,Discharge - Monthly Mean,Calculated Mean Discharge,Calculation,,,The monthly mean discharge is measured in cubic metre per second.
QUINOXYFEN,0,µg/l,Quinoxyfen,,,,,Undefined Analysis Method
RIMSULFURON,0,µg/l,Rimsulfuron,,,,,Undefined Analysis Method
RIMSULFURON,VMV_3431,ng/l,Rimsulfuron,Analysis of sulfonyl ureas and related herbicides by SPE and LC-MS/MS detection,Chromatography,VMV Method,VMV Method,
Rb-Dis,VMV_1920,µg/l,Rubidium - Dissolved,Dissolved metals with in-bottle digestion using inductively coupled plasma-sector field MS,Spectroscopy,VMV Method,VMV Method,
Rb-Dis,VMV_3007,µg/l,Rubidium - Dissolved,"Dissolved metals in water by ""in-bottle"" digestion are analyzed by ICP-MS/ICP-OES.",Spectroscopy,VMV Method,VMV Method,
Rb-Dis,VMV_3529,µg/l,Rubidium - Dissolved,Dissolved metals by CRC-ICP-MS with in-bottle digestion and discrete sampling pneumatic nebulization,Spectroscopy,VMV Method,VMV Method,
Rb-Dis,VMV_3584,µg/l,Rubidium - Dissolved,Dissolved metals by CRC-ICP-MS and discrete sampling pneumatic nebulization,Spectroscopy,VMV Method,VMV Method,
Rb-Ext,VMV_1917,µg/l,Rubidium - Extractable,Extractable metals with inductively coupled argon plasma-sector field mass spectrometer (ICP-SFMS),Spectroscopy,VMV Method,VMV Method,
Rb-Ext,VMV_2817,µg/l,Rubidium - Extractable,Extractable metals by inductively coupled argon plasma-mass spectrometry with pneumatic nebulization,Spectroscopy,VMV Method,VMV Method,
Rb-Tot,VMV_1919,µg/l,Rubidium - Total,Total metals with in-bottle digestion and inductively coupled plasma-sector field mass spectrometer,Spectroscopy,VMV Method,VMV Method,
Rb-Tot,VMV_2459,µg/l,Rubidium - Total,Total recoverable metals with thermal digestion and inductively coupled plasma mass spectrometry,Spectroscopy,VMV Method,VMV Method,
Rb-Tot,VMV_2960,µg/l,Rubidium - Total,"Total metals in water by ""in bottle"" digestion are analyzed by ICP-MS/ICP-OES.",Spectroscopy,VMV Method,VMV Method,
Rb-Tot,VMV_3528,µg/l,Rubidium - Total,Total metals by CRC-ICP-MS with in-bottle digestion and discrete sampling pneumatic nebulization,Spectroscopy,VMV Method,VMV Method,
Rb-Tot,VMV_3583,µg/l,Rubidium - Total,Total metals by CRC-ICP-MS and discrete sampling pneumatic nebulization,Spectroscopy,VMV Method,VMV Method,
S-Dis,0,mg/l,Sulfur - Dissolved,,,,,Undefined Analysis Method
S-Sus,VMV_3211,mg/l,Sulfur - Suspended,"Analysis of carbon, nitrogen, hydrogen and sulphur using an elementary analysis technique.",,VMV Method,VMV Method,
S-Tot,0,mg/l,Sulfur - Total,,,,,Undefined Analysis Method
S-Tot,VMV_10204,mg/l,Sulfur - Total,BC MELP EMS Code: X170,,VMV Method,VMV Method,
SALM,CF-EEA2000,1/l,Salmonella,Concentration by Filtration,Estimation,EEA 2000,EEA 2000,"The sample is filtered (on membrane or appropriate filter) and inoculated into a pre-enrichment medium. After enrichment, the sample is transferred into an isolating gelose for identification."
SAR,VMV_453,,Sodium Adsorption Ratio,Calculated method for determination of the sodium adsorption ratio (SAR),Calculation,VMV Method,VMV Method,
SCCP,0,µg/l,Short  Chain  Length Chlorinated Paraffins,,,,,Undefined Analysis Method
SEBUTHYLAZINE,0,µg/l,Sebuthylazine,,,,,Undefined Analysis Method
SIMAZINE,0,µg/l,"6-Chloro-N,N'-diethyl-1,3,5-triazine-2,4-diamine",,,,,Undefined Analysis Method
SIMAZINE,VMV_2868,ng/l,"6-Chloro-N,N'-diethyl-1,3,5-triazine-2,4-diamine",Analysis of sulphate in unfiltered samples using COBAS method,Colorimetry,VMV Method,VMV Method,
SIMAZINE,VMV_3003,ng/l,"6-Chloro-N,N'-diethyl-1,3,5-triazine-2,4-diamine",Analysis of neutral herbicides in water using GC-MSD.,Chromatography,VMV Method,VMV Method,
SIMAZINE,VMV_303,ng/l,"6-Chloro-N,N'-diethyl-1,3,5-triazine-2,4-diamine",Analysis of  organophosphorus and triazine pesticides in surface waters using GC-MS/MS.,Chromatography,VMV Method,VMV Method,LEEQ Method No. Q0515E0.
SIMAZINE,VMV_526,ng/l,"6-Chloro-N,N'-diethyl-1,3,5-triazine-2,4-diamine",Analysis of organophosphorus and triazine pesticides in surface waters - by gas chromatography.,Chromatography,VMV Method,VMV Method,LEEQ Method No. Q0500E0.
SMX,0,µg/l,Sulfamethoxazole,,,,,Undefined Analysis Method
SO4-Dis,0,mg/l,Sulfate - Dissolved,,,,,Undefined Analysis Method
SO4-Dis,COL-MTB,mg/l,Sulfate - Dissolved,Colourimetry using Methylthymol Blue,Colorimetry,ENV 615,Environment Canada 2007,"A sample is filtered in the field through a 0.45 µm membrane filter and preserved at 4°C. SO4 ions from the sample aliquot are reacted with an equimolar solution of BaCl2 and methylthymol blue at pH 2.3 - 3.0 producing barium sulphate. The pH is raised to 12.5 - 13.0 and the excess Ba ions in solution complex with the methylthymol blue to produce a blue colour, leaving a grey uncomplexed methylthymol blue in solution. The absorbance of the excess methylthymol blue, equivalent to the concentration of sulphate removed, is measured at 460 nm and compared to identically-prepared standard and blank solutions."
SO4-Dis,IC-CSC,mg/l,Sulfate - Dissolved,"Determination of dissolved Li+, Na+, NH4+, K+, Mn2+, Ca2+, Mg2+, Sr2+ and Ba2+ by ion chromatography",Chromatography,EN 14911,ISO 1999,"A sample is filtered in the field through a 0.45 µm membrane filter and preserved at 4°C. The sample aliquot is injected into an eluent stream, passed through separator and suppressor columns packed with low capacity anion exchange resin. The sulphate is separated, based on its affinity for the exchange sites, and the background conductivity of the eluent is reduced to a negligible level by being converted to its acid form. The concentration is measured by conductivity and identified by its retention time. The sample is compared to identically-prepared standard and blank solutions."
SO4-Dis,SO4-G-IGN,mg/l,Sulfate - Dissolved,Gravimetric Method with Ignition of Residue,Gravimetric Analysis,SM 4500-SO4 C,APHA 2012,"A sample is filtered in the field through a 0.45 µm membrane filter and preserved at 4°C. The sulphate in the sample aliquot is precipitated in an HCl medium as barium sulphate by the addition of barium chloride. After a period of digestion, near the boiling point, the precipitate is filtered, washed, ignited, and weighed as BaSO4."
SO4-Dis,SO4-TURB,mg/l,Sulfate - Dissolved,Turbidimetric Method,Colorimetry,SM 4500-SO4 E,APHA 2012,"A sample is filtered in the field through a 0.45 µm membrane filter and preserved at 4°C. The sulphate in a sample aliquot is precipitated in a hydrochloric acid medium with barium chloride. The absorbance of the barium sulphate suspension is measured by a photometer and the sulphate concentration is compared to a calibration curve from identically-prepared standard and blank solutions.Interference: Colour and/or suspended matter in large amounts, silica in concentration greater than 500 mg/L will interfere. Organic matter may also interfere."
SO4-Dis,SO4-TURB-Auto,mg/l,Sulfate - Dissolved,Turbidimetric Method (Autoanalyzer),Colorimetry,SM 4500-SO4 E,APHA 2012,"A sample is filtered in the field through a 0.45 µm membrane filter and preserved at 4°C. The sulphate in the sample aliquot is precipitated in a hydrochloric acid medium with barium chloride. The transmittance of the barium sulphate suspension is measured spectrometrically at 420 nm and the sulphate concentration is compared against identically-prepared standard and blank solutions. Interference: Colour and/or suspended matter in large amounts, silica in concentration greater than 500 mg/L will interfere. Organic matter may also interfere."
SO4-Dis,T-COL-Thorin,mg/l,Sulfate - Dissolved,Titration with Barium Chloride using Thorin as Indicator,Titration,NAQ 16303,Environment Canada 1988,"A sample is filtered in the field through a 0.45 µm membrane filter and preserved at 4°C. The sample aliquot is passed through a strongly acidic cation exchange resin. Thorin (See Appendix 8), used as an indicator, and 95% ethanol are added to the eluent. The pH of the eluent is adjusted between 3.8 and 4.0 with 1% NH4OH and 1% HCl solution and titrated, with a barium chloride solution, until the sample turns just pink. Compare against identically-prepared standard and blank solutions. 

Interference: Cl ion concentration of 1000 mg/L."
SO4-Dis,VMV_10363,mg/l,Sulfate - Dissolved,BC MELP EMS Code: X058: Turbimetric.,Colorimetry,VMV Method,VMV Method,
SO4-Dis,VMV_1960,mg/l,Sulfate - Dissolved,Analysis of anions by ionic chromatography VMV 1960,Chromatography,VMV Method,VMV Method,
SO4-Dis,VMV_3560,mg/l,Sulfate - Dissolved,Dissolved ions are determined by ion chromatography with a hydroxide eluent.,Chromatography,VMV Method,VMV Method,
SO4-Dis,VMV_562,mg/l,Sulfate - Dissolved,Determination of major ions (cations and anions) by ion chromatography,Chromatography,VMV Method,VMV Method,
SO4-Dis,VMV_615,mg/l,Sulfate - Dissolved,Sulfate by colourimetry on autoanalyzer with barium chloride and methylthymol blue.,Colorimetry,VMV Method,VMV Method,
SO4-Dis,VMV_617,mg/l,Sulfate - Dissolved,Ions by ion exchange chromatography,Chromatography,VMV Method,VMV Method,
SO4-Tot,0,mg/l,Sulfate - Total,,,,,Undefined Analysis Method
SO4-Tot,COL-MTB,mg/l,Sulfate - Total,Colourimetry using Methylthymol Blue,Colorimetry,ENV 615,Environment Canada 2007,"The sulphate ion is reacted with an equimolar solution of BaCl2 and methylthymol blue at pH 2.3-3.0 to produce barium sulphate. The pH is raised to 12.5-13 where excess Ba reacts with the methylthymol blue. The absorbance of uncomplexed methylthymol blue (which is proportional to the amount of sulphate removed as barium sulphate at low pH) is measured at 460 nm.
Note: in the case of precipitation samples, a decanted aliquot of the unshaken, unfiltered sample is normally taken for analysis."
SO4-Tot,VMV_1891,mg/l,Sulfate - Total,Ions in water by ion chromatography,Chromatography,VMV Method,VMV Method,
SO4-Tot,VMV_1922,mg/l,Sulfate - Total,"Ions by ion chromatography, unfiltered sample",Chromatography,VMV Method,VMV Method,
SO4-Tot,VMV_3561,mg/l,Sulfate - Total,Unfiltered decanted ions are determined by ion chromatography with a hydroxide eluent.,Chromatography,VMV Method,VMV Method,
SPIRODICLOFEN,VMV_3619,ng/l,Spirodiclofen,Neonicotinoid insecticides in water are analyzed by ESI-LC-MS/MS.,Chromatography,VMV Method,VMV Method,
SPIRODICLOFEN,VMV_655,ng/l,Spirodiclofen,Multi residue analysis of pesticides in water by solid phase extraction and LC-MS/MS.,Chromatography,VMV Method,VMV Method,
SPIROTETRAMAT,VMV_3619,ng/l,Spirotetramat,Neonicotinoid insecticides in water are analyzed by ESI-LC-MS/MS.,Chromatography,VMV Method,VMV Method,
SPIROTETRAMAT,VMV_655,ng/l,Spirotetramat,Multi residue analysis of pesticides in water by solid phase extraction and LC-MS/MS.,Chromatography,VMV Method,VMV Method,
STIROFOS,VMV_303,ng/l,Tetrachlorvinphos,Analysis of  organophosphorus and triazine pesticides in surface waters using GC-MS/MS.,Chromatography,VMV Method,VMV Method,LEEQ Method No. Q0515E0.
STYRENE,0,µg/l,Phenylethylene,,,,,Undefined Analysis Method
SULCOTRIONE,0,µg/l,Sulcotrione,,,,,Undefined Analysis Method
SULFOXAFLOR,VMV_3619,ng/l,Sulfoxaflor,Neonicotinoid insecticides in water are analyzed by ESI-LC-MS/MS.,Chromatography,VMV Method,VMV Method,
SULFOXAFLOR,VMV_655,ng/l,Sulfoxaflor,Multi residue analysis of pesticides in water by solid phase extraction and LC-MS/MS.,Chromatography,VMV Method,VMV Method,
Sal,0,ppt,Salinity,,,,,Undefined Analysis Method
Sal,VMV_10353,ppt,Salinity,BC MELP EMS Code: F011 salinometer and/or  BC MELP EMS Code: 1130 Salinometer.,Electrochemical Analysis,VMV Method,VMV Method,
Sal,VMV_3612,,Salinity,Salinity in water is determined using the conductivity ratio to a KCl standard.,Electrochemical Analysis,VMV Method,VMV Method,
Sal,VMV_923,psu,Salinity,Salinity by calculation using electrical conductivity method,Calculation,VMV Method,VMV Method,
Sb-Dis,0,mg/l,Antimony - Dissolved,,,,,Undefined Analysis Method
Sb-Dis,VMV_1920,µg/l,Antimony - Dissolved,Dissolved metals with in-bottle digestion using inductively coupled plasma-sector field MS,Spectroscopy,VMV Method,VMV Method,
Sb-Dis,VMV_2816,µg/l,Antimony - Dissolved,Dissolved metals by inductively coupled argon plasma/mass spectrometer with pneumatic nebulization,Spectroscopy,VMV Method,VMV Method,
Sb-Dis,VMV_3007,µg/l,Antimony - Dissolved,"Dissolved metals in water by ""in-bottle"" digestion are analyzed by ICP-MS/ICP-OES.",Spectroscopy,VMV Method,VMV Method,
Sb-Dis,VMV_3017,µg/l,Antimony - Dissolved,Dissolved metals by inductively coupled argon plasma-mass spectrometry technique (ICP-MS).,Spectroscopy,VMV Method,VMV Method,
Sb-Dis,VMV_3529,µg/l,Antimony - Dissolved,Dissolved metals by CRC-ICP-MS with in-bottle digestion and discrete sampling pneumatic nebulization,Spectroscopy,VMV Method,VMV Method,
Sb-Dis,VMV_3584,µg/l,Antimony - Dissolved,Dissolved metals by CRC-ICP-MS and discrete sampling pneumatic nebulization,Spectroscopy,VMV Method,VMV Method,
Sb-Dis,VMV_3744,µg/l,Antimony - Dissolved,Analysis of dissolved metals is done by inductively coupled argon plasma mass spectrometry (ICP-MS).,Spectroscopy,VMV Method,VMV Method,
Sb-Ext,VMV_1917,µg/l,Antimony - Extractable,Extractable metals with inductively coupled argon plasma-sector field mass spectrometer (ICP-SFMS),Spectroscopy,VMV Method,VMV Method,
Sb-Ext,VMV_2841,µg/l,Antimony - Extractable,Extractable elements in acid preserved samples are analyzed by ICP-MS.,Spectroscopy,VMV Method,VMV Method,
Sb-Ext,VMV_4070,µg/l,Antimony - Extractable,Extractable metals by inductively coupled plasma-collision/reaction cell-mass spectrometry,Spectroscopy,VMV Method,VMV Method,
Sb-Tot,0,mg/l,Antimony - Total,,,,,Undefined Analysis Method
Sb-Tot,ICP-SFMS-CVD,mg/l,Antimony - Total,Inductively-Coupled Plasma Sector Field Mass Spectrometry with Closed Vessel Digestion,Spectroscopy,SM 3125 B,APHA 2012,"Closed Vessel Digestion - The whole water sample is collected, preserved with 2% H2NO3, and stored in a HDPE or Teflon bottle. The sample is digested ""in-bottle"" in a convection oven at 60°C for 16 hours. The sample is cooled and introduced to an inductively coupled argon plasma-sector field mass spectrometer (ICP-SFMS) by pneumatic nebulization. Each respective element is measured at a specific mass to charge ratio, m/z value expressed in amu (atomic mass units), and at a specified instrument resolution. LR: Low Resolution ~ 300, MR: Mid Resolution ~ 4000 and HR : High Resolution ~ 10000"
Sb-Tot,VMV_1919,µg/l,Antimony - Total,Total metals with in-bottle digestion and inductively coupled plasma-sector field mass spectrometer,Spectroscopy,VMV Method,VMV Method,
Sb-Tot,VMV_2459,µg/l,Antimony - Total,Total recoverable metals with thermal digestion and inductively coupled plasma mass spectrometry,Spectroscopy,VMV Method,VMV Method,
Sb-Tot,VMV_2960,µg/l,Antimony - Total,"Total metals in water by ""in bottle"" digestion are analyzed by ICP-MS/ICP-OES.",Spectroscopy,VMV Method,VMV Method,
Sb-Tot,VMV_3528,µg/l,Antimony - Total,Total metals by CRC-ICP-MS with in-bottle digestion and discrete sampling pneumatic nebulization,Spectroscopy,VMV Method,VMV Method,
Sb-Tot,VMV_3583,µg/l,Antimony - Total,Total metals by CRC-ICP-MS and discrete sampling pneumatic nebulization,Spectroscopy,VMV Method,VMV Method,
Sb-Tot,VMV_375,µg/l,Antimony - Total,Total metals in water by ICP-MS,Spectroscopy,VMV Method,VMV Method,
Sb-Tot,VMV_4007,µg/l,Antimony - Total,Total metals by inductively coupled plasma-mass spectrometry with in-bottle digestion,Spectroscopy,VMV Method,VMV Method,Total metals in water with in bottle digestion are analyzed by inductively coupled plasma - collision/reaction cell - mass spectrometry (ICP-CRC-MS).
Se-Dis,0,mg/l,Selenium - Dissolved,,,,,Undefined Analysis Method
Se-Dis,ICP-AES-HYD,mg/l,Selenium - Dissolved,Inductively Coupled Plasma (ICP) Method with Hydride Generation,Spectroscopy,,,"A sample is filtered in the field and preserved at 4°C. All organoselenides, from a sample aliquot, are decomposed with acidic persulphate. After reduction to selenite with HCl, the metal is converted to its hydride with sodium borohydride on an automated system and passed through an argon plasma torch where it is decomposed to its selenium atoms, measured by emission spectrometry at 196.0 nm and compared to identically-prepared standard and blank solutions."
Se-Dis,ICP-MS,mg/l,Selenium - Dissolved,Inductively-Coupled Plasma Mass Spectrometry,Spectroscopy,SM 3125 B,APHA 2012,"A sample is filtered in the field through a 0.45 µm membrane filter and preserved at 4°C. The sample aliquot is aspirated into an argon-based, high temperature radio frequency plasma. The sample is dissolved, atomised and ionised. These ions are extracted from the plasma through a vacuum interface and separated on the basis of their mass to charge ratio by a mass spectrometer. The ions are counted by an electron multiplier detector and the resulting information processed by a computer database system and compared to identically-prepared standard and blank solutions"
Se-Dis,ICP-SFMS-CVD,mg/l,Selenium - Dissolved,Inductively-Coupled Plasma Sector Field Mass Spectrometry with Closed Vessel Digestion,Spectroscopy,SM 3125 B,APHA 2012,"Closed Vessel Digestion - The whole water sample is collected, preserved with 2% H2NO3, and stored in a HDPE or Teflon bottle. The sample is digested ""in-bottle"" in a convection oven at 60°C for 16 hours. The sample is cooled and introduced to an inductively coupled argon plasma-sector field mass spectrometer (ICP-SFMS) by pneumatic nebulization. Each respective element is measured at a specific mass to charge ratio, m/z value expressed in amu (atomic mass units), and at a specified instrument resolution. LR: Low Resolution ~ 300, MR: Mid Resolution ~ 4000 and HR : High Resolution ~ 10000"
Se-Dis,Se-AAS-E-PPS-HCA,mg/l,Selenium - Dissolved,Electrothermal Atomic Absorption Spectrometric Method with K2S2O8 and HCl Digestion (Selenium),Spectroscopy,SM 3113 B,APHA 1995,"A sample is preserved in the field at 4°C. The sample aliquot is digested with 2% potassium persulphate (oxidising the organoselenides to selenates) and concentrated HCl (reducing selenates to selenites). In an automated system, the selenium is mixed with a potassium iodide-stannous chloride mixture and an aluminum slurry in sulphuric acid to form hydrogen selenide (H2Se). This is then separated from solution, passed into a quartz tube atomiser, decomposed to its selenium atoms, measured spectrometrically at 196.1 nm and is compared to identically-prepared standard and blank solutions."
Se-Dis,VMV_1920,µg/l,Selenium - Dissolved,Dissolved metals with in-bottle digestion using inductively coupled plasma-sector field MS,Spectroscopy,VMV Method,VMV Method,
Se-Dis,VMV_2641,mg/l,Selenium - Dissolved,"Determination of dissolved arsenic, antimony and selenium by inductively coupled argon plasma",Spectroscopy,VMV Method,VMV Method,
Se-Dis,VMV_2816,µg/l,Selenium - Dissolved,Dissolved metals by inductively coupled argon plasma/mass spectrometer with pneumatic nebulization,Spectroscopy,VMV Method,VMV Method,
Se-Dis,VMV_3017,µg/l,Selenium - Dissolved,Dissolved metals by inductively coupled argon plasma-mass spectrometry technique (ICP-MS).,Spectroscopy,VMV Method,VMV Method,
Se-Dis,VMV_3529,µg/l,Selenium - Dissolved,Dissolved metals by CRC-ICP-MS with in-bottle digestion and discrete sampling pneumatic nebulization,Spectroscopy,VMV Method,VMV Method,
Se-Dis,VMV_3584,µg/l,Selenium - Dissolved,Dissolved metals by CRC-ICP-MS and discrete sampling pneumatic nebulization,Spectroscopy,VMV Method,VMV Method,
Se-Dis,VMV_3744,µg/l,Selenium - Dissolved,Analysis of dissolved metals is done by inductively coupled argon plasma mass spectrometry (ICP-MS).,Spectroscopy,VMV Method,VMV Method,
Se-Ext,VMV_1917,µg/l,Selenium - Extractable,Extractable metals with inductively coupled argon plasma-sector field mass spectrometer (ICP-SFMS),Spectroscopy,VMV Method,VMV Method,
Se-Ext,VMV_2729,µg/l,Selenium - Extractable,Extractable metals in water samples by inductively coupled plasma mass spectrometry (ICP-MS).,Spectroscopy,VMV Method,VMV Method,
Se-Ext,VMV_4070,µg/l,Selenium - Extractable,Extractable metals by inductively coupled plasma-collision/reaction cell-mass spectrometry,Spectroscopy,VMV Method,VMV Method,
Se-Tot,0,mg/l,Selenium - Total,,,,,Undefined Analysis Method
Se-Tot,ICP-AES-HYD,mg/l,Selenium - Total,Inductively Coupled Plasma (ICP) Method with Hydride Generation,Spectroscopy,,,"A sample is preserved in the field at 4°C. All organoselenides, from the sample aliquot, are oxidised in acidic persulphate. After reduction to selenite with HCl, the metal is converted to its hydride with sodium borohydride on an automated system and passed through an argon plasma torch where it is decomposed to its selenium atoms, measured by emission spectrometry at 196.0 nm and compared to identically-prepared standard and blank solutions"
Se-Tot,ICP-MS,mg/l,Selenium - Total,Inductively-Coupled Plasma Mass Spectrometry,Spectroscopy,SM 3125 B,APHA 2012,"A sample is preserved in the field at 4°C. The sample aliquot is aspirated into an argon-based, high temperature radio frequency plasma. The sample is dissolved, atomised and ionised. These ions are extracted from the plasma through a vacuum interface and separated on the basis of their mass to charge ratio by a mass spectrometer. The ions are counted by an electron multiplier detector and the resulting information processed by a computer database system and compared to identically-prepared standard and blank solutions."
Se-Tot,ICP-SFMS-CVD,mg/l,Selenium - Total,Inductively-Coupled Plasma Sector Field Mass Spectrometry with Closed Vessel Digestion,Spectroscopy,SM 3125 B,APHA 2012,"Closed Vessel Digestion - The whole water sample is collected, preserved with 2% H2NO3, and stored in a HDPE or Teflon bottle. The sample is digested ""in-bottle"" in a convection oven at 60°C for 16 hours. The sample is cooled and introduced to an inductively coupled argon plasma-sector field mass spectrometer (ICP-SFMS) by pneumatic nebulization. Each respective element is measured at a specific mass to charge ratio, m/z value expressed in amu (atomic mass units), and at a specified instrument resolution. LR: Low Resolution ~ 300, MR: Mid Resolution ~ 4000 and HR : High Resolution ~ 10000"
Se-Tot,Se-AAS-HYD-PS,mg/l,Selenium - Total,Manual Hydride Generation/Atomic Absorption Spectrometric Method with S2O8 Digestion (Selenium),Spectroscopy,SM 3114 B,APHA 2012,"A sample is preserved in the field at 4°C. The sample aliquot is oxidized, in acidic persulphate, to Selenate (Se-6O4)-2, reducted to selenite (Se-4O3)-2 in HCl, then converted to its hydride form (hydrogen selenide: H2Se) with sodium borohydride in an acid medium. The sample is aspirated into the flame and the selenium absorbance is measured spectrometrically at 196.0 nm and compared to identically-prepared standard and blank solutions."
Se-Tot,VMV_1919,µg/l,Selenium - Total,Total metals with in-bottle digestion and inductively coupled plasma-sector field mass spectrometer,Spectroscopy,VMV Method,VMV Method,
Se-Tot,VMV_2459,µg/l,Selenium - Total,Total recoverable metals with thermal digestion and inductively coupled plasma mass spectrometry,Spectroscopy,VMV Method,VMV Method,
Se-Tot,VMV_2640,mg/l,Selenium - Total,"Determination of total arsenic, antimony and selenium by inductively coupled argon plasma",Spectroscopy,VMV Method,VMV Method,
Se-Tot,VMV_3528,µg/l,Selenium - Total,Total metals by CRC-ICP-MS with in-bottle digestion and discrete sampling pneumatic nebulization,Spectroscopy,VMV Method,VMV Method,
Se-Tot,VMV_3583,µg/l,Selenium - Total,Total metals by CRC-ICP-MS and discrete sampling pneumatic nebulization,Spectroscopy,VMV Method,VMV Method,
Se-Tot,VMV_375,µg/l,Selenium - Total,Total metals in water by ICP-MS,Spectroscopy,VMV Method,VMV Method,
Se-Tot,VMV_4007,µg/l,Selenium - Total,Total metals by inductively coupled plasma-mass spectrometry with in-bottle digestion,Spectroscopy,VMV Method,VMV Method,Total metals in water with in bottle digestion are analyzed by inductively coupled plasma - collision/reaction cell - mass spectrometry (ICP-CRC-MS).
Si-Dis,0,mg/l,Silicon - Dissolved,,,,,Undefined Analysis Method
Si-Dis,VMV_10320,mg/l,Silicon - Dissolved,"BC MELP EMS CODE: F039  field filtered, acid, ICP-AES.",Spectroscopy,VMV Method,VMV Method,
Si-Dis,VMV_3553,mg/l,Silicon - Dissolved,Metals in environmental samples are determined using collision/reaction cell (CRC) ICP-MS.,Spectroscopy,VMV Method,VMV Method,
Si-Ext,VMV_10301,mg/l,Silicon - Extractable,BC MELP EMS Code: F055 No preservation/no filtration/no digestion: ICP shortcut.,Spectroscopy,VMV Method,VMV Method,
Si-Tot,0,mg/l,Silicon - Total,,,,,Undefined Analysis Method
Si-Tot,VMV_10356,mg/l,Silicon - Total,"BC MELP EMS Code: F033 Acid diegestion, centrifuged, ICP-MS.",Spectroscopy,VMV Method,VMV Method,
SiO2-Dis,0,mg/l,Silica - Dissolved,,,,,Undefined Analysis Method
SiO2-Dis,ICP-AES,mg/l,Silica - Dissolved,Inductively Coupled Plasma (ICP) Method,Spectroscopy,SM 3120 B,APHA 2012,A sample is filtered in the field through a 0.45 µm membrane filter and preserved with dilute mineral acid. The sample aliquot is aspirated and the emission is measured at 288.1 nm and compared to identically-prepared standard and blank solutions.
SiO2-Rea,COL-HB,mg/l,Silica - Reactive,Heteropoly Blue Method,Colorimetry,SM 4500-SiO2 D,APHA 2012,"A sample is filtered in the field through a 0.45 µm membrane filter and preserved with diluted mineral acid. NaHCO3(S) is added to the sample aliquot, heated for one hour at 100°C and cooled. Slowly add H2SO4 and dilute to volume. Add 50% HCl and (NH4)6Mo7O24 solutions and shake. Oxalic acid solution (to destroy the molybdophosphoric acid and decrease tannin interference) is added, followed by a 1-amino-2-naphthol-4-sulphonic acid solution (as a reducing agent), containing Na2SO3 and NaHSO3. The resulting heteropoly blue colour is measured, at least two minutes after (but before 15 minutes) adding the oxalic acid, spectrometrically at 815 nm (or 650 nm) and compared to identically-prepared standard and blank solutions.Interferences: High Fe concentrations, colour, sulphide ion, and tannin (the method lessens tannin interference)."
SiO2-Rea,COL-HB-AA-F,mg/l,Silica - Reactive,"Colourimetry using Ascorbic Acid (Heteropoly Blue, Filtered)",Colorimetry,ENV 2329,Environment Canada 1995,"A sample is filtered in the field through a 0.45 µm membrane filter and preserved at 4°C. If the sample is seawater all SiO2 standard solutions are prepared with synthetic seawater. The sample aliquot is mixed with a solution of ammonium molybdate (NH4)6Mo7O24 in diluted H2SO4. The sample is then mixed with an oxalic acid solution, to destroy the molybdophosphoric acid, and an ascorbic acid solution to form a heteropoly blue complex. The colour is measured spectrometrically at 660 nm and compared to identically-prepared SiO2 standard and blank solutions."
SiO2-Rea,COL-HB-AA-UF,mg/l,Silica - Reactive,"Colourimetry using Ascorbic Acid (Heteropoly Blue, unfiltered)",Colorimetry,ENV 2328,Environment Canada 1995,"If the sample is sea water, all standard SiO2 solutions are prepared with synthetic sea water. An unfiltered aliquot is mixed with solution of (NH4)6Mo7O24 in diluted H2SO4. The sample is then successively mixed with oxalic and ascorbic acid solutions. The resulting heteropoly blue colour is measured spectrophotometrically at 660 mu and compared with those of identically prepared standard SiO2 solutions."
SiO2-Rea,VMV_3628,mg/l,Silica - Reactive,Filtered cations by inductively coupled plasma-optical emission spectrometer (ICP-OES).,Spectroscopy,VMV Method,VMV Method,
SiO2-Tot,0,mg/l,Silica - Total,,,,,Undefined Analysis Method
SiO2-Tot,VMV_2328,mg/l,Silica - Total,Colourimetry using heteropoly blue method on an autoanalyser (TRAACS),Colorimetry,VMV Method,VMV Method,
SiO2-Tot,VMV_2329,mg/l,Silica - Total,Colourimetry using heteropoly blue method on an autoanalyser,Colorimetry,VMV Method,VMV Method,
Sn-Dis,0,mg/l,Tin - Dissolved,,,,,Undefined Analysis Method
Sn-Dis,VMV_1920,µg/l,Tin - Dissolved,Dissolved metals with in-bottle digestion using inductively coupled plasma-sector field MS,Spectroscopy,VMV Method,VMV Method,
Sn-Dis,VMV_2728,µg/l,Tin - Dissolved,Dissolved metals in filtered samples by inductively coupled plasma mass spectrometry (ICP-MS).,Spectroscopy,VMV Method,VMV Method,
Sn-Dis,VMV_3007,µg/l,Tin - Dissolved,"Dissolved metals in water by ""in-bottle"" digestion are analyzed by ICP-MS/ICP-OES.",Spectroscopy,VMV Method,VMV Method,
Sn-Dis,VMV_3529,µg/l,Tin - Dissolved,Dissolved metals by CRC-ICP-MS with in-bottle digestion and discrete sampling pneumatic nebulization,Spectroscopy,VMV Method,VMV Method,
Sn-Dis,VMV_3584,µg/l,Tin - Dissolved,Dissolved metals by CRC-ICP-MS and discrete sampling pneumatic nebulization,Spectroscopy,VMV Method,VMV Method,
Sn-Ext,VMV_1917,µg/l,Tin - Extractable,Extractable metals with inductively coupled argon plasma-sector field mass spectrometer (ICP-SFMS),Spectroscopy,VMV Method,VMV Method,
Sn-Ext,VMV_2729,µg/l,Tin - Extractable,Extractable metals in water samples by inductively coupled plasma mass spectrometry (ICP-MS).,Spectroscopy,VMV Method,VMV Method,
Sn-Ext,VMV_4070,µg/l,Tin - Extractable,Extractable metals by inductively coupled plasma-collision/reaction cell-mass spectrometry,Spectroscopy,VMV Method,VMV Method,
Sn-Tot,0,mg/l,Tin - Total,,,,,Undefined Analysis Method
Sn-Tot,ICP-SFMS-CVD,mg/l,Tin - Total,Inductively-Coupled Plasma Sector Field Mass Spectrometry with Closed Vessel Digestion,Spectroscopy,SM 3125 B,APHA 2012,"Closed Vessel Digestion - The whole water sample is collected, preserved with 2% H2NO3, and stored in a HDPE or Teflon bottle. The sample is digested ""in-bottle"" in a convection oven at 60°C for 16 hours. The sample is cooled and introduced to an inductively coupled argon plasma-sector field mass spectrometer (ICP-SFMS) by pneumatic nebulization. Each respective element is measured at a specific mass to charge ratio, m/z value expressed in amu (atomic mass units), and at a specified instrument resolution. LR: Low Resolution ~ 300, MR: Mid Resolution ~ 4000 and HR : High Resolution ~ 10000"
Sn-Tot,VMV_1919,µg/l,Tin - Total,Total metals with in-bottle digestion and inductively coupled plasma-sector field mass spectrometer,Spectroscopy,VMV Method,VMV Method,
Sn-Tot,VMV_3006,µg/l,Tin - Total,"Total metals in water by ""in-bottle"" digestion are analyzed by ICP-MS/ICP-OES.",Spectroscopy,VMV Method,VMV Method,
Sn-Tot,VMV_3528,µg/l,Tin - Total,Total metals by CRC-ICP-MS with in-bottle digestion and discrete sampling pneumatic nebulization,Spectroscopy,VMV Method,VMV Method,
Sn-Tot,VMV_3583,µg/l,Tin - Total,Total metals by CRC-ICP-MS and discrete sampling pneumatic nebulization,Spectroscopy,VMV Method,VMV Method,
Sn-Tot,VMV_4007,µg/l,Tin - Total,Total metals by inductively coupled plasma-mass spectrometry with in-bottle digestion,Spectroscopy,VMV Method,VMV Method,Total metals in water with in bottle digestion are analyzed by inductively coupled plasma - collision/reaction cell - mass spectrometry (ICP-CRC-MS).
Sr-Dis,0,mg/l,Strontium - Dissolved,,,,,Undefined Analysis Method
Sr-Dis,VMV_1920,µg/l,Strontium - Dissolved,Dissolved metals with in-bottle digestion using inductively coupled plasma-sector field MS,Spectroscopy,VMV Method,VMV Method,
Sr-Dis,VMV_2632,mg/l,Strontium - Dissolved,Dissolved metals by inductively coupled argon plasma emission spectrometry with external nebulizer,Spectroscopy,VMV Method,VMV Method,
Sr-Dis,VMV_2633,mg/l,Strontium - Dissolved,Dissolved metals by ICP argon plasma emission spectrometry with standard spray chamber,Spectroscopy,VMV Method,VMV Method,
Sr-Dis,VMV_2725,µg/l,Strontium - Dissolved,Dissolved metals are analyzed by ICP-AES,Spectroscopy,VMV Method,VMV Method,
Sr-Dis,VMV_3007,µg/l,Strontium - Dissolved,"Dissolved metals in water by ""in-bottle"" digestion are analyzed by ICP-MS/ICP-OES.",Spectroscopy,VMV Method,VMV Method,
Sr-Dis,VMV_3017,µg/l,Strontium - Dissolved,Dissolved metals by inductively coupled argon plasma-mass spectrometry technique (ICP-MS).,Spectroscopy,VMV Method,VMV Method,
Sr-Dis,VMV_3529,µg/l,Strontium - Dissolved,Dissolved metals by CRC-ICP-MS with in-bottle digestion and discrete sampling pneumatic nebulization,Spectroscopy,VMV Method,VMV Method,
Sr-Dis,VMV_3584,µg/l,Strontium - Dissolved,Dissolved metals by CRC-ICP-MS and discrete sampling pneumatic nebulization,Spectroscopy,VMV Method,VMV Method,
Sr-Dis,VMV_3744,µg/l,Strontium - Dissolved,Analysis of dissolved metals is done by inductively coupled argon plasma mass spectrometry (ICP-MS).,Spectroscopy,VMV Method,VMV Method,
Sr-Ext,VMV_1917,µg/l,Strontium - Extractable,Extractable metals with inductively coupled argon plasma-sector field mass spectrometer (ICP-SFMS),Spectroscopy,VMV Method,VMV Method,
Sr-Ext,VMV_2628,µg/l,Strontium - Extractable,Extractable metals by inductively coupled argon plasma (ICAP) emission.,Spectroscopy,VMV Method,VMV Method,
Sr-Ext,VMV_2817,µg/l,Strontium - Extractable,Extractable metals by inductively coupled argon plasma-mass spectrometry with pneumatic nebulization,Spectroscopy,VMV Method,VMV Method,
Sr-Ext,VMV_2841,µg/l,Strontium - Extractable,Extractable elements in acid preserved samples are analyzed by ICP-MS.,Spectroscopy,VMV Method,VMV Method,
Sr-Tot,0,mg/l,Strontium - Total,,,,,Undefined Analysis Method
Sr-Tot,ICP-AES-Dgs,mg/l,Strontium - Total,Inductively Coupled Plasma (ICP) Method (Total Metals after Rigorous Digestion),Spectroscopy,SM 3120 B,APHA 2012,"Preconcentration by evaporation to near dryness with HNO3 or aqua regia (HNO3/HCl ratio v/v: 1to 3). Residue is taken up with HCl, and digested to near dryness, then brought to one-fifth or one-tenth original volume with deionized water. Digest is filtered through 0.4 um membrane before analysis."
Sr-Tot,ICP-AES-Xtr,mg/l,Strontium - Total,Inductively Coupled Plasma (ICP) Method (Extractable/Recoverable Metals),Spectroscopy,"SM 3120 B, 3030 C",APHA 2012,Digestion with HNO3/HCl. Preconcentration by evaporation (factor 5 to 10).
Sr-Tot,ICP-SFMS-CVD,mg/l,Strontium - Total,Inductively-Coupled Plasma Sector Field Mass Spectrometry with Closed Vessel Digestion,Spectroscopy,SM 3125 B,APHA 2012,"Closed Vessel Digestion - The whole water sample is collected, preserved with 2% H2NO3, and stored in a HDPE or Teflon bottle. The sample is digested ""in-bottle"" in a convection oven at 60°C for 16 hours. The sample is cooled and introduced to an inductively coupled argon plasma-sector field mass spectrometer (ICP-SFMS) by pneumatic nebulization. Each respective element is measured at a specific mass to charge ratio, m/z value expressed in amu (atomic mass units), and at a specified instrument resolution. LR: Low Resolution ~ 300, MR: Mid Resolution ~ 4000 and HR : High Resolution ~ 10000"
Sr-Tot,VMV_1919,µg/l,Strontium - Total,Total metals with in-bottle digestion and inductively coupled plasma-sector field mass spectrometer,Spectroscopy,VMV Method,VMV Method,
Sr-Tot,VMV_2459,µg/l,Strontium - Total,Total recoverable metals with thermal digestion and inductively coupled plasma mass spectrometry,Spectroscopy,VMV Method,VMV Method,
Sr-Tot,VMV_2631,mg/l,Strontium - Total,Total metals by inductively coupled argon plasma emission spectrometry with standard spray chamber,Spectroscopy,VMV Method,VMV Method,
Sr-Tot,VMV_2634,mg/l,Strontium - Total,Total metals by inductively coupled argon plasma emission spectrometry with external nebulizer.,Spectroscopy,VMV Method,VMV Method,
Sr-Tot,VMV_2960,µg/l,Strontium - Total,"Total metals in water by ""in bottle"" digestion are analyzed by ICP-MS/ICP-OES.",Spectroscopy,VMV Method,VMV Method,
Sr-Tot,VMV_3528,µg/l,Strontium - Total,Total metals by CRC-ICP-MS with in-bottle digestion and discrete sampling pneumatic nebulization,Spectroscopy,VMV Method,VMV Method,
Sr-Tot,VMV_3583,µg/l,Strontium - Total,Total metals by CRC-ICP-MS and discrete sampling pneumatic nebulization,Spectroscopy,VMV Method,VMV Method,
Sr-Tot,VMV_375,µg/l,Strontium - Total,Total metals in water by ICP-MS,Spectroscopy,VMV Method,VMV Method,
TBT-Cation,0,µg/l,Tributylstannanylium,,,,,Undefined Analysis Method
TC,0,mg/l,Total Carbon,,,,,Undefined Analysis Method
TCACETICACID,0,µg/l,Trichloroacetic Acid,,,,,Undefined Analysis Method
TCB-Tot,0,µg/l,Trichlorobenzene - Total,,,,,Undefined Analysis Method
TCE,0,µg/l,Trichloroethene,,,,,Undefined Analysis Method
TCFMA,0,µg/l,Trichloro(fluoro)methane,,,,,Undefined Analysis Method
TCMA,0,µg/l,Trichloromethane,,,,,Undefined Analysis Method
TCMTB,VMV_3216,ng/l,2-(Thiocyanomethylthio)benzothiazole,"Pesticides of the organophosphorus type, triazine, carbamate and urea: extraction with C-18",Chromatography,VMV Method,VMV Method,
TCP,0,µg/l,Total cyclodiene pesticides (aldrin + dieldrin + endrin + isodrin),,,,,Undefined Analysis Method
TCS,0,µg/l,Triclosan,,,,,Undefined Analysis Method
TDN,0,mg/l,Total Dissolved Nitrogen,,,,,Undefined Analysis Method
TDN,COL-AZO-Cd-UV,mg/l,Total Dissolved Nitrogen,Cadmium Reduction Method with UV Digestion,Colorimetry,SM 4500-NO3 E,APHA 2012,"The sample is filtered through a 0.45µ filter. An aerated aliquot of the shaken sample is acidified and then irradiated in a quartz coil by a UV lamp. The sample is made alkaline and the irradiation process repeated. This solution is mixed with disodium EDTA (disodium dihydrogen ethylenediamine tetraacetate) solution and passed through a column of Cadmium filings. First a sulphaniliamide solution is added, then an N-1-naphthylethylene-diamine dihydrochloride solution is added to the sample to from an azo dye. The intensity of the dye is measured spectrophotometrically at 550mu, and compared with those of standard. NO3 ion solutions. Interference may be cause by turbidity."
TDN,VMV_2606,mg/l,Total Dissolved Nitrogen,No description at this time,,VMV Method,VMV Method,
TDN,VMV_317,mg/l,Total Dissolved Nitrogen,Total dissolved nitrogen  by colourimetry - persulfate method,Colorimetry,VMV Method,VMV Method,
TDN,VMV_3435,mg/l,Total Dissolved Nitrogen,Total dissolved nitrogen determined by alkaline persulfate digestion and colourimetry.,Colorimetry,VMV Method,VMV Method,
TDN,VMV_3447,mg/l,Total Dissolved Nitrogen,Dissolved nitrogen is determined by high temperature combustion.,Gravimetric Analysis,VMV Method,VMV Method,
TDN,VMV_3591,mg/l,Total Dissolved Nitrogen,Total dissolved nitrogen by continuous segmented flow analyzer (CFA) using hydrazine and azo dye,Colorimetry,VMV Method,VMV Method,
TDP,0,mg/l,Total Dissolved Phosphorus,,,,,Undefined Analysis Method
TDP,COL-AA-SA-APS-PPS,mg/l,Total Dissolved Phosphorus,"Ascorbic Acid Method with Preliminary H2SO4, (NH4)S2O8 or K2S2O8 Digestion",Colorimetry,SM 4500-P B/E,APHA 2012,"A sample is preserved in the field with 0.2% H2SO4. The sample aliquot is digested with H2SO4, (NH4)S2O8 or K2S2O8 solutions and mixed with ammonium molybdate, antimonyl tartrate and ascorbic acid solutions to form a molybdenum blue complex. The resulting blue colour is measured spectrometrically at 880 nm and compared to identically-prepared phosphorus standard and blank solutions."
TDP,COL-SnCl-SA-PPS,mg/l,Total Dissolved Phosphorus,Stannous Chloride Method with Preliminary H2SO4 and K2S2O8 Digestion,Colorimetry,SM 4500-P B/D,APHA 2012,"A sample is preserved in the field with 0.2% H2SO4. The shaken sample aliquot is autoclaved with K2S2O8 and H2SO4 for 30 minutes at 121°C. The sample is then mixed with ammonium molybdate to form the heteropoly molybdophosphoric acid and is reduced with stannous chloride, in an aqueous sulphuric acid medium, at 30°C, to form a molybdenum blue complex. The resulting blue colour is measured spectrometrically at 660 nm and compared to identically-prepared standard and blank solutions. Interferences: Hg concentration of 1 mg/L and As."
TDP,VMV_10320,mg/l,Total Dissolved Phosphorus,"BC MELP EMS CODE: F039  field filtered, acid, ICP-AES.",Spectroscopy,VMV Method,VMV Method,
TDP,VMV_2332,mg/l,Total Dissolved Phosphorus,Phosphorus by colourimetry on autoanalyser - ammonium molybdate and SnCl2 reactives VMV_2332,Colorimetry,VMV Method,VMV Method,
TDP,VMV_2925,mg/l,Total Dissolved Phosphorus,Phosphorus in water is determined by colourimetry on autoanalyzer.,Colorimetry,VMV Method,VMV Method,
TDP,VMV_3022,mg/l,Total Dissolved Phosphorus,"Orthophosphates, total dissolved phosphorus and total phosphorus using the autoanalyzer technique.",Colorimetry,VMV Method,VMV Method,
TDP,VMV_3133,mg/l,Total Dissolved Phosphorus,Phosphorus is determined by flow injection (FIA) and segmented flow analysis (SFA).,Colorimetry,VMV Method,VMV Method,
TDP,VMV_443,mg/l,Total Dissolved Phosphorus,Total phosphorus by colourimetry - ascorbic acid reduction method.,Colorimetry,VMV Method,VMV Method,"This method is based off of SM4500-P, sections A, B and F."
TDP,VMV_567,mg/l,Total Dissolved Phosphorus,"Phosphorus by autoanalyser - ammonium molybdate, ascorbic acid and potassium antimonyl tartrate",Colorimetry,VMV Method,VMV Method,
TDP,VMV_577,mg/l,Total Dissolved Phosphorus,Phosphorus by colourimetry on autoanalyser - ammonium molybdate and SnCl2 reactives,Colorimetry,VMV Method,VMV Method,
TDP,VMV_9100,mg/l,Total Dissolved Phosphorus,Unknown method used for third-party reported measurements,,VMV Method,VMV Method,
TDS,0,mg/l,Total Dissolved Solids,,,,,Undefined Analysis Method
TDS,TDS-CND,mg/l,Total Dissolved Solids,Calibrated Conductivity Meter at 25°C,Electrochemical Analysis,Orion Research Inc. ,Orion Research Inc. 1996,"The Total Dissolved Solids (TDS) is measured through a calibrated conductivity meter (Orion 105 or 115, or equivalent) and corrected to 25°C, where the values are compared to the Critical Table Values, with a relative standard deviation (RSD) of 0.87% and an accuracy of ± 0.5%."
TDS,TDS-G,mg/l,Total Dissolved Solids,Total Dissolved Solids Dried at 180°C,Gravimetric Analysis,SM 2540 C,APHA 2012,
TDS,TDS-G-105,mg/l,Total Dissolved Solids,Total Dissolved Solids Dried at 180°C (105°C used),Gravimetric Analysis,SM 2540 C,APHA 2012,"If oil and grease are present the sample is blended. A sample aliquot is passed through a Whatman GF/C filter. The filtrate is evaporated to dryness in a pre-weighed ignited dish. The dish containing the residue is oven-dried overnight at 105°C, cooled for 15 minutes in a desiccator, and weighed to constant weight."
TDS,VMV_10130,mg/l,Total Dissolved Solids,BC MELP EMS Code: X017,,VMV Method,VMV Method,
TDS,VMV_2148,mg/l,Total Dissolved Solids,Total dissolved solids by gravimetry,Gravimetric Analysis,VMV Method,VMV Method,
TDS,VMV_3126,mg/l,Total Dissolved Solids,Total dissolved solids are determined by gravimetric method.,Gravimetric Analysis,VMV Method,VMV Method,
TDS,VMV_404,mg/l,Total Dissolved Solids,Gravimetric method,Gravimetric Analysis,VMV Method,VMV Method,
TDS,VMV_8,mg/l,Total Dissolved Solids,Calculated value VMV 8,Calculation,VMV Method,VMV Method,
TDS,VMV_9,mg/l,Total Dissolved Solids,Calculated value VMV 9,Calculation,VMV Method,VMV Method,
TEBUCONAZOLE,0,µg/l,Tebuconazole,,,,,Undefined Analysis Method
TEBUTHIURON,VMV_303,ng/l,Tebuthiuron,Analysis of  organophosphorus and triazine pesticides in surface waters using GC-MS/MS.,Chromatography,VMV Method,VMV Method,LEEQ Method No. Q0515E0.
TEBUTHIURON,VMV_3216,ng/l,Tebuthiuron,"Pesticides of the organophosphorus type, triazine, carbamate and urea: extraction with C-18",Chromatography,VMV Method,VMV Method,
TEMP,0,°C,Water Temperature,,,,,Undefined Analysis Method
TEMP,TEMP-CND,°C,Water Temperature,Conductivity-Temperature Meter,,ENV 42,Environment Canada 2007,Water temperature is measured with a battery-operated conductivity-temperature meter calibrated by switching to an internal standard. The accuracy is ±0.5 °C.
TEMP,TEMP-Hg,°C,Water Temperature,Mercury Thermometer,,SM 2550 B,APHA 1998,"Both atmospheric and water temperature are measured upon sample collection.
 The atmospheric temperature is measured in a well-ventilated area and in the shade, at 1.2 to 1.5 m above the ground, using a 50°C calibrated (liquid in glass) thermometer.
 The water temperature is measured by immersing a calibrated thermometer into the water or by measuring the temperature immediately after collection using a calibrated thermometer.
 The Hg-filled thermometer has a precision of ± 0.1°C."
TEMP,TEMP-THERMISTOR,°C,Water Temperature,Thermistor,,EPA 170.1,US-EPA 1974,"Water Temperature is measured with a battery-operated YSI thermistor (or equivalent) calibrated against a certified thermometer. Resolution is 0.1°C and accuracy is ±0.2 °C.
 The method range is -10 °C to +90 °C."
TEMP,VMV_10282,°C,Water Temperature,BC MELP EMS Code: XM02,,VMV Method,VMV Method,
TEMP,VMV_2097,°C,Water Temperature,Water temperature using a thermo couple,Electrochemical Analysis,VMV Method,VMV Method,
TEMP,VMV_3620,°C,Water Temperature,Field measurements are made using a multi-sonde.,Electrochemical Analysis,VMV Method,VMV Method,
TEMP,VMV_38,°C,Water Temperature,Mercury filled thermometer,,VMV Method,VMV Method,
TEMP,VMV_42,°C,Water Temperature,Battery-operated Hydrolab Model TC-2,,VMV Method,VMV Method,
TEMP-Air,0,°C,Air Temperature,,,,,Undefined Analysis Method
TEMP-Air,TEMP-Hg,°C,Air Temperature,Mercury Thermometer,,SM 2550 B,APHA 1998,"Air temperature is measured with a calibrated thermometer with a scale marked for every 0.1ºC, and reported in degrees Celsius.
 The method precision is within 0.1°C"
TEMP-Air,VMV_2182,°C,Air Temperature,Air temperature reported as degrees C.,,VMV Method,VMV Method,
TERBUFOS,0,µg/l,Terbufos,,,,,Undefined Analysis Method
TERBUFOS,VMV_303,ng/l,Terbufos,Analysis of  organophosphorus and triazine pesticides in surface waters using GC-MS/MS.,Chromatography,VMV Method,VMV Method,LEEQ Method No. Q0515E0.
TERBUFOS,VMV_3216,ng/l,Terbufos,"Pesticides of the organophosphorus type, triazine, carbamate and urea: extraction with C-18",Chromatography,VMV Method,VMV Method,
TERBUTHYLAZINE,0,µg/l,Terbuthylazine,,,,,Undefined Analysis Method
TERBUTRYN,0,µg/l,"1,3,5-Triazine-2,4-diamine",,,,,Undefined Analysis Method
TERBUTYLAZINE-DESETHYL,0,µg/l,Terbutylazine-Desethyl,,,,,Undefined Analysis Method
TETRALIN,VMV_2863,ng/l,"1,2,3,4-tetrahydronaphthalene","Analysis of OCs, PCBs, CBs and PAHs in 1 L water samples by GC-ECD and GC-MSD.",Chromatography,VMV Method,VMV Method,
TETRALIN,VMV_3669,ng/l,"1,2,3,4-tetrahydronaphthalene",Extraction of PAHs in water by solid phase extraction (SPE) and analysis by GC-MSMS.,Chromatography,VMV Method,VMV Method,
THIACLOPRID,0,µg/l,Thiacloprid,,,,,Undefined Analysis Method
THIACLOPRID,VMV_3619,ng/l,Thiacloprid,Neonicotinoid insecticides in water are analyzed by ESI-LC-MS/MS.,Chromatography,VMV Method,VMV Method,
THIACLOPRID,VMV_655,ng/l,Thiacloprid,Multi residue analysis of pesticides in water by solid phase extraction and LC-MS/MS.,Chromatography,VMV Method,VMV Method,
THIFENSULFURON,VMV_3431,ng/l,Thifensulfuron,Analysis of sulfonyl ureas and related herbicides by SPE and LC-MS/MS detection,Chromatography,VMV Method,VMV Method,
THMs,0,µg/l,Trihalomethanes,,,,,Undefined Analysis Method
TIC,HTC-NDI,mg/l,Total Inorganic Carbon,High Temperature Combustion Method with Non-dispersive Infrared Analyzer,Spectroscopy,SM 5310 B,APHA 2012,"A small volume of the blended sample is injected into a combustion tube at 950°C containing pumice stone impregnated with cobalt oxide. The resulting CO2 is measured by an IR analyzer and compared with standard organic C solutions to give total C. An identical volume is injected into a combustion tube at 150°C containing 85% H3PO4 on quartz chips. The resulting CO2 is measured by an IR analyzer, and compared with standard inorganic C solutions to give the total inorganic C."
TIC,NDI-Auto,mg/l,Total Inorganic Carbon,Infrared Analysis - Automated,Spectroscopy,PYR 2695,Environment Canada 2007,The sample is injected into an inorganic reaction vessel containing 25% phosphoric acid. The oxidized inorganic carbon is measured on the calibrated non-dispersive infrared detector
TIC,VMV_2597,%,Total Inorganic Carbon,Determination of total inorganic carbon in sediment by calculation using a CHN analyzer.,Calculation,VMV Method,VMV Method,
TIC,VMV_2695,mg/l,Total Inorganic Carbon,Carbon concentration determined by infrared analysis on an automated Shimadzu system,Colorimetry,VMV Method,VMV Method,
TIC,VMV_3301,mg/l,Total Inorganic Carbon,Total and dissolved organic carbon are determined by infrared gas analyzer.,Colorimetry,VMV Method,VMV Method,
TIC,VMV_3554,mg/l,Total Inorganic Carbon,Total inorganic carbon and dissolved inorganic carbon by automated persulfate colourimetry,Colorimetry,VMV Method,VMV Method,
TIN,0,mg/l,Total Inorganic Nitrogen,,,,,Undefined Analysis Method
TIP,0,mg/l,Total Inorganic Phosphorus,,,,,Undefined Analysis Method
TIP,VMV_3687,mg/l,Total Inorganic Phosphorus,Determination of anions in water using a chromatographic separation based on an ion exchange process,Chromatography,VMV Method,VMV Method,Method INW 5013
TKN,0,mg/l,Total Kjeldahl Nitrogen,,,,,Undefined Analysis Method
TKN,TKN-COL-Tech,mg/l,Total Kjeldahl Nitrogen,"Total Nitrogen (Kjeldahl) in Water and Sea Water, Technicon AutoAnalyzer II Methodology",Colorimetry,170-72W,Technicon Industrial Systems 1971,"A sample is collected in the field and preserved with sulphuric acid at 4°C. The sum of the free ammonia and organic nitrogen compounds are converted to ammonium bisulphate under the following conditions: the shaken sample aliquot of known volume is digested, at 300°C, with HClO4 and H2SO4 solutions [or H2SO4 and CuSO4] to convert the organic nitrogen to (NH4) HSO4. The total ammonia-nitrogen is determined colourimetrically, at 660 nm, by the reaction of ammonia with salicylate and dichloro-isocyanurate solutions, in the presence of sodium nitroprusside, to form an indophenol blue complex; the colour intensity is measured at 660 nm and compared to identically-prepared standard and blank solutions."
TKN,TKN-NH3-ISE,mg/l,Total Kjeldahl Nitrogen,Macro-Kjeldahl Method with Ammonia-Selective Electrode,Electrochemical Analysis,4500-Norg B; NH3 D,APHA 2012,"The shaken sample is digested with concentrated H2SO4 and K2SO4 to yield NH4HSO4. The solution is then made alkaline with NaOH and ammonia is determined by Orion gas sensing electrode - model 95-10. (NOTE: If free ammonia was done on a preserved sample and TKN was done, then subtracting ammonia-N from TKN would give Total Organic Nitrogen)."
TKN,TKN-T-COL,mg/l,Total Kjeldahl Nitrogen,Macro-Kjeldahl Method with Titration,Titration,4500-Norg B; NH3 C,APHA 2012,"A sample is preserved in the field at 4°C. TKN includes all forms of nitrogen, except the nitrate and nitrite compounds. The sum of the free ammonia and organic nitrogen compounds are converted to ammonium bisulphate as follows: the shaken sample aliquot is digested in a solution of concentrated H2SO4 with HgSO4 or CuSO4 (as a catalyst) and K2SO4 to form NH4HSO4. The ammonia is then distilled from an alkaline medium, absorbed in boric acid, determined by titration with standardized sulphuric acid, using the ""N point"" indicator and compared to identically-prepared standard and blank solutions."
TKN,VMV_10273,mg/l,Total Kjeldahl Nitrogen,Dissolved organic nitrogen is calculated from dissolved nitrogen.,Calculation,VMV Method,VMV Method,
TKN,VMV_2185,mg/l,Total Kjeldahl Nitrogen,Calculation of total Kjeldahl nitrogen,Calculation,VMV Method,VMV Method,
TKN,VMV_3136,mg/l,Total Kjeldahl Nitrogen,Total Kjeldahl nitrogen in water is determined by flow injection analysis.,Colorimetry,VMV Method,VMV Method,
TKN,VMV_323,mg/l,Total Kjeldahl Nitrogen,Total Kjeldahl nitrogen in water by fluorescence,Colorimetry,VMV Method,VMV Method,
TMP,0,µg/l,Trimethoprim,,,,,Undefined Analysis Method
TMX,0,µg/l,Thiamethoxam,,,,,Undefined Analysis Method
TMX,VMV_3619,ng/l,Thiamethoxam,Neonicotinoid insecticides in water are analyzed by ESI-LC-MS/MS.,Chromatography,VMV Method,VMV Method,
TMX,VMV_655,ng/l,Thiamethoxam,Multi residue analysis of pesticides in water by solid phase extraction and LC-MS/MS.,Chromatography,VMV Method,VMV Method,
TN,0,mg/l,Total Nitrogen,,,,,Undefined Analysis Method
TN,COL-AZO-Cd-UV-Auto,mg/l,Total Nitrogen,Automated Cadmium Reduction Method with UV Digestion,Colorimetry,SM 4500-NO3 F,APHA 2012,"A sample is preserved in the field at 4°C. On an autoanalyzer, a shaken sample aliquot is aerated, acidified and irradiated in a quartz coil by a UV lamp. The sample is made alkaline and the irradiated process repeated. This solution is mixed with an EDTA (disodium dihydrogen ethylenediamine tetraacetate) solution and the nitrates are reduced to nitrites through a column of Cadmium fillings. A sulphanilamide solution, followed by an N-1-Naphthylethylenediamine dihydrochloride solution, is added to the sample to form an azo dye. The intensity of the dye is measure spectrometrically at 550mµ, and compared to identically-prepared NO3 standard and blank solutions."
TN,COL-AZO-HDZ-PS,mg/l,Total Nitrogen,Hydrazine Reduction Method with Alkaline Persulfate Digestion,Colorimetry,4500-N C;4500-NO3 H,APHA 2012,"A sample is preserved in the field at 4°C. The Nitrogen of the sample aliquot is oxidised to nitrate in an alkaline persulphate solution. The nitrate is then reduced to nitrite in an alkaline hydrazine sulphate solution, containing copper as a catalyst. The resulting nitrites, under acidic conditions, react with sulphanilamine to form a diazo compound and couple with naphthylethylenediamine to form an azo dye. The colour intensity is proportional to the nitrogen concentration, measured spectrometrically at 520nm and compared to identically-prepared standard and blank solutions."
TN,VMV_10298,mg/l,Total Nitrogen,"Total nitrogen by colourimetric, automated, persulphate digest, cadmium/copper reduction method.",Colorimetry,VMV Method,VMV Method,
TN,VMV_23,mg/l,Total Nitrogen,Total nitrogen measurement by persulfate oxidation method,Colorimetry,VMV Method,VMV Method,
TN,VMV_300,mg/l,Total Nitrogen,Total and dissolved nitrogen by UV digestion,Colorimetry,VMV Method,VMV Method,
TN,VMV_302,mg/l,Total Nitrogen,Calculated method for total nitrogen,Calculation,VMV Method,VMV Method,
TN,VMV_315,mg/l,Total Nitrogen,Total nitrogen in water by colourimetry - persulfate method,Colorimetry,VMV Method,VMV Method,
TN,VMV_3415,mg/l,Total Nitrogen,"Total nitrogen by alkaline persulfate oxidation, using automated azo dye photometric method.",Colorimetry,VMV Method,VMV Method,"automated continuous segmented flow analyzer (CFA), cadmium reduction"
TN,VMV_3438,mg/l,Total Nitrogen,Total nitrogen (unfiltered) in water is determined by alkaline persulfate digestion and colourimetry,Colorimetry,VMV Method,VMV Method,
TN,VMV_3442,mg/l,Total Nitrogen,Bound nitrogen is determined by high temperature combustion.,Gravimetric Analysis,VMV Method,VMV Method,
TN,VMV_3592,mg/l,Total Nitrogen,Total nitrogen determined by FIA photometer at 520nm wavelength using the azo dye photometric method,Colorimetry,VMV Method,VMV Method,The total nitrogen concentration in an unfiltered sample is determined by the FIA photometer at 520 nm wavelength using the azo dye photometric method.
TN,VMV_3668,mg/l,Total Nitrogen,Analysis of total nitrogen using the autoanalyzer technique.,Colorimetry,VMV Method,VMV Method,
TN,VMV_4006,mg/l,Total Nitrogen,Total nitrogen in water is measured spectrophotometrically at the 520 nm wavelength (FIA).,Colorimetry,VMV Method,VMV Method,
TNONACHLOR,0,µg/l,trans-Nonachlor,,,,,Undefined Analysis Method
TNONACHLOR,VMV_2863,ng/l,trans-Nonachlor,"Analysis of OCs, PCBs, CBs and PAHs in 1 L water samples by GC-ECD and GC-MSD.",Chromatography,VMV Method,VMV Method,
TNONACHLOR,VMV_3654,ng/l,trans-Nonachlor,Chlorobenzenes and organochlorine pesticides by liquid-liquid extraction and GC-MS/MS detection.,Chromatography,VMV Method,VMV Method,
TOC,0,mg/l,Total Organic Carbon,,,,,Undefined Analysis Method
TOC,HTC-NDI,mg/l,Total Organic Carbon,High Temperature Combustion Method with Non-dispersive Infrared Analyzer,Spectroscopy,SM 5310 B,APHA 2012,"A small volume of a blended sample is injected into a combustion tube, at 950°C, containing pumice stone impregnated with cobalt oxide. The carbonaceous material in the sample is oxidized, yielding carbon dioxide and steam. The resulting CO2 is measured by an IR analyzer and compared to identically-prepared organic Carbon standard and blank solutions to give total C.
An identical volume of sample is injected into a combustion tube, at 150°C containing 85% H3PO4 on quartz chips. The airflow carries out the resulting sample which is condensed and the inorganic carbon, as CO2, is measured by an IR analyzer, and compared to identically-prepared inorganic carbon standard and blank solutions. The total organic carbon is calculated by difference.

Interference: Large particles may not be injected."
TOC,HTC-NDI-Auto,mg/l,Total Organic Carbon,High-Temperature Combustion Method with Automated Non-dispersive Infrared Analyzer,Spectroscopy,SM 5310 B,APHA 2012,"Total carbon is analyzed by injecting a blended whole water sample onto a platinum catalyst packed combustion tube kept at 680°C. The CO2 formed, which is proportional to the total carbon in the sample, is measured on a non-dispersive infrared detector. Total inorganic carbon is then analyzed by injecting an identical blended whole water sample into an inorganic reaction vessel containing 25% phosphoric acid. The CO2 formed represents the total inorganic carbon in the sample and is determined by a non-dispersive infrared detector. Calculation of the total organic carbon is obtained by subtracting the total inorganic carbon from the total carbon.
 Calculation: TOC = TC - TIC"
TOC,VMV_10226,mg/l,Total Organic Carbon,BC MELP EMS Code: X257,,VMV Method,VMV Method,
TOC,VMV_1957,mg/l,Total Organic Carbon,Analysis of carbon in water using the thermal oxidation technique.,Gravimetric Analysis,VMV Method,VMV Method,
TOC,VMV_206,mg/l,Total Organic Carbon,"Carbon in water: Oxydation with persulfate/ultraviolet radiation, detection by infrared spectrometry",Spectroscopy,VMV Method,VMV Method,
TOC,VMV_2136,mg/l,Total Organic Carbon,Total organic carbon by combustion,Gravimetric Analysis,VMV Method,VMV Method,
TOC,VMV_2695,mg/l,Total Organic Carbon,Carbon concentration determined by infrared analysis on an automated Shimadzu system,Colorimetry,VMV Method,VMV Method,
TOC,VMV_473,mg/l,Total Organic Carbon,Total organic carbon by non-dispersive infrared (NDIR) analyzer,Colorimetry,VMV Method,VMV Method,
TOC,VMV_96,mg/l,Total Organic Carbon,Calculated total organic carbon,Calculation,VMV Method,VMV Method,
TOC,VMV_99,mg/l,Total Organic Carbon,Inorganic and organic carbon by infrared analysis,Colorimetry,VMV Method,VMV Method,
TOLH,0,µg/l,Methylbenzene,,,,,Undefined Analysis Method
TOLH,VMV_3653,µg/l,Methylbenzene,Canada wide standards for petroleum hydrocarbons in soil determined by GC/FID and GC/MS,Chromatography,VMV Method,VMV Method,
TON,0,mg/l,Total Organic Nitrogen,,,,,Undefined Analysis Method
TON,VMV_319,mg/l,Total Organic Nitrogen,Total organic nitrogen (calculated),Calculation,VMV Method,VMV Method,
TOTCOLI,0,1/100 ml,Total Coliform,,,,,Undefined Analysis Method
TOTCOLI,COLI-MF,1/100 ml,Total Coliform,Membrane Filter Technique for Members of the Coliform Group,Estimation,SM 9222 B,APHA 2012,"Minor variations in analytical techniques can cause change in results; therefore microbiological methods and sterilising procedures must be standardized to obtain uniform results from different laboratories. The Membrane Filter technique is usually more rapid and more reproducible than the multiple-tube technique in monitoring drinking water and a variety of natural waters. MF has limitations: i.e.: testing samples with high turbidity or large background (non-coliforms) bacteria. Apply sufficient medium (lauryl tryptose broth) in fermentation tubes, incubate at 20°C overnight before use and discard tubes with growth or bubbles.The coliform group is defined as all bacteria that produce a red colony with a metallic (golden) sheen within 24 hours at 35°C on an Endo-type medium containing lactose (production of aldehydes). The medium is stable for a maximum of three weeks and the broth for four days at 4°C. Filter 100 to 1000 mL of water, place filter paper on saturated lactose pad for two hours at 35ºC, remove from incubator and transfer to M-endo medium pad, incubate for 20 to 22 hours at 35°C ± 0.5°C, then count the colonies on membrane filters using a 10 to 15 times magnifying binocular wide field dissecting microscope or equivalent, with a cool white fluorescent light source directed to provide maximum viewing of the sheen."
TOTCOLI,MTF,1/100 ml,Total Coliform,Multiple-Tube Fermentation Technique for Members of the Coliform Group,Estimation,SM 9221 B,APHA 2012,"Minor variations in analytical techniques can cause change in results; therefore microbiological methods and sterilising procedures must be standardized to obtain uniform results from different laboratories. The results are an estimate of the mean density of coliforms in the sample and are reported as most probable number (MPN). Unless a large portion of fermentation tubes are used, the precision is low.
 Presumptive Phase:
 Use sufficient medium (lauryl tryptose broth) in fermentation tubes, incubate at 20°C overnight before use and discard tubes with growth or bubbles.
 Arrange fermentation tubes in rows of five or ten in test tube rack. For potable water, use five 20mL portions, ten 10mL portions tubes or a single 100mL portion. For non-potable water, use five tubes per dilution (10, 1.0, 0.1 mL, etc). Shake sample well, inoculate and mix test tubes in the medium by gentle agitation. Incubate inoculated tubes or bottles at 35°C ± 0.5°C. [Japan uses 36°C ± 1°C.] After 24 hours, swirl each container and check for growth, gas or acidic reaction (producing a shade of yellow colour) and document. If absent, re-incubate for another 24 hours. The absence of acidic reaction or gas formation constitutes a negative test.
 Confirmed Phase:
 Submit all presumptive tubes with growth, gas or acidic reaction. Transfer culture to the fermentation tube (containing brilliant green lactose bile broth) or insert a sterile applicator into the culture, quickly remove and insert to the bottom of fermentation tube containing the broth. Remove and discard applicator. Repeat for all positive presumptive tubes. Incubate at 35°C ± 0.5°C. [Japan uses 36°C ± 1°C.] Formation of gas at any time within 48 hours ± 3 hours constitutes a positive confirmed phase.
 Alternative Procedure (for polluted waters):
 If all presumptive tubes are positive in two or more consecutive dilutions within 24 hours, only submit, to the confirmed phase, all tubes with the highest dilution (also submit all positive tubes produced after 48 hours).
 Calculate the MPN value from the number of positive brilliant green lactose bile tubes."
TOTCOLI,VMV_1410,1/100 ml,Total Coliform,Membrane filter count per 100 mL,Estimation,VMV Method,VMV Method,
TOTCOLI,VMV_1905,1/100 ml,Total Coliform,mColi blue method,Colorimetry,VMV Method,VMV Method,
TOTCOLI,VMV_2565,1/100 ml,Total Coliform,Determination of coliforms producing a red colony with a metallic sheen,Estimation,VMV Method,VMV Method,
TOTCOLI,VMV_2978,1/ml,Total Coliform,"Colilert reagent, simultaneous detection and confirmation of total coliforms and Escherichia coli",Estimation,VMV Method,VMV Method,
TOTMESO,0,1/100 ml,Total aerobic mesophilic bacteria,,,,,Undefined Analysis Method
TOXAPHENE,0,µg/l,Toxaphene,,,,,Undefined Analysis Method
TP,0,mg/l,Total Phosphorus,,,,,Undefined Analysis Method
TP,COL-SnCl-SA-PPS,mg/l,Total Phosphorus,Stannous Chloride Method with Preliminary H2SO4 and K2S2O8 Digestion,Colorimetry,SM 4500-P B/D,APHA 2012,"A sample is preserved in the field with 0.2% H2SO4. The shaken sample aliquot is autoclaved with K2S2O8 and H2SO4 for 30 minutes at 121°C. The sample is then mixed with ammonium molybdate to form the heteropoly molybdophosphoric acid and is reduced with stannous chloride, in an aqueous sulphuric acid medium, at 30°C, to form a molybdenum blue complex. The resulting blue colour is measured spectrometrically at 660 nm and compared to identically-prepared standard and blank solutions. Interferences: Hg concentration of 1 mg/L and As."
TP,ICP-MS,mg/l,Total Phosphorus,Inductively-Coupled Plasma Mass Spectrometry,Spectroscopy,SM 3125 B,APHA 2012,"Prepare sample in clean environment and follow manufacturer's standard operating procedure for initialization, mass calibration, gas flow optimization, and other instrument operating conditions. Apply the analytical run sequence."
TP,PO4-COL-AA-Auto-PSF,mg/l,Total Phosphorus,Automated Ascorbic Acid Reduction Method with Preliminary Persulfate Digestion,Colorimetry,SM 4500-P B/F,APHA 2012,"The sample is preserved in the field with 0.2% H2SO4. The shaken sample aliquot is autoclaved with K2S2O8 and H2SO4 for 30 minutes at 121°C. If turbid, the aliquot is filtered through 0.45 µm membrane filter. The sample aliquot is mixed with ammonium molybdate, antimonyl tartrate and ascorbic acid solutions to form a molybdenum blue complex. The resulting blue colour is measured spectrometrically at 880 nm and compared to identically-prepared standard and blank solutions."
TP,PO4-COL-ANS,mg/l,Total Phosphorus,Automated Colourimetry (Aminonaphtholsulphonic Acid),Colorimetry,ENV 575,Environment Canada 1995,A shaken sample is analyzed directly on a colourimetric autoanalyzer with ammonium molybdate and aminonaphtholsulphonic acid (ANSA reagent) after 30 min in an autoclave with H2SO4 and K2S2O8
TP,VMV_2331,mg/l,Total Phosphorus,Phosphorus by colourimetry on autoanalyser - ammonium molybdate and SnCl2 reactives VMV_2331,Colorimetry,VMV Method,VMV Method,
TP,VMV_2362,mg/l,Total Phosphorus,Phosphorus by colourimetry on autoanalyser - ammonium molybdate and SnCl2 reactives VMV_2362,Colorimetry,VMV Method,VMV Method,
TP,VMV_2925,mg/l,Total Phosphorus,Phosphorus in water is determined by colourimetry on autoanalyzer.,Colorimetry,VMV Method,VMV Method,
TP,VMV_3022,mg/l,Total Phosphorus,"Orthophosphates, total dissolved phosphorus and total phosphorus using the autoanalyzer technique.",Colorimetry,VMV Method,VMV Method,
TP,VMV_3627,mg/l,Total Phosphorus,Total phosphorous by CFA colourimeter at 880 nm wavelength.,Colorimetry,VMV Method,VMV Method,"Total unfiltered phosphorous using persulfate oxidation, ascorbic acid, molybdenum blue is determined by the CFA colourimeter at 880 nm wavelength."
TP,VMV_4004,mg/l,Total Phosphorus,Analysis of phosphates is done by autoclave digestion with LACHAT FIA.,Colorimetry,VMV Method,VMV Method,
TP,VMV_566,mg/l,Total Phosphorus,Phosphorus by colourimetry on autoanalyser - ammonium molybdate and SnCl2 reactives VMV_566,Colorimetry,VMV Method,VMV Method,
TP,VMV_567,mg/l,Total Phosphorus,"Phosphorus by autoanalyser - ammonium molybdate, ascorbic acid and potassium antimonyl tartrate",Colorimetry,VMV Method,VMV Method,
TP,VMV_577,mg/l,Total Phosphorus,Phosphorus by colourimetry on autoanalyser - ammonium molybdate and SnCl2 reactives,Colorimetry,VMV Method,VMV Method,
TPHC,0,µg/l,Total Petroleum Hydrocarbons,,,,,Undefined Analysis Method
TPHC,VMV_3608,mg/l,Total Petroleum Hydrocarbons,Petroleum hydrocarbons in environmental samples by gas chromatography-flame ionization detector,Chromatography,VMV Method,VMV Method,
TPP,0,mg/l,Total Particulate Phosphorus,,,,,Undefined Analysis Method
TPP,PO4-COL-AA-AE,µg/g,Total Particulate Phosphorus,Acid-Extraction Colourimetry,Colorimetry,,,"A sample is filtered through a glass fibre filter paper. The filter paper is ignited at low temperature and then acid extracted to dissolve the particulates. The extract is reacted with ammonium molybdate and ascorbic acid to form a molybdenum blue complex, measured colourimetrically at 660 nm and compared to identically-prepared standard and blank solutions."
TPP,VMV_598,mg/l,Total Particulate Phosphorus,Particular phosphorus = total phosphorus - total dissolved phosphorus (soluble),Calculation,VMV Method,VMV Method,
TRANS,0,m,Transparency,,,,,Undefined Analysis Method
TRANS,SECCI-30cm,m,Transparency,30 cm Secchi Disc,,VI-1 5,JWWA 2001,"The depth at which a 30 cm diameter disc, painted in black and white quadrants, is no longer visible in a body of water. The procedure is to record the point of disappearance as the disk is lowered, allow it to drop a little farther, and then determine the point of re-emergence as the disk is raised. The mean of the two readings is taken as the turbidity light penetration.
 In turbid waters, the precision is 1 cm and in clear waters 10 cm."
TRIALLATE,0,µg/l,Triallate,,,,,Undefined Analysis Method
TRIALLATE,VMV_2868,ng/l,Triallate,Analysis of sulphate in unfiltered samples using COBAS method,Colorimetry,VMV Method,VMV Method,
TRIALLATE,VMV_3003,ng/l,Triallate,Analysis of neutral herbicides in water using GC-MSD.,Chromatography,VMV Method,VMV Method,
TRIBENURON,VMV_3431,ng/l,Tribenuron,Analysis of sulfonyl ureas and related herbicides by SPE and LC-MS/MS detection,Chromatography,VMV Method,VMV Method,
TRICLOPYR,0,µg/l,"3,5,6-Trichloro-2-pyridinyloxyacetic acid",,,,,Undefined Analysis Method
TRICLOPYR,VMV_247,ng/l,"3,5,6-Trichloro-2-pyridinyloxyacetic acid",Acid herbicides extracted using Strata-X SPE cartridges.,Chromatography,VMV Method,VMV Method,
TRICYCLAZOLE,0,µg/l,Tricyclazole,,,,,Undefined Analysis Method
TRIFLOXYSTROBIN,0,µg/l,Trifloxystrobin,,,,,Undefined Analysis Method
TRIFLOXYSTROBIN,VMV_3216,ng/l,Trifloxystrobin,"Pesticides of the organophosphorus type, triazine, carbamate and urea: extraction with C-18",Chromatography,VMV Method,VMV Method,
TRIFLURALIN,0,µg/l,"2,6-Dinitro-N,N-dipropyl-4-(trifluoromethyl)aniline",,,,,Undefined Analysis Method
TRIFLURALIN,VMV_2868,ng/l,"2,6-Dinitro-N,N-dipropyl-4-(trifluoromethyl)aniline",Analysis of sulphate in unfiltered samples using COBAS method,Colorimetry,VMV Method,VMV Method,
TRIFLURALIN,VMV_3003,ng/l,"2,6-Dinitro-N,N-dipropyl-4-(trifluoromethyl)aniline",Analysis of neutral herbicides in water using GC-MSD.,Chromatography,VMV Method,VMV Method,
TRIFLURALIN,VMV_303,ng/l,"2,6-Dinitro-N,N-dipropyl-4-(trifluoromethyl)aniline",Analysis of  organophosphorus and triazine pesticides in surface waters using GC-MS/MS.,Chromatography,VMV Method,VMV Method,LEEQ Method No. Q0515E0.
TRIFLURALIN,VMV_3216,ng/l,"2,6-Dinitro-N,N-dipropyl-4-(trifluoromethyl)aniline","Pesticides of the organophosphorus type, triazine, carbamate and urea: extraction with C-18",Chromatography,VMV Method,VMV Method,
TRITICONAZOLE,0,µg/l,Triticonazole,,,,,Undefined Analysis Method
TRP,0,mg/l,Total Reactive Phosphorus,,,,,Undefined Analysis Method
TRP,COL-SnCl,mg/l,Total Reactive Phosphorus,Stannous Chloride Method,Colorimetry,SM 4500-P D,APHA 2012,"A sample is preserved in the field at 4°C (if not analysed immediately). The sample aliquot is mixed with ammonium molybdate to form the heteropoly molybdophosphoric acid and is reduced with stannous chloride, in an aqueous sulphuric acid medium, at 30°C, to form a molybdenum blue complex. The resulting blue colour is measured spectrometrically at 660 nm, and compared to identically-prepared PO4 standard and blank solutions. Interferences: Hg, at concentration of 1 mg/L, and As also interfere with the stannous chloride reagent."
TRP,VMV_2758,mg/l,Total Reactive Phosphorus,Ortho-phosphorous is analyzed by colourimetry on an autoanalyzer.,Colorimetry,VMV Method,VMV Method,
TS,0,mg/l,Total Solids,,,,,Undefined Analysis Method
TS,TS-G,mg/l,Total Solids,Total Solids Dried at at 103-105°C,Gravimetric Analysis,SM 2540 B,APHA 2012,A small sample volume (< 1.0 mL) is homogenized and an aliquot placed in a pre-weighed 12 mm aluminium pan. The sample is evaporated to dryness at 105°C in approximately 15 minutes and then weighed to a constant weight.
TS,TS-G-170-180,mg/l,Total Solids,Total Solids Dried at at 103-105°C (170-180°C used),Gravimetric Analysis,SM 2540 B,APHA 2012,
TS,VMV_10147,mg/l,Total Solids,BC MELP EMS Code: X042,,VMV Method,VMV Method,
TS,VMV_189,mg/l,Total Solids,Solids in water,Gravimetric Analysis,VMV Method,VMV Method,
TSS,0,mg/l,Total Suspended Solids,,,,,Undefined Analysis Method
TSS,TSS-G,mg/l,Total Suspended Solids,Total Suspended Solids Dried at 103-105 °C,Gravimetric Analysis,SM 2540 D,APHA 2012,Sample is passed through a weighed Gooch crucible with an asbestos mat. The crucible with its contents is dried in an oven at 103-105°C. The increase in weight over that of the Gooch crucible and asbestos mat represents the non-filterable residue (suspended matter).
TSS,VMV_10045,mg/l,Total Suspended Solids,BC MELP EMS Code: 1070,,VMV Method,VMV Method,
TSS,VMV_10046,mg/l,Total Suspended Solids,BC MELP EMS Code: 1071,,VMV Method,VMV Method,
TSS,VMV_10310,mg/l,Total Suspended Solids,"BC MELP EMS Code: F042 Whole bottle, gravimetric, whole bottle, 1.2 µm GF filter, 103-5 degrees C.",Gravimetric Analysis,VMV Method,VMV Method,
TSS,VMV_2568,mg/l,Total Suspended Solids,Total suspended solids dried at 103-105 degrees C,Gravimetric Analysis,VMV Method,VMV Method,
TSS,VMV_2756,mg/l,Total Suspended Solids,"Suspended, dissolved and total solids are measured gravimetrically using a filtered and dried sample",Gravimetric Analysis,VMV Method,VMV Method,
TSS,VMV_3463,mg/l,Total Suspended Solids,Total suspended solids in water are determined gravimetrically.,Gravimetric Analysis,VMV Method,VMV Method,
TSS,VMV_390,mg/l,Total Suspended Solids,Total suspended solids - 0.45 µm filter - done with metal analysis,Gravimetric Analysis,VMV Method,VMV Method,
TSS,VMV_396,mg/l,Total Suspended Solids,Nonfilterable residue by gravimetric method,Gravimetric Analysis,VMV Method,VMV Method,
TSS,VMV_401,mg/l,Total Suspended Solids,Total suspended solids by gravimetric method,Gravimetric Analysis,VMV Method,VMV Method,
TSS,VMV_430,mg/l,Total Suspended Solids,Total suspended solids by gravimetric method. Standard methods 2540 D,Gravimetric Analysis,VMV Method,VMV Method,Total suspended solids dried at 103 to 105 degrees C
TSS,VMV_476,mg/l,Total Suspended Solids,"Total, fixed and volatile suspended solids - gravimetric method",Gravimetric Analysis,VMV Method,VMV Method,
TURB,0,NTU,Turbidity,,,,,Undefined Analysis Method
TURB,NEPH,NTU,Turbidity,Nephelometric Method,,SM 2130 B,APHA 2012,"In a Hach turbidimeter, a strong light beam is sent upwards through a transparent tube containing a shaken sample. The light, reflected at 90 degrees to the axis, is captured by photocells and their electrical response is proportional to the sample turbidity. The instrument is calibrated using a standard solution of Formazin. Standardization of the instrument uses a polyacrylic plastic rod, containing a special turbidity material, supplied with the instrument.
 The method detection limit is 0.02 NTU."
TURB,NEPH-JTU,JCU,Turbidity,Nephelometric Method (as Jackson Turbidity Units),,SM 2130 B,APHA 2012,"A light beam is passed through the shaken sample. The light, scattered at 90 degrees to the beam-axis, is measured by photocells. The calibration of the instrument is made using a standard suspension of Formazin (the reaction product of an aqueous solutions of hydrazine sulphate (N2H4.H2SO4) and hexamethylenetetramine solutions). Standardisation of the instrument utilises a polyacrylic plastic rod containing special turbidity material.
 The method detection limit is 0.02 Jackson Turbidity Units (JTU)."
TURB,NEPH-Ratio,NTU,Turbidity,Nephelometric Method (Ratio Turbidimeter),,SM 2130 B,APHA 2012,"Turbidity in water is caused by suspended or colloidal matter and consequently, light passing through matter is scattered. This characteristic of water that causes light scattering is referred to as turbidity. In the nephelometric method light scattered at 90 degrees to the incident light is measured. The whole water sample is shaken and poured into transparent cell or tube, which are allowed to sit for sufficient time to allow any air bubbles formed to escape before being placed in the nephelometer. A strong light beam is sent through the sample and the suspended particles reflect the light. The light which is reflected at 90 degrees to the axis is received by photo cells and their electrical response is proportional to the amount received and hence to the sample turbidity. Calibration of the instrument is made using a standard suspension of formazin- the reaction product of aqueous solutions of hydrazine sulphate and hexamethylenetetramine. The value is reported in units of NTU (nephelometric turbidity units).
 Ratiometric Method: The turbidity meter utilized has additional detectors that measures forward scattered light and light transmitted through the sample. Using a ratio of the light received by the different detectors to compute the turbidity value the variability of the turbidity reading can be reduced."
TURB,TURB-Vis-JTU,JCU,Turbidity,Visual Method (as Jackson Turbidity Units),,SM 214 B,APHA 1976,"Turbidity measurements are based on the light path through a suspension causing the image of the flame of a standard candle to disappear, meaning to become undistinguishable against the general background.
The results are reported in Jackson Turbidity Units (JTU)."
TURB,VMV_10000,NTU,Turbidity,BC MELP EMS code: XM08,,VMV Method,VMV Method,
TURB,VMV_1830,NTU,Turbidity,Turbidity measured with nephelometric method,,VMV Method,VMV Method,
TURB,VMV_188,NTU,Turbidity,Turbidity in water,,VMV Method,VMV Method,
TURB,VMV_2752,NTU,Turbidity,Turbidity is determined by comparison of light of sample and standard.,,VMV Method,VMV Method,
TURB,VMV_3033,NTU,Turbidity,Analysis of turbidity using the nephelometric technique.,,VMV Method,VMV Method,
TURB,VMV_3620,NTU,Turbidity,Field measurements are made using a multi-sonde.,Electrochemical Analysis,VMV Method,VMV Method,
TURB,VMV_46,JCU,Turbidity,Turbidity by photometry on Hach turbidimeter,,VMV Method,VMV Method,
TURB,VMV_47,NTU,Turbidity,Turbidity by nephelometric method using a Hach turbidimeter (NTU units),,VMV Method,VMV Method,
TURB,VMV_54,NTU,Turbidity,Turbidity with Hach ratio turbidimeter Model 18900,,VMV Method,VMV Method,
TetraBDE,VMV_3221,pg/l,Tetrabromodiphenylether,Analysis of polybrominated diphenyl ethers in solids using GC-HRMS Technique Q0512D0.,Chromatography,VMV Method,VMV Method,
TetraBDE,VMV_3228,pg/l,Tetrabromodiphenylether,"Analysis of polybrominated diphenyl ethers (PBDE) in water, biological tissues, sediment and soils",Chromatography,VMV Method,VMV Method,CEAEQ Method not available.
Ti-Dis,0,µg/l,Titanium - Dissolved,,,,,Undefined Analysis Method
Ti-Dis,VMV_2725,µg/l,Titanium - Dissolved,Dissolved metals are analyzed by ICP-AES,Spectroscopy,VMV Method,VMV Method,
Ti-Dis,VMV_2728,µg/l,Titanium - Dissolved,Dissolved metals in filtered samples by inductively coupled plasma mass spectrometry (ICP-MS).,Spectroscopy,VMV Method,VMV Method,
Ti-Dis,VMV_3529,µg/l,Titanium - Dissolved,Dissolved metals by CRC-ICP-MS with in-bottle digestion and discrete sampling pneumatic nebulization,Spectroscopy,VMV Method,VMV Method,
Ti-Ext,VMV_1917,µg/l,Titanium - Extractable,Extractable metals with inductively coupled argon plasma-sector field mass spectrometer (ICP-SFMS),Spectroscopy,VMV Method,VMV Method,
Ti-Ext,VMV_2729,µg/l,Titanium - Extractable,Extractable metals in water samples by inductively coupled plasma mass spectrometry (ICP-MS).,Spectroscopy,VMV Method,VMV Method,
Ti-Ext,VMV_2817,µg/l,Titanium - Extractable,Extractable metals by inductively coupled argon plasma-mass spectrometry with pneumatic nebulization,Spectroscopy,VMV Method,VMV Method,
Ti-Ext,VMV_2841,µg/l,Titanium - Extractable,Extractable elements in acid preserved samples are analyzed by ICP-MS.,Spectroscopy,VMV Method,VMV Method,
Ti-Ext,VMV_4070,µg/l,Titanium - Extractable,Extractable metals by inductively coupled plasma-collision/reaction cell-mass spectrometry,Spectroscopy,VMV Method,VMV Method,
Ti-Tot,0,µg/l,Titanium - Total,,,,,Undefined Analysis Method
Ti-Tot,VMV_2459,µg/l,Titanium - Total,Total recoverable metals with thermal digestion and inductively coupled plasma mass spectrometry,Spectroscopy,VMV Method,VMV Method,
Ti-Tot,VMV_3528,µg/l,Titanium - Total,Total metals by CRC-ICP-MS with in-bottle digestion and discrete sampling pneumatic nebulization,Spectroscopy,VMV Method,VMV Method,
Ti-Tot,VMV_4007,µg/l,Titanium - Total,Total metals by inductively coupled plasma-mass spectrometry with in-bottle digestion,Spectroscopy,VMV Method,VMV Method,Total metals in water with in bottle digestion are analyzed by inductively coupled plasma - collision/reaction cell - mass spectrometry (ICP-CRC-MS).
Tl-Dis,0,mg/l,Thallium - Dissolved,,,,,Undefined Analysis Method
Tl-Dis,VMV_1920,µg/l,Thallium - Dissolved,Dissolved metals with in-bottle digestion using inductively coupled plasma-sector field MS,Spectroscopy,VMV Method,VMV Method,
Tl-Dis,VMV_2816,µg/l,Thallium - Dissolved,Dissolved metals by inductively coupled argon plasma/mass spectrometer with pneumatic nebulization,Spectroscopy,VMV Method,VMV Method,
Tl-Dis,VMV_3007,µg/l,Thallium - Dissolved,"Dissolved metals in water by ""in-bottle"" digestion are analyzed by ICP-MS/ICP-OES.",Spectroscopy,VMV Method,VMV Method,
Tl-Dis,VMV_3529,µg/l,Thallium - Dissolved,Dissolved metals by CRC-ICP-MS with in-bottle digestion and discrete sampling pneumatic nebulization,Spectroscopy,VMV Method,VMV Method,
Tl-Dis,VMV_3584,µg/l,Thallium - Dissolved,Dissolved metals by CRC-ICP-MS and discrete sampling pneumatic nebulization,Spectroscopy,VMV Method,VMV Method,
Tl-Tot,0,mg/l,Thallium - Total,,,,,Undefined Analysis Method
Tl-Tot,ICP-SFMS-CVD,mg/l,Thallium - Total,Inductively-Coupled Plasma Sector Field Mass Spectrometry with Closed Vessel Digestion,Spectroscopy,SM 3125 B,APHA 2012,"Closed Vessel Digestion - The whole water sample is collected, preserved with 2% H2NO3, and stored in a HDPE or Teflon bottle. The sample is digested ""in-bottle"" in a convection oven at 60°C for 16 hours. The sample is cooled and introduced to an inductively coupled argon plasma-sector field mass spectrometer (ICP-SFMS) by pneumatic nebulization. Each respective element is measured at a specific mass to charge ratio, m/z value expressed in amu (atomic mass units), and at a specified instrument resolution. LR: Low Resolution ~ 300, MR: Mid Resolution ~ 4000 and HR : High Resolution ~ 10000"
Tl-Tot,VMV_1919,µg/l,Thallium - Total,Total metals with in-bottle digestion and inductively coupled plasma-sector field mass spectrometer,Spectroscopy,VMV Method,VMV Method,
Tl-Tot,VMV_2459,µg/l,Thallium - Total,Total recoverable metals with thermal digestion and inductively coupled plasma mass spectrometry,Spectroscopy,VMV Method,VMV Method,
Tl-Tot,VMV_2960,µg/l,Thallium - Total,"Total metals in water by ""in bottle"" digestion are analyzed by ICP-MS/ICP-OES.",Spectroscopy,VMV Method,VMV Method,
Tl-Tot,VMV_3528,µg/l,Thallium - Total,Total metals by CRC-ICP-MS with in-bottle digestion and discrete sampling pneumatic nebulization,Spectroscopy,VMV Method,VMV Method,
Tl-Tot,VMV_3583,µg/l,Thallium - Total,Total metals by CRC-ICP-MS and discrete sampling pneumatic nebulization,Spectroscopy,VMV Method,VMV Method,
Tl-Tot,VMV_4007,µg/l,Thallium - Total,Total metals by inductively coupled plasma-mass spectrometry with in-bottle digestion,Spectroscopy,VMV Method,VMV Method,Total metals in water with in bottle digestion are analyzed by inductively coupled plasma - collision/reaction cell - mass spectrometry (ICP-CRC-MS).
U-Dis,0,mg/l,Uranium - Dissolved,,,,,Undefined Analysis Method
U-Dis,VMV_1920,µg/l,Uranium - Dissolved,Dissolved metals with in-bottle digestion using inductively coupled plasma-sector field MS,Spectroscopy,VMV Method,VMV Method,
U-Dis,VMV_2816,µg/l,Uranium - Dissolved,Dissolved metals by inductively coupled argon plasma/mass spectrometer with pneumatic nebulization,Spectroscopy,VMV Method,VMV Method,
U-Dis,VMV_3007,µg/l,Uranium - Dissolved,"Dissolved metals in water by ""in-bottle"" digestion are analyzed by ICP-MS/ICP-OES.",Spectroscopy,VMV Method,VMV Method,
U-Dis,VMV_3529,µg/l,Uranium - Dissolved,Dissolved metals by CRC-ICP-MS with in-bottle digestion and discrete sampling pneumatic nebulization,Spectroscopy,VMV Method,VMV Method,
U-Dis,VMV_3584,µg/l,Uranium - Dissolved,Dissolved metals by CRC-ICP-MS and discrete sampling pneumatic nebulization,Spectroscopy,VMV Method,VMV Method,
U-Ext,VMV_1917,µg/l,Uranium - Extractable,Extractable metals with inductively coupled argon plasma-sector field mass spectrometer (ICP-SFMS),Spectroscopy,VMV Method,VMV Method,
U-Ext,VMV_2729,µg/l,Uranium - Extractable,Extractable metals in water samples by inductively coupled plasma mass spectrometry (ICP-MS).,Spectroscopy,VMV Method,VMV Method,
U-Ext,VMV_2817,µg/l,Uranium - Extractable,Extractable metals by inductively coupled argon plasma-mass spectrometry with pneumatic nebulization,Spectroscopy,VMV Method,VMV Method,
U-Ext,VMV_4070,µg/l,Uranium - Extractable,Extractable metals by inductively coupled plasma-collision/reaction cell-mass spectrometry,Spectroscopy,VMV Method,VMV Method,
U-Tot,0,mg/l,Uranium - Total,,,,,Undefined Analysis Method
U-Tot,VMV_1919,µg/l,Uranium - Total,Total metals with in-bottle digestion and inductively coupled plasma-sector field mass spectrometer,Spectroscopy,VMV Method,VMV Method,
U-Tot,VMV_2459,µg/l,Uranium - Total,Total recoverable metals with thermal digestion and inductively coupled plasma mass spectrometry,Spectroscopy,VMV Method,VMV Method,
U-Tot,VMV_2960,µg/l,Uranium - Total,"Total metals in water by ""in bottle"" digestion are analyzed by ICP-MS/ICP-OES.",Spectroscopy,VMV Method,VMV Method,
U-Tot,VMV_3528,µg/l,Uranium - Total,Total metals by CRC-ICP-MS with in-bottle digestion and discrete sampling pneumatic nebulization,Spectroscopy,VMV Method,VMV Method,
U-Tot,VMV_3583,µg/l,Uranium - Total,Total metals by CRC-ICP-MS and discrete sampling pneumatic nebulization,Spectroscopy,VMV Method,VMV Method,
U-Tot,VMV_4007,µg/l,Uranium - Total,Total metals by inductively coupled plasma-mass spectrometry with in-bottle digestion,Spectroscopy,VMV Method,VMV Method,Total metals in water with in bottle digestion are analyzed by inductively coupled plasma - collision/reaction cell - mass spectrometry (ICP-CRC-MS).
V-Dis,0,mg/l,Vanadium - Dissolved,,,,,Undefined Analysis Method
V-Dis,VMV_1920,µg/l,Vanadium - Dissolved,Dissolved metals with in-bottle digestion using inductively coupled plasma-sector field MS,Spectroscopy,VMV Method,VMV Method,
V-Dis,VMV_2632,mg/l,Vanadium - Dissolved,Dissolved metals by inductively coupled argon plasma emission spectrometry with external nebulizer,Spectroscopy,VMV Method,VMV Method,
V-Dis,VMV_2633,mg/l,Vanadium - Dissolved,Dissolved metals by ICP argon plasma emission spectrometry with standard spray chamber,Spectroscopy,VMV Method,VMV Method,
V-Dis,VMV_2725,µg/l,Vanadium - Dissolved,Dissolved metals are analyzed by ICP-AES,Spectroscopy,VMV Method,VMV Method,
V-Dis,VMV_2816,µg/l,Vanadium - Dissolved,Dissolved metals by inductively coupled argon plasma/mass spectrometer with pneumatic nebulization,Spectroscopy,VMV Method,VMV Method,
V-Dis,VMV_3007,µg/l,Vanadium - Dissolved,"Dissolved metals in water by ""in-bottle"" digestion are analyzed by ICP-MS/ICP-OES.",Spectroscopy,VMV Method,VMV Method,
V-Dis,VMV_3017,µg/l,Vanadium - Dissolved,Dissolved metals by inductively coupled argon plasma-mass spectrometry technique (ICP-MS).,Spectroscopy,VMV Method,VMV Method,
V-Dis,VMV_3529,µg/l,Vanadium - Dissolved,Dissolved metals by CRC-ICP-MS with in-bottle digestion and discrete sampling pneumatic nebulization,Spectroscopy,VMV Method,VMV Method,
V-Dis,VMV_3584,µg/l,Vanadium - Dissolved,Dissolved metals by CRC-ICP-MS and discrete sampling pneumatic nebulization,Spectroscopy,VMV Method,VMV Method,
V-Dis,VMV_3744,µg/l,Vanadium - Dissolved,Analysis of dissolved metals is done by inductively coupled argon plasma mass spectrometry (ICP-MS).,Spectroscopy,VMV Method,VMV Method,
V-Ext,VMV_1917,µg/l,Vanadium - Extractable,Extractable metals with inductively coupled argon plasma-sector field mass spectrometer (ICP-SFMS),Spectroscopy,VMV Method,VMV Method,
V-Ext,VMV_2628,µg/l,Vanadium - Extractable,Extractable metals by inductively coupled argon plasma (ICAP) emission.,Spectroscopy,VMV Method,VMV Method,
V-Ext,VMV_2817,µg/l,Vanadium - Extractable,Extractable metals by inductively coupled argon plasma-mass spectrometry with pneumatic nebulization,Spectroscopy,VMV Method,VMV Method,
V-Ext,VMV_2841,µg/l,Vanadium - Extractable,Extractable elements in acid preserved samples are analyzed by ICP-MS.,Spectroscopy,VMV Method,VMV Method,
V-Ext,VMV_4070,µg/l,Vanadium - Extractable,Extractable metals by inductively coupled plasma-collision/reaction cell-mass spectrometry,Spectroscopy,VMV Method,VMV Method,
V-Tot,0,mg/l,Vanadium - Total,,,,,Undefined Analysis Method
V-Tot,ICP-AES-Dgs,mg/l,Vanadium - Total,Inductively Coupled Plasma (ICP) Method (Total Metals after Rigorous Digestion),Spectroscopy,SM 3120 B,APHA 2012,"Preconcentration by evaporation to near dryness with HNO3 or aqua regia (HNO3/HCl ratio v/v: 1to 3). Residue is taken up with HCl, and digested to near dryness, then brought to one-fifth or one-tenth original volume with deionized water. Digest is filtered through 0.4 um membrane before analysis."
V-Tot,ICP-AES-Xtr,mg/l,Vanadium - Total,Inductively Coupled Plasma (ICP) Method (Extractable/Recoverable Metals),Spectroscopy,"SM 3120 B, 3030 C",APHA 2012,"A sample is preserved in the field with nitric acid. The sample aliquot is digested in nitric acid or aqua regia, concentrated appropriately, and aspirated from an autosampler. The emission is measured at 231.6 nm [Japan uses 238.204nm] and compared to identically-prepared standard and blank solutions."
V-Tot,ICP-SFMS-CVD,mg/l,Vanadium - Total,Inductively-Coupled Plasma Sector Field Mass Spectrometry with Closed Vessel Digestion,Spectroscopy,SM 3125 B,APHA 2012,"Closed Vessel Digestion - The whole water sample is collected, preserved with 2% H2NO3, and stored in a HDPE or Teflon bottle. The sample is digested ""in-bottle"" in a convection oven at 60°C for 16 hours. The sample is cooled and introduced to an inductively coupled argon plasma-sector field mass spectrometer (ICP-SFMS) by pneumatic nebulization. Each respective element is measured at a specific mass to charge ratio, m/z value expressed in amu (atomic mass units), and at a specified instrument resolution. LR: Low Resolution ~ 300, MR: Mid Resolution ~ 4000 and HR : High Resolution ~ 10000"
V-Tot,VMV_1919,µg/l,Vanadium - Total,Total metals with in-bottle digestion and inductively coupled plasma-sector field mass spectrometer,Spectroscopy,VMV Method,VMV Method,
V-Tot,VMV_2459,µg/l,Vanadium - Total,Total recoverable metals with thermal digestion and inductively coupled plasma mass spectrometry,Spectroscopy,VMV Method,VMV Method,
V-Tot,VMV_2631,mg/l,Vanadium - Total,Total metals by inductively coupled argon plasma emission spectrometry with standard spray chamber,Spectroscopy,VMV Method,VMV Method,
V-Tot,VMV_2634,mg/l,Vanadium - Total,Total metals by inductively coupled argon plasma emission spectrometry with external nebulizer.,Spectroscopy,VMV Method,VMV Method,
V-Tot,VMV_2960,µg/l,Vanadium - Total,"Total metals in water by ""in bottle"" digestion are analyzed by ICP-MS/ICP-OES.",Spectroscopy,VMV Method,VMV Method,
V-Tot,VMV_3528,µg/l,Vanadium - Total,Total metals by CRC-ICP-MS with in-bottle digestion and discrete sampling pneumatic nebulization,Spectroscopy,VMV Method,VMV Method,
V-Tot,VMV_3583,µg/l,Vanadium - Total,Total metals by CRC-ICP-MS and discrete sampling pneumatic nebulization,Spectroscopy,VMV Method,VMV Method,
V-Tot,VMV_375,µg/l,Vanadium - Total,Total metals in water by ICP-MS,Spectroscopy,VMV Method,VMV Method,
V-Tot,VMV_4007,µg/l,Vanadium - Total,Total metals by inductively coupled plasma-mass spectrometry with in-bottle digestion,Spectroscopy,VMV Method,VMV Method,Total metals in water with in bottle digestion are analyzed by inductively coupled plasma - collision/reaction cell - mass spectrometry (ICP-CRC-MS).
VCM,0,µg/l,Chloroethene,,,,,Undefined Analysis Method
VDS,0,mg/l,Volatile Dissolved Solids,,,,,Undefined Analysis Method
VS,0,mg/l,Volatile Solids,,,,,Undefined Analysis Method
VSS,0,mg/l,Volatile Suspended Solids,,,,,Undefined Analysis Method
W-Dis,0,mg/l,Tungsten - Dissolved,,,,,Undefined Analysis Method
W-Dis,VMV_1920,µg/l,Tungsten - Dissolved,Dissolved metals with in-bottle digestion using inductively coupled plasma-sector field MS,Spectroscopy,VMV Method,VMV Method,
W-Dis,VMV_3007,µg/l,Tungsten - Dissolved,"Dissolved metals in water by ""in-bottle"" digestion are analyzed by ICP-MS/ICP-OES.",Spectroscopy,VMV Method,VMV Method,
W-Dis,VMV_3529,µg/l,Tungsten - Dissolved,Dissolved metals by CRC-ICP-MS with in-bottle digestion and discrete sampling pneumatic nebulization,Spectroscopy,VMV Method,VMV Method,
W-Dis,VMV_3584,µg/l,Tungsten - Dissolved,Dissolved metals by CRC-ICP-MS and discrete sampling pneumatic nebulization,Spectroscopy,VMV Method,VMV Method,
W-Ext,0,mg/l,Tungsten - Extractable,,,,,Undefined Analysis Method
W-Ext,VMV_1917,µg/l,Tungsten - Extractable,Extractable metals with inductively coupled argon plasma-sector field mass spectrometer (ICP-SFMS),Spectroscopy,VMV Method,VMV Method,
W-Tot,VMV_1919,µg/l,Tungsten - Total,Total metals with in-bottle digestion and inductively coupled plasma-sector field mass spectrometer,Spectroscopy,VMV Method,VMV Method,
W-Tot,VMV_3006,µg/l,Tungsten - Total,"Total metals in water by ""in-bottle"" digestion are analyzed by ICP-MS/ICP-OES.",Spectroscopy,VMV Method,VMV Method,
W-Tot,VMV_3528,µg/l,Tungsten - Total,Total metals by CRC-ICP-MS with in-bottle digestion and discrete sampling pneumatic nebulization,Spectroscopy,VMV Method,VMV Method,
W-Tot,VMV_3583,µg/l,Tungsten - Total,Total metals by CRC-ICP-MS and discrete sampling pneumatic nebulization,Spectroscopy,VMV Method,VMV Method,
XYLTOT,0,µg/l,Sum of Xylenes,,,,,Undefined Analysis Method
XYLTOT,VMV_3653,µg/l,Sum of Xylenes,Canada wide standards for petroleum hydrocarbons in soil determined by GC/FID and GC/MS,Chromatography,VMV Method,VMV Method,
Y-Dis,VMV_1920,µg/l,Yttrium - Dissolved,Dissolved metals with in-bottle digestion using inductively coupled plasma-sector field MS,Spectroscopy,VMV Method,VMV Method,
Y-Dis,VMV_3007,µg/l,Yttrium - Dissolved,"Dissolved metals in water by ""in-bottle"" digestion are analyzed by ICP-MS/ICP-OES.",Spectroscopy,VMV Method,VMV Method,
Y-Dis,VMV_3529,µg/l,Yttrium - Dissolved,Dissolved metals by CRC-ICP-MS with in-bottle digestion and discrete sampling pneumatic nebulization,Spectroscopy,VMV Method,VMV Method,
Y-Dis,VMV_3584,µg/l,Yttrium - Dissolved,Dissolved metals by CRC-ICP-MS and discrete sampling pneumatic nebulization,Spectroscopy,VMV Method,VMV Method,
Y-Ext,VMV_1917,µg/l,Yttrium - Extractable,Extractable metals with inductively coupled argon plasma-sector field mass spectrometer (ICP-SFMS),Spectroscopy,VMV Method,VMV Method,
Y-Tot,VMV_1919,µg/l,Yttrium - Total,Total metals with in-bottle digestion and inductively coupled plasma-sector field mass spectrometer,Spectroscopy,VMV Method,VMV Method,
Y-Tot,VMV_3006,µg/l,Yttrium - Total,"Total metals in water by ""in-bottle"" digestion are analyzed by ICP-MS/ICP-OES.",Spectroscopy,VMV Method,VMV Method,
Y-Tot,VMV_3528,µg/l,Yttrium - Total,Total metals by CRC-ICP-MS with in-bottle digestion and discrete sampling pneumatic nebulization,Spectroscopy,VMV Method,VMV Method,
Y-Tot,VMV_3583,µg/l,Yttrium - Total,Total metals by CRC-ICP-MS and discrete sampling pneumatic nebulization,Spectroscopy,VMV Method,VMV Method,
Zn-Dis,0,mg/l,Zinc - Dissolved,,,,,Undefined Analysis Method
Zn-Dis,FAAS-APr-D,mg/l,Zinc - Dissolved,Direct Air-Propane Flame Atomic Absorption Spectrometry,Spectroscopy,SM 3111 B,APHA 2012,"A sample is filtered in the field through a 0.45 µm membrane filter and preserved with nitric acid. The sample aliquot is aspirated and the absorbance is measured spectrometrically at 213.8 nm and compared to identically-prepared standard and blank solutions, using an air-propane oxidizing flame."
Zn-Dis,ICP-AES,mg/l,Zinc - Dissolved,Inductively Coupled Plasma (ICP) Method,Spectroscopy,SM 3120 B,APHA 2012,A sample is filtered in the field through a 0.45 µm membrane filter and preserved with nitric acid. The sample aliquot is aspirated and the emission is measured at 213.8 nm and compared to identically-prepared standard and blank solutions.
Zn-Dis,ICP-MS,mg/l,Zinc - Dissolved,Inductively-Coupled Plasma Mass Spectrometry,Spectroscopy,SM 3125 B,APHA 2012,"A sample is filtered in the field through a 0.45 µm membrane filter and preserved with nitric acid. The sample aliquot is aspirated into an argon-based, high temperature radio frequency plasma. The sample is dissolved, atomised and ionised. These ions are extracted from the plasma through a vacuum interface and separated on the basis of their mass to charge ratio by a mass spectrometer. The ions are counted by an electron multiplier detector and the resulting information processed by a computer database system and compared to identically-prepared standard and blank solutions."
Zn-Dis,VMV_1920,µg/l,Zinc - Dissolved,Dissolved metals with in-bottle digestion using inductively coupled plasma-sector field MS,Spectroscopy,VMV Method,VMV Method,
Zn-Dis,VMV_2632,mg/l,Zinc - Dissolved,Dissolved metals by inductively coupled argon plasma emission spectrometry with external nebulizer,Spectroscopy,VMV Method,VMV Method,
Zn-Dis,VMV_2633,mg/l,Zinc - Dissolved,Dissolved metals by ICP argon plasma emission spectrometry with standard spray chamber,Spectroscopy,VMV Method,VMV Method,
Zn-Dis,VMV_2725,µg/l,Zinc - Dissolved,Dissolved metals are analyzed by ICP-AES,Spectroscopy,VMV Method,VMV Method,
Zn-Dis,VMV_2816,µg/l,Zinc - Dissolved,Dissolved metals by inductively coupled argon plasma/mass spectrometer with pneumatic nebulization,Spectroscopy,VMV Method,VMV Method,
Zn-Dis,VMV_3007,µg/l,Zinc - Dissolved,"Dissolved metals in water by ""in-bottle"" digestion are analyzed by ICP-MS/ICP-OES.",Spectroscopy,VMV Method,VMV Method,
Zn-Dis,VMV_3017,µg/l,Zinc - Dissolved,Dissolved metals by inductively coupled argon plasma-mass spectrometry technique (ICP-MS).,Spectroscopy,VMV Method,VMV Method,
Zn-Dis,VMV_3529,µg/l,Zinc - Dissolved,Dissolved metals by CRC-ICP-MS with in-bottle digestion and discrete sampling pneumatic nebulization,Spectroscopy,VMV Method,VMV Method,
Zn-Dis,VMV_3584,µg/l,Zinc - Dissolved,Dissolved metals by CRC-ICP-MS and discrete sampling pneumatic nebulization,Spectroscopy,VMV Method,VMV Method,
Zn-Dis,VMV_3744,µg/l,Zinc - Dissolved,Analysis of dissolved metals is done by inductively coupled argon plasma mass spectrometry (ICP-MS).,Spectroscopy,VMV Method,VMV Method,
Zn-Ext,FAAS-AAc-D,mg/l,Zinc - Extractable,Direct Air-Acetylene Flame Atomic Absorption Spectrometry,Spectroscopy,SM 3111 B,APHA 2012,"The whole water sample is acidified with dilute mineral acid (0.2% HNO3), shaken, left to stand overnight and analyzed by direct aspiration AAS. The absorbance is measured spectrophotometrically at wavelength 213.8 nm, and compared with those of standard solutions."
Zn-Ext,FAAS-AAc-E,mg/l,Zinc - Extractable,Extraction/Air-Acetylene Flame Atomic Absorption Spectrometry,Spectroscopy,SM 3111 C,APHA 2012,"The whole water sample is acidified with dilute mineral acid (0.2% HNO3), shaken, left to stand overnight. The pH of an aliquot of this solution is adjusted to 4.75 with a buffer solution. Ammonium pyrrolidine dithiocarbamate (APDC) solution is added to the aliquot, which is then extracted with methyl isobutyl ketone (MIBK). The absorbance is measured spectrophotometrically at a wavelength of 213.8 nm and compared with those of identically prepared standards. An acetylene-air oxidizing flame is used."
Zn-Ext,VMV_1917,µg/l,Zinc - Extractable,Extractable metals with inductively coupled argon plasma-sector field mass spectrometer (ICP-SFMS),Spectroscopy,VMV Method,VMV Method,
Zn-Ext,VMV_2628,µg/l,Zinc - Extractable,Extractable metals by inductively coupled argon plasma (ICAP) emission.,Spectroscopy,VMV Method,VMV Method,
Zn-Ext,VMV_2817,µg/l,Zinc - Extractable,Extractable metals by inductively coupled argon plasma-mass spectrometry with pneumatic nebulization,Spectroscopy,VMV Method,VMV Method,
Zn-Ext,VMV_2841,µg/l,Zinc - Extractable,Extractable elements in acid preserved samples are analyzed by ICP-MS.,Spectroscopy,VMV Method,VMV Method,
Zn-Ext,VMV_4070,µg/l,Zinc - Extractable,Extractable metals by inductively coupled plasma-collision/reaction cell-mass spectrometry,Spectroscopy,VMV Method,VMV Method,
Zn-Sus,FAAS-APr-D-NA,µg/g,Zinc - Suspended,Direct Air-Propane Flame Atomic Absorption Spectrometry with HNO3 Digestion,Spectroscopy,SM 3111 B,APHA 2012,"A sample is filtered through a 0.45 µm membrane filter. The filter, containing the residue, is digested in nitric acid. The resulting solution is then aspirated and the absorbance is measured spectrometrically at 213.8 nm and compared to identically-prepared standard and blank solutions, using an air-propane oxidizing flame."
Zn-Sus,VMV_3020,µg/g,Zinc - Suspended,"Analysis of major, minor and trace metal elements in the particulate phase of natural waters VMV3020",Spectroscopy,VMV Method,VMV Method,
Zn-Tot,0,mg/l,Zinc - Total,,,,,Undefined Analysis Method
Zn-Tot,FAAS-AAc-E-NA,mg/l,Zinc - Total,Extraction/Air-Acetylene Flame Atomic Absorption Spectrometry with HNO3 digestion,Spectroscopy,SM 3111 C,APHA 2012,"A sample is preserved in the field with nitric acid. The sample aliquot is digested in nitric acid. The pH of the digest is adjusted to 4.75 with a buffer solution. Ammonium pyrrolidine dithiocarbamate (APDC) solution is added to the digest then extracted with a methyl isobutyl ketone (MIBK) solution. The solvent layer (See Appendix 5) is aspirated at the wavelength of 213.8 nm and compared to identically-prepared standard and blank solutions, using an air-acetylene oxidizing flame."
Zn-Tot,FAAS-APr-D-NA,mg/l,Zinc - Total,Direct Air-Propane Flame Atomic Absorption Spectrometry with HNO3 Digestion,Spectroscopy,SM 3111 B,APHA 2012,"A sample is preserved in the field with nitric acid. The sample aliquot is digested in nitric acid. The digest is aspirated and the absorbance is measured spectrometrically at 213.8 nm and compared to identically-prepared standard and blank solutions, using an air-propane oxidizing flame."
Zn-Tot,ICP-AES-Dgs,mg/l,Zinc - Total,Inductively Coupled Plasma (ICP) Method (Total Metals after Rigorous Digestion),Spectroscopy,SM 3120 B,APHA 2012,A sample is preserved in the field with diluted mineral acid. The sample aliquot is digested in aqua regia and evaporated to near dryness. The residue is dissolved in concentrated HCl and diluted to one-fifth of the aliquot original volume. The emission is measured spectrometrically at 213.8 nm and compared to identically-prepared standard and blank solutions.
Zn-Tot,ICP-AES-Xtr,mg/l,Zinc - Total,Inductively Coupled Plasma (ICP) Method (Extractable/Recoverable Metals),Spectroscopy,"SM 3120 B, 3030 C",APHA 2012,"A sample is preserved in the field with nitric acid. The sample aliquot is digested in nitric acid or aqua regia, concentrated appropriately, and aspirated from an autosampler. The emission is measured at 213.8 nm and compared to identically-prepared standard and blank solutions."
Zn-Tot,ICP-MS,mg/l,Zinc - Total,Inductively-Coupled Plasma Mass Spectrometry,Spectroscopy,SM 3125 B,APHA 2012,"A sample is preserved in the field with nitric acid. The sample aliquot is aspirated into an argon-based, high temperature radio frequency plasma. The sample is dissolved, atomised and ionised. These ions are extracted from the plasma through a vacuum interface and separated on the basis of their mass to charge ratio by a mass spectrometer. The ions are counted by an electron multiplier detector and the resulting information processed by a computer database system and compared to identically-prepared standard and blank solutions."
Zn-Tot,ICP-SFMS-CVD,mg/l,Zinc - Total,Inductively-Coupled Plasma Sector Field Mass Spectrometry with Closed Vessel Digestion,Spectroscopy,SM 3125 B,APHA 2012,"Closed Vessel Digestion - The whole water sample is collected, preserved with 2% H2NO3, and stored in a HDPE or Teflon bottle. The sample is digested ""in-bottle"" in a convection oven at 60°C for 16 hours. The sample is cooled and introduced to an inductively coupled argon plasma-sector field mass spectrometer (ICP-SFMS) by pneumatic nebulization. Each respective element is measured at a specific mass to charge ratio, m/z value expressed in amu (atomic mass units), and at a specified instrument resolution. LR: Low Resolution ~ 300, MR: Mid Resolution ~ 4000 and HR : High Resolution ~ 10000"
Zn-Tot,VMV_1919,µg/l,Zinc - Total,Total metals with in-bottle digestion and inductively coupled plasma-sector field mass spectrometer,Spectroscopy,VMV Method,VMV Method,
Zn-Tot,VMV_2459,µg/l,Zinc - Total,Total recoverable metals with thermal digestion and inductively coupled plasma mass spectrometry,Spectroscopy,VMV Method,VMV Method,
Zn-Tot,VMV_2631,mg/l,Zinc - Total,Total metals by inductively coupled argon plasma emission spectrometry with standard spray chamber,Spectroscopy,VMV Method,VMV Method,
Zn-Tot,VMV_2634,mg/l,Zinc - Total,Total metals by inductively coupled argon plasma emission spectrometry with external nebulizer.,Spectroscopy,VMV Method,VMV Method,
Zn-Tot,VMV_2960,µg/l,Zinc - Total,"Total metals in water by ""in bottle"" digestion are analyzed by ICP-MS/ICP-OES.",Spectroscopy,VMV Method,VMV Method,
Zn-Tot,VMV_3528,µg/l,Zinc - Total,Total metals by CRC-ICP-MS with in-bottle digestion and discrete sampling pneumatic nebulization,Spectroscopy,VMV Method,VMV Method,
Zn-Tot,VMV_3583,µg/l,Zinc - Total,Total metals by CRC-ICP-MS and discrete sampling pneumatic nebulization,Spectroscopy,VMV Method,VMV Method,
Zn-Tot,VMV_375,µg/l,Zinc - Total,Total metals in water by ICP-MS,Spectroscopy,VMV Method,VMV Method,
Zn-Tot,VMV_4007,µg/l,Zinc - Total,Total metals by inductively coupled plasma-mass spectrometry with in-bottle digestion,Spectroscopy,VMV Method,VMV Method,Total metals in water with in bottle digestion are analyzed by inductively coupled plasma - collision/reaction cell - mass spectrometry (ICP-CRC-MS).
Zn-Tot,Zn-COL-DTZ,mg/l,Zinc - Total,Dithizone Method (Zn),Colorimetry,SM 3500-Zn D,APHA 1995,"A sample is preserved in the field with nitric acid. The sample aliquot is evaporated to dryness to remove the excess acid and brought back to volume. The aliquot is then reacted with diphenylthiocarbazone (dithizone) to produce a coloured complex. The complex is extracted with an organic solvent (carbon tetrachloride) and most interferences are overcome by adjusting the pH between 4.0 and 5.5 and adding sufficient sodium thiosulphate (which tends to slow the coloured reaction). The sample, and the standard and blank solutions must be identically-prepared and the pH kept constant. The absorbance is read at 535 nm in a path light of 2 cm or longer. Interferences: Many metals could interfere with this reaction without the complexion by sodium thiosulphate and pH adjustment. This reaction is extremely sensitive and the glassware used should be dedicated to zinc analysis only. Dithizone and dithizonates decompose in strong light: perform analysis in subdued lighting"
cis-DCE,0,µg/l,"cis-1,2-Dichloroethene",,,,,Undefined Analysis Method
pH,0,,pH,,,,,Undefined Analysis Method
pH,VMV_10071,,pH,BC MELP EMS Code: 5065,,VMV Method,VMV Method,
pH,VMV_10253,,pH,BC MELP EMS Code: X330,,VMV Method,VMV Method,
pH,VMV_3032,,pH,Determination of pH using the technique with electrode combined with glass and temperature probe.,Electrochemical Analysis,VMV Method,VMV Method,
pH,VMV_314,,pH,pH by meter (automated),Electrochemical Analysis,VMV Method,VMV Method,
pH,VMV_3620,,pH,Field measurements are made using a multi-sonde.,Electrochemical Analysis,VMV Method,VMV Method,
pH,VMV_389,,pH,pH - electrometric method,Electrochemical Analysis,VMV Method,VMV Method,
pH,VMV_394,,pH,Calculated method for the determination of pH theoretical percentage error,Calculation,VMV Method,VMV Method,
pH,pH-POT,,pH,Electrometric Method,Electrochemical Analysis,SM 4500-H+ B,APHA 2012,"The pH meter, with a glass combination electrode and automatic temperature compensation probe, is calibrated with buffers at pH 4.7 and 10 at 25°C. The pH and temperature values of the sample aliquot are recorded upon reading. The precision is within 0.1 pH units."
pH,pH-POT-25,,pH,Electrometric Method (25°C),Electrochemical Analysis,EN 10527,ISO 1996,"The temperature of a sample is stabilised at 25°C. A calibrated glass electrode in combination with a reference potential, provided by a saturated calomel (Hg2Cl2) electrode, is used for pH determination. The sample aliquot is read at 25°C.

The precision is within 0.1 pH units."
pH,pH-POT-insitu,,pH,Electrometric Method (in situ),Electrochemical Analysis,SM 4500-H+ B,APHA 2012,"ph Meter, (field measurement)"
trans-DCE,0,µg/l,"trans-1,2-Dichloroethene",,,,,Undefined Analysis Method
