Org_Identifier,Org_FormalName,Project_Identifier,Project_Name,Project_QAPPApproved,Project_QAPPApprovalAgency,ProjectAttachment_FileName,ProjectAttachment_FileType,Location_Identifier,Location_Name,Location_Type,Location_Description,Location_State,Location_CountryName,Location_CountyName,Location_CountryCode,Location_StatePostalCode,Location_CountyCode,Location_HUCEightDigitCode,Location_HUCTwelveDigitCode,Location_TribalLandIndicator,Location_TribalLand,Location_Latitude,Location_Longitude,Location_HorzCoordReferenceSystemDatum,Location_LatitudeStandardized,Location_LongitudeStandardized,Location_HorzCoordStandardizedDatum,AlternateLocation_IdentifierCount,Activity_ActivityIdentifier,Activity_ActivityIdentifierUserSupplied,Activity_TypeCode,Activity_Media,Activity_MediaSubdivision,Activity_BottomDepthSamplingComponent,ActivityBiological_AssemblageSampled,ActivityBiological_ToxicityTestType,Activity_ConductingOrganization,Activity_Comment,ActivityLocation_Latitude,ActivityLocation_Longitude,ActivityLocation_HorzCoordReferenceSystemDatum,ActivityLocation_SourceMapScale,ActivityLocation_LatitudeStandardized,ActivityLocation_LongitudeStandardized,ActivityLocation_HorzCoordStandardizedDatum,ActivityLocation_HorzAccuracyMeasure,ActivityLocation_HorzAccuracyMeasureUnit,ActivityLocation_HorizontalAccuracyHorzCollectionMethod,ActivityLocation_Description,Activity_StartDate,Activity_StartTime,Activity_StartTimeZone,Activity_EndDate,Activity_EndTime,Activity_EndTimeZone,Activity_DepthHeightMeasure,Activity_DepthHeightMeasureUnit,Activity_BottomDepthAltitudeReferencePoint,Activity_ActivityRelativeDepth,Activity_TopDepthMeasure,Activity_TopDepthMeasureUnit,Activity_BottomDepthMeasure,Activity_BottomDepthMeasureUnit,SampleCollectionMethod_Identifier,SampleCollectionMethod_IdentifierContext,SampleCollectionMethod_Name,SampleCollectionMethod_QualifierTypeName,SampleCollectionMethod_Description,SampleCollectionMethod_EquipmentName,SampleCollectionMethod_EquipmentComment,SamplePrepMethod_Identifier,SamplePrepMethod_IdentifierContext,SamplePrepMethod_Name,SamplePrepMethod_QualifierType,SamplePrepMethod_Description,SamplePrepMethod_ContainerLabel,SamplePrepMethod_ContainerType,SamplePrepMethod_ContainerColor,SamplePrepMethod_ChemicalPreservativeUsed,SamplePrepMethod_ThermalPreservativeUsed,SamplePrepMethod_TransportStorageDescription,Activity_HydrologicCondition,Activity_HydrologicEvent,ActivityAttachment_FileName,ActivityAttachment_FileType,ActivityAttachment_FileDownload,Result_DataLoggerLine,Result_ResultDetectionCondition,Result_Characteristic,Result_CharacteristicUserSupplied,Result_CASNumber,Result_MethodSpeciation,Result_SampleFraction,ResultBiological_Intent,ResultBiological_IndividualIdentifier,ResultBiological_Taxon,ResultBiological_TaxonUserSupplied,ResultBiological_TaxonUserSuppliedReference,ResultBiological_UnidentifiedSpeciesIdentifier,ResultBiological_SampleTissueAnatomy,ResultBiological_GroupSummaryCount,GroupSummaryWeight_Measure,GroupSummaryWeight_MeasureUnit,ResultDepthHeight_Measure,ResultDepthHeight_MeasureUnit,ResultDepthHeight_AltitudeReferencePoint,ResultDepthHeight_SamplingPointName,ResultDepthHeight_SamplingPointType,ResultDepthHeight_SamplingPointPlaceInSeries,ResultDepthHeight_SamplingPointComment,ResultDepthHeight_RecordIdentifierUserSupplied,Result_MeasureIdentifier,Result_Measure,Result_MeasureUnit,Result_MeasureQualifierCode,Result_MeasureStatusIdentifier,Result_StatisticalBase,Result_StatisticalNValue,Result_MeasureType,Result_WeightBasis,Result_TimeBasis,Result_MeasureTemperatureBasis,Result_MeasureParticleSizeBasis,DataQuality_PrecisionValue,DataQuality_BiasValue,DataQuality_ConfidenceIntervalValue,DataQuality_UpperConfidenceLimitValue,DataQuality_LowerConfidenceLimitValue,DataQuality_ResultComment,DetectionLimit_TypeA,DetectionLimit_MeasureA,DetectionLimit_MeasureUnitA,DetectionLimit_CommentA,DetectionLimit_TypeB,DetectionLimit_MeasureB,DetectionLimit_MeasureUnitB,DetectionLimit_CommentB,LabInfo_LabSampleSplitRatio,LabInfo_LabAccreditationIndicator,LabInfo_LabAccreditationAuthority,LabInfo_TaxonAccreditationIndicator,LabInfo_TaxonAccreditationAuthority,ResultAnalyticalMethod_Identifier,ResultAnalyticalMethod_IdentifierContext,ResultAnalyticalMethod_Name,ResultAnalyticalMethod_QualifierType,ResultAnalyticalMethod_Description,Result_ComparableMethodIdentifier,Result_ComparableMethodIdentifierContext,Result_ComparableMethodModification,LabInfo_Name,LabInfo_AnalysisStartDate,LabInfo_AnalysisStartTime,LabInfo_AnalysisStartTimeZone,LabInfo_AnalysisEndDate,LabInfo_AnalysisEndTime,LabInfo_AnalysisEndTimeZone,LabInfo_LaboratoryComment,LabSamplePrepMethod_Identifier,LabSamplePrepMethod_IdentifierContext,LabSamplePrepMethod_Name,LabSamplePrepMethod_QualifierType,LabSamplePrepMethod_Description,LabSamplePrepMethod_StartDate,LabSamplePrepMethod_StartTime,LabSamplePrepMethod_StartTimeZone,LabSamplePrepMethod_EndDate,LabSamplePrepMethod_EndTime,LabSamplePrepMethod_EndTimeZone,LabSamplePrepMethod_DilutionFactor,ResultAttachment_FileName,ResultAttachment_FileType,ResultAttachment_FileDownload,ProviderName,Result_CharacteristicComparable,Result_CharacteristicGroup,Org_Type,LastChangeDate,USGSpcode,USGSSampleAquifer
USGS,U.S. Geological Survey,"[""USGS"",""WQNPFAS19""]",,,,,,USGS-01547980,"Beech Creek at Beech Creek, PA",Stream,,Pennsylvania,United States of America,Centre County,US,PA,,02050204,020502040205,,,41.0747875105012,-77.5913805642619,NAD83,41.0747875105012,-77.5913805642619,NAD83,,5f746668-ccd0-4aef-b35f-a231fd6158bc,,Sample-Routine,Water,Surface water,,,,U.S. Geological Survey-Water Resources Discipline,,,,,,,,,,,,,2019-09-10,10:45:00,EDT,,,,,,,,,,,,40,USDOI/USGS,Multiple verticals,,Depth-integrated: Multiple verticals,,,,,,,,,,,,,,"Stable, normal stage",Routine sample,,,,,Not Detected,Lead,"Lead, water, unfiltered, recoverable",7439-92-1,,Unfiltered,,,,,,,,,,,,,,,,,,,932b6377-d423-4f86-a6b2-62922503c2e8,,,,Accepted,,,Actual,,,,,,,,,,,Censoring Level,1.00,ug/L,Quantitation limit value associated with a < or > legacy remark code in USGS source data,,,,,,,,,,PLM82,USDOI/USGS,"Trace elements, wu, ICP-MS (PA)",,DESCRIPTION: Trace elements in unfiltered water by inductively coupled plasma-mass spectrometry (EPA 200.8; PA WSC; PA-DEP); CITATION(S): USEPA | 200.8,,,,Pennsylvania Department of Environmental Protection,,,,,,,,,,,,,,,,,,,,,,,USGS,,"Inorganics, Minor, Metals",Federal/US Government,2026-07-21,01051,
USGS,U.S. Geological Survey,"[""USGS"",""00003LB00""]",,,,,,USGS-01208049,"NAUGATUCK RIVER NR WATERVILLE,CT.",Stream,,Connecticut,United States of America,Naugatuck Valley Planning Region,US,CT,,01100005,011000051105,,,41.61526533040098,-73.05786576255424,NAD83,41.61526533040098,-73.05786576255424,NAD83,,f955716c-0597-4c50-9abe-5265d33d09bf,,Sample-Routine,Water,Surface water,,,,U.S. Geological Survey-Water Resources Discipline,,,,,,,,,,,,,2013-11-12,09:30:00,EST,,,,,,,,,,,,70,USDOI/USGS,Grab/dip,,Point / Grab: Grab sample (dip),,,,,,,,,,,,,,"Stable, normal stage",Routine sample,,,,,,pH,"pH, water, unfiltered, field",,,Unfiltered,,,,,,,,,,,,,,,,,,,791c9edd-86b7-434f-b1fc-ed12e3e8d3b6,7.6,standard units,,Accepted,,,Actual,,,,,,,,,,,,,,,,,,,,,,,,EL003,USDOI/USGS,"pH, wu, field, electrometry",,"DESCRIPTION: pH,WWR,FLD, ELEC; CITATION(S): USGS | I-1586-77",,,,U.S. Geological Survey-Water Resources Discipline,,,,,,,,,,,,,,,,,,,,,,,USGS,,Physical,Federal/US Government,2026-07-21,00400,
USGS,U.S. Geological Survey,"[""USGS"",""0001U300""]",,,,,,USGS-02207385,"BIG HAYNES CREEK AT LENORA ROAD, NR SNELLVILLE, GA",Stream,,Georgia,United States of America,Gwinnett County,US,GA,,03070103,,,,33.8152777777778,-83.9901388888889,NAD83,33.8152777777778,-83.9901388888889,NAD83,,7377906a-0dab-4f3c-9295-8f8c67367d97,,Sample-Integrated Time Series,Water,Surface water,,,,U.S. Geological Survey-Water Resources Discipline,,,,,,,,,,,,,2014-10-14,09:24:00,EDT,2014-10-14,09:48:00,EDT,,,,,,,,,50,USDOI/USGS,Point sample,,Point / Grab: Point sample,"Sampler, point, automatic",,,,,,,,,,,,,Not applicable,Storm,,,,,,Turbidity,"Turbidity (nephelometry), broad band (BB) light source (400 nanometers to 680 nanometers), detection angle 60 degrees to 120 degrees relative to incident light",,,Unfiltered,,,,,,,,,,,,,,,,,,,791ca1a7-290c-4551-aa77-9d3d565164aa,97,NTU,,Accepted,,,Actual,,,,,,,,,,Added qualifier codes: none. RTI Sample: 1410599-001,,,,,Laboratory Reporting Level,0.1,NTU,Quantitation limit value of the specified type,,,,,,TS028,USDOI/USGS,Other NTU instrument,,"DESCRIPTION: Other NTU instrument, sensor model undefined; CITATION(S): No citations are available for this method",,,,"RTI Laboratories Inc., Livonia, Michigan",2014-10-15,,,,,,[c - see result laboratory comment],,,,,,,,,,,,,,,,USGS,,Physical,Federal/US Government,2026-07-21,63675,
USGS,U.S. Geological Survey,"[""USGS"",""250300370""]",,,,,,USGS-02392000,"ETOWAH RIVER AT CANTON, GA",Stream,,Georgia,United States of America,Cherokee County,US,GA,,03150104,,,,34.2401944444444,-84.4945277777778,NAD83,34.2401944444444,-84.4945277777778,NAD83,,23f3f136-77f0-4e8e-ac2f-550adae3fce0,,Sample-Routine,Water,Surface water,,,,U.S. Geological Survey-Water Resources Discipline,GAEPD ID: RV_14_4549,,,,,,,,,,,,2015-08-17,11:35:00,EDT,,,,,,,,,,,,70,USDOI/USGS,Grab/dip,,Point / Grab: Grab sample (dip),Weighted bottle,,,,,,,,,,,,,Not determined,Routine sample,,,,,,pH,"pH, water, unfiltered, field",,,Unfiltered,,,,,,,,,,,,,,,,,,,5239ba2e-d6c7-4df3-bceb-f562f4f9b718,7.1,standard units,,Accepted,,,Actual,,,,,,,,,,,,,,,,,,,,,,,,PROBE,USDOI/USGS,"pH, field, electrometric",,"DESCRIPTION: pH, field, electrometric; CITATION(S): U.S. Geological Survey, [variously dated], pH, in National field manual for the collection of water-quality data: U.S. Geological Survey Techniques of Water-Resources Investigations, book 9, chap. A6.4, available online at https://www.usgs.gov/mission-areas/water-resources/science/national-field-manual-collection-water-quality-data-nfm. | USGS | NFM 6.4",,,,U.S. Geological Survey-Water Resources Discipline,,,,,,,,,,,,,,,,,,,,,,,USGS,,Physical,Federal/US Government,2026-07-20,00400,
USGS,U.S. Geological Survey,"[""USGS"",""000032900""]",,,,,,USGS-402123105370401,"BIG THOMPSON R NR FERN LAKE ROAD, RMNP, CO",Stream,,Colorado,United States of America,Larimer County,US,CO,,10190006,101900060202,,,40.35645,-105.617647222222,NAD83,40.35645,-105.617647222222,NAD83,,861fecfc-d3fc-480c-b6f8-7b190c7b5e2e,,Sample-Routine,Water,Surface water,,,,USGS - Colorado Water Science Center,"A-1700135 TPCN FILTER VOLUMES: A = 600mL,B = 620mL; 2 FILTERS FOR TPCN PER ALISA MAST FOR HBN PROGRAM",,,,,,,,,,,,2013-06-18,09:30:00,MDT,,,,,,,,,,,,10,USDOI/USGS,EWI,,Depth-integrated: Equal-width-increment (EWI),US DH-81,,,,,,,,,,,,,"Stable, normal stage",Routine sample,,,,,Not Detected,Turbidity,"Turbidity (ratiometric), broad band (BB) light source (400 nanometers to 680 nanometers), detectors at multiple angles including 60 degrees to 120 degrees",,,Unfiltered,,,,,,,,,,,,,,,,,,,31ce884c-a179-4a85-877f-32eb9e211351,,,,Accepted,,,Actual,,,,,,,,,,,Censoring Level,2.0,NTRU,Quantitation limit value associated with a < or > legacy remark code in USGS source data,Lower Reporting Limit,2.0,NTRU,Quantitation limit value of the specified type,,,,,,TS098,USDOI/USGS,"HACH, sensor model 2100 AN, R-On",,"DESCRIPTION: HACH, sensor model 2100 AN (Ratio ON), NTRU; CITATION(S): USEPA | 180.1 |<--->| Standard methods for the examination of water and wastewater | STDMETH | 2130 B |<--->| Hach Company, 2014, 2100AN Laboratory Turbidimeter user manual, 11/2014, edition 6, Loveland, Colorado, Hach Company | HACH ",,,,"USGS-National Water Quality Lab, Denver, CO",2013-06-26,,,,,,,,,,,,,,,,,,,,,,USGS,,Physical,Federal/US Government,2026-07-21,63676,
USGS,U.S. Geological Survey,"[""USGS"",""00003R900""]",,,,,,USGS-07052500,"James River at Galena, MO",Stream,,Missouri,United States of America,Stone County,US,MO,,11010002,110100020508,,,36.8053888888889,-93.4615833333333,NAD83,36.8053888888889,-93.4615833333333,NAD83,,2cb7674f-a3be-4eff-b40d-8652c85b3cee,,Sample-Routine,Water,Surface water,,,,U.S. Geological Survey-Water Resources Discipline,,,,,,,,,,,,,2019-06-11,11:00:00,CDT,,,,,,,,,,,,15,USDOI/USGS,"EWT, multiple verticals",,"Depth-integrated: 10 or more equal-width verticals, non-isokinetic transit rate limited by velocity (EWT)",US DH-81,,,,,,,,,,,,,"Stable, normal stage",Routine sample,,,,,,pH,"pH, water, unfiltered, field",,,Unfiltered,,,,,,,,,,,,,,,,,,,5239c651-abde-4993-ae87-f84bcf02b9f3,7.9,standard units,,Accepted,,,Actual,,,,,,,,,,,,,,,,,,,,,,,,PROBE,USDOI/USGS,"pH, field, electrometric",,"DESCRIPTION: pH, field, electrometric; CITATION(S): U.S. Geological Survey, [variously dated], pH, in National field manual for the collection of water-quality data: U.S. Geological Survey Techniques of Water-Resources Investigations, book 9, chap. A6.4, available online at https://www.usgs.gov/mission-areas/water-resources/science/national-field-manual-collection-water-quality-data-nfm. | USGS | NFM 6.4",,,,U.S. Geological Survey-Water Resources Discipline,,,,,,,,,,,,,,,,,,,,,,,USGS,,Physical,Federal/US Government,2026-07-20,00400,
USGS,U.S. Geological Survey,"[""USGS"",""00003LB00""]",,,,,,USGS-01208950,"SASCO BROOK NEAR SOUTHPORT, CT",Stream,,Connecticut,United States of America,Greater Bridgeport Planning Region,US,CT,,01100006,011000060303,,,41.15277077049759,-73.30593263819259,NAD83,41.15277077049759,-73.30593263819259,NAD83,,911640cf-a1fb-44b3-8016-6cee250fda32,,Sample-Routine,Water,Surface water,,,,U.S. Geological Survey-Water Resources Discipline,,,,,,,,,,,,,2013-06-10,11:30:00,EST,,,,,,,,,,,,30,USDOI/USGS,Single vertical DI,,"Depth-integrated: Single vertical, depth integrated",US DH-81,,,,,,,,,,,,,Falling stage,Routine sample,,,,,,pH,"pH, water, unfiltered, field",,,Unfiltered,,,,,,,,,,,,,,,,,,,5239c723-14e3-4a3f-ac85-1ea6d4b5ad34,7.2,standard units,,Accepted,,,Actual,,,,,,,,,,,,,,,,,,,,,,,,EL003,USDOI/USGS,"pH, wu, field, electrometry",,"DESCRIPTION: pH,WWR,FLD, ELEC; CITATION(S): USGS | I-1586-77",,,,U.S. Geological Survey-Water Resources Discipline,,,,,,,,,,,,,,,,,,,,,,,USGS,,Physical,Federal/US Government,2026-07-20,00400,
USGS,U.S. Geological Survey,"[""USGS"",""000032900""]",,,,,,USGS-400453105554200,"FRASER RIVER AT HWY. 40 AT GRANBY, CO",Stream,,Colorado,United States of America,Grand County,US,CO,,14010001,140100010210,,,40.0813748160166,-105.928903626174,NAD83,40.0813748160166,-105.928903626174,NAD83,,68b2cfd3-0db6-4485-9c39-526fc4287435,,Sample-Routine,Water,Surface water,,,,U.S. Geological Survey-Water Resources Discipline,,,,,,,,,,,,,2014-05-28,15:00:00,MDT,,,,,,,,,,,,10,USDOI/USGS,EWI,,Depth-integrated: Equal-width-increment (EWI),"US DH-95, Teflon bottle",,,,,,,,,,,,,"Stable, high stage",Routine sample,,,,,,pH,"pH, water, unfiltered, field",,,Unfiltered,,,,,,,,,,,,,,,,,,,5239c724-bf0d-46b0-ab87-fba8ed6bfa10,7.4,standard units,,Accepted,,,Actual,,,,,,,,,,,,,,,,,,,,,,,,PROBE,USDOI/USGS,"pH, field, electrometric",,"DESCRIPTION: pH, field, electrometric; CITATION(S): U.S. Geological Survey, [variously dated], pH, in National field manual for the collection of water-quality data: U.S. Geological Survey Techniques of Water-Resources Investigations, book 9, chap. A6.4, available online at https://www.usgs.gov/mission-areas/water-resources/science/national-field-manual-collection-water-quality-data-nfm. | USGS | NFM 6.4",,,,U.S. Geological Survey-Water Resources Discipline,,,,,,,,,,,,,,,,,,,,,,,USGS,,Physical,Federal/US Government,2026-07-20,00400,
USGS,U.S. Geological Survey,"[""USGS"",""10BVR0000""]",,,,,,USGS-06893830,"Adair Creek at Independence, MO",Stream,,Missouri,United States of America,Jackson County,US,MO,,10300101,103001010206,,,39.0377777777778,-94.3633333333333,NAD83,39.0377777777778,-94.3633333333333,NAD83,,a2735d14-484a-42a2-900d-7c28c1076957,,Sample-Integrated Time Series,Water,Surface water,,,,U.S. Geological Survey-Water Resources Discipline,"no tare weight on bottle. Result previously computed using incorrect enumeration method. Correct U.S. Geological Survey method as documented in USGS TWRI Book 9, Chap A7 used for recomputation. Original value for pcode 50569: 5200, original value for pcode 50468: 100; updated on 11/15/2017 by AKF",,,,,,,,,,,,2011-11-02,19:15:00,CDT,2011-11-02,21:45:00,CDT,,,,,,,,,,,,,,,,,,,,,,,,,,,Not determined,Storm,,,,,,Dissolved oxygen (DO),"Dissolved oxygen (DO), water, unfiltered",7782-44-7,,Unfiltered,,,,,,,,,,,,,,,,,,,932b84df-c324-43c6-baaa-17217fad8b4a,9.2,mg/L,,Accepted,Mean,,Actual,,,,,,,,,,,,,,,,,,,,,,,,LUMIN,USDOI/USGS,"Diss oxygen, luminescence sensor",,"DESCRIPTION: Dissolved Oxygen, Luminescence Quenching (Luminescence-Based Sensor); CITATION(S): U.S. Geological Survey, [variously dated], Dissolved oxygen, in National field manual for the collection of water-quality data: U.S. Geological Survey Techniques of Water-Resources Investigations, book 9, chap. A6.2, available online at https://www.usgs.gov/mission-areas/water-resources/science/national-field-manual-collection-water-quality-data-nfm. |<--->| Annual Book of ASTM Standards | ASTM | D888-05 |<--->| Thermo Fisher Scientific, 2008, Orion Rugged Dissolved Oxygen (RDO) Optical Dissolved Oxygen Sensor User Guide, revision A, 10-08 https://documents.thermofisher.com/TFS-Assets/LSG/manuals/D15864~.pdf",,,,U.S. Geological Survey-Water Resources Discipline,,,,,,,,,,,,,,,,,,,,,,,USGS,,"Inorganics, Major, Non-metals",Federal/US Government,2026-07-21,00300,
USGS,U.S. Geological Survey,"[""NAWQA - National Water-Quality Assessment"",""NAWQA-SWS""]",,,,,,USGS-06800000,"Maple Creek near Nickerson, Nebr.",Stream,,Nebraska,United States of America,Dodge County,US,NE,,10220003,102200030604,,,41.561244,-96.541017,NAD83,41.561244,-96.541017,NAD83,,909abcdf-d394-46f6-9db8-9162ed055f67,,Sample-Routine,Water,Surface water,,,,"USGS Nebraska WSC Water-Quality Lab, Lincoln, NE",Light precip in sand,,,,,,,,,,,,2016-06-07,12:00:00,CDT,,,,,,,,,,,,10,USDOI/USGS,EWI,,Depth-integrated: Equal-width-increment (EWI),"US DH-81, Teflon cap and nozzle",,,,,,,,,,,,,"Stable, high stage",Routine sample,,,,,,pH,"pH, water, unfiltered, field",,,Unfiltered,,,,,,,,,,,,,,,,,,,791cc3e2-ee51-428a-9337-08e24506605c,8.3,standard units,,Accepted,,,Actual,,,,,,,,,,,,,,,,,,,,,,,,PROBE,USDOI/USGS,"pH, field, electrometric",,"DESCRIPTION: pH, field, electrometric; CITATION(S): U.S. Geological Survey, [variously dated], pH, in National field manual for the collection of water-quality data: U.S. Geological Survey Techniques of Water-Resources Investigations, book 9, chap. A6.4, available online at https://www.usgs.gov/mission-areas/water-resources/science/national-field-manual-collection-water-quality-data-nfm. | USGS | NFM 6.4",,,,U.S. Geological Survey-Water Resources Discipline,,,,,,,,,,,,,,,,,,,,,,,USGS,,Physical,Federal/US Government,2026-07-21,00400,
USGS,U.S. Geological Survey,"[""NAWQA - National Water-Quality Assessment"",""000039900""]",,,,,,USGS-05420500,"Mississippi River at Clinton, IA",Stream,,Iowa,United States of America,Clinton County,US,IA,,07080101,070801010204,,,41.7805863501123,-90.2520730305021,NAD83,41.7805863501123,-90.2520730305021,NAD83,,e820594f-3026-4da6-8141-bfffa2707b57,,Sample-Routine,Water,Surface water,,,,U.S. Geological Survey-Water Resources Discipline,"A-1120013 TPC = 26mL,PIC = 28mL,POC = 30mL L-1120013 Received April 19, 2013",,,,,,,,,,,,2013-04-17,10:25:00,CDT,,,,,,,,,,,,40,USDOI/USGS,Multiple verticals,,Depth-integrated: Multiple verticals,US D-96,,,,,,,,,,,,,"Stable, high stage",Routine sample,,,,,,Dissolved oxygen (DO),"Dissolved oxygen (DO), water, unfiltered",7782-44-7,,Unfiltered,,,,,,,,,,,,,,,,,,,791cc504-60eb-4deb-8e79-ab754db82c94,10.6,mg/L,,Accepted,,,Actual,,,,,,,,,,,,,,,,,,,,,,,,LUMIN,USDOI/USGS,"Diss oxygen, luminescence sensor",,"DESCRIPTION: Dissolved Oxygen, Luminescence Quenching (Luminescence-Based Sensor); CITATION(S): U.S. Geological Survey, [variously dated], Dissolved oxygen, in National field manual for the collection of water-quality data: U.S. Geological Survey Techniques of Water-Resources Investigations, book 9, chap. A6.2, available online at https://www.usgs.gov/mission-areas/water-resources/science/national-field-manual-collection-water-quality-data-nfm. |<--->| Annual Book of ASTM Standards | ASTM | D888-05 |<--->| Thermo Fisher Scientific, 2008, Orion Rugged Dissolved Oxygen (RDO) Optical Dissolved Oxygen Sensor User Guide, revision A, 10-08 https://documents.thermofisher.com/TFS-Assets/LSG/manuals/D15864~.pdf",,,,U.S. Geological Survey-Water Resources Discipline,,,,,,,,,,,,,,,,,,,,,,,USGS,,"Inorganics, Major, Non-metals",Federal/US Government,2026-07-21,00300,
USGS,U.S. Geological Survey,"[""NAWQA - National Water-Quality Assessment"",""PNSQA""]",,,,,,USGS-12110495,"JENKINS CREEK NEAR COVINGTION, WA",Stream,,Washington,United States of America,King County,US,WA,,17110013,171100130302,,,47.3441,-122.1232,NAD83,47.3441,-122.1232,NAD83,,1f592b95-b7b0-49b7-89f3-8e17da92da3c,,Sample-Routine,Water,Surface water,,,,U.S. Geological Survey-Water Resources Discipline,MM-41831B,,,,,,,,,,,,2015-06-18,09:40:00,PDT,,,,,,,,,,,,10,USDOI/USGS,EWI,,Depth-integrated: Equal-width-increment (EWI),"US DH-81, Teflon cap and nozzle",,,,,,,,,,,,,Not applicable,Not applicable,,,,,,Dissolved oxygen (DO),"Dissolved oxygen (DO), water, unfiltered",7782-44-7,,Unfiltered,,,,,,,,,,,,,,,,,,,932b8f95-1745-43e7-891b-4f8718260be5,9.6,mg/L,,Accepted,,,Actual,,,,,,,,,,,,,,,,,,,,,,,,LUMIN,USDOI/USGS,"Diss oxygen, luminescence sensor",,"DESCRIPTION: Dissolved Oxygen, Luminescence Quenching (Luminescence-Based Sensor); CITATION(S): U.S. Geological Survey, [variously dated], Dissolved oxygen, in National field manual for the collection of water-quality data: U.S. Geological Survey Techniques of Water-Resources Investigations, book 9, chap. A6.2, available online at https://www.usgs.gov/mission-areas/water-resources/science/national-field-manual-collection-water-quality-data-nfm. |<--->| Annual Book of ASTM Standards | ASTM | D888-05 |<--->| Thermo Fisher Scientific, 2008, Orion Rugged Dissolved Oxygen (RDO) Optical Dissolved Oxygen Sensor User Guide, revision A, 10-08 https://documents.thermofisher.com/TFS-Assets/LSG/manuals/D15864~.pdf",,,,U.S. Geological Survey-Water Resources Discipline,,,,,,,,,,,,,,,,,,,,,,,USGS,,"Inorganics, Major, Non-metals",Federal/US Government,2026-07-21,00300,
USGS,U.S. Geological Survey,"[""USGS"",""IA Cedar River Alluvial""]",,,,,,USGS-05464420,"Cedar River at Blairs Ferry Road at Palo, IA",Stream,,Iowa,United States of America,Linn County,US,IA,,07080205,070802051507,,,42.0691638888889,-91.7851805555556,NAD83,42.0691638888889,-91.7851805555556,NAD83,,e0a2bcd2-4d23-430b-8e59-662dc9b11a37,,Sample-Routine,Water,Surface water,,,,U.S. Geological Survey-Water Resources Discipline,,,,,,,,,,,,,2021-09-15,12:15:00,CDT,,,,,,,,,,,,40,USDOI/USGS,Multiple verticals,,Depth-integrated: Multiple verticals,"US D-95, Teflon bottle",,,,,,,,,,,,,Falling stage,Flood,,,,,,pH,"pH, water, unfiltered, field",,,Unfiltered,,,,,,,,,,,,,,,,,,,5239c897-ee7a-455c-98ef-d5dea682bc03,8.6,standard units,,Accepted,,,Actual,,,,,,,,,,,,,,,,,,,,,,,,PROBE,USDOI/USGS,"pH, field, electrometric",,"DESCRIPTION: pH, field, electrometric; CITATION(S): U.S. Geological Survey, [variously dated], pH, in National field manual for the collection of water-quality data: U.S. Geological Survey Techniques of Water-Resources Investigations, book 9, chap. A6.4, available online at https://www.usgs.gov/mission-areas/water-resources/science/national-field-manual-collection-water-quality-data-nfm. | USGS | NFM 6.4",,,,U.S. Geological Survey-Water Resources Discipline,,,,,,,,,,,,,,,,,,,,,,,USGS,,Physical,Federal/US Government,2026-07-20,00400,
USGS,U.S. Geological Survey,"[""USGS"",""00TX39000""]",,,,,,USGS-08383500,"PECOS RIVER NEAR PUERTO DE LUNA, NM",Stream,,New Mexico,United States of America,Guadalupe County,US,NM,,13060001,130600011308,,,34.7300833333333,-104.524911111111,NAD83,34.7300833333333,-104.524911111111,NAD83,,d5349717-1503-458b-ae21-c57488c898f1,,Sample-Routine,Water,Surface water,,,,U.S. Geological Survey-Water Resources Discipline,,,,,,,,,,,,,2021-09-08,11:30:00,MDT,,,,,,,,,,,,70,USDOI/USGS,Grab/dip,,Point / Grab: Grab sample (dip),"US DH-95, plastic bottle",,,,,,,,,,,,,"Stable, normal stage",Routine sample,,,,,,Dissolved oxygen (DO),"Dissolved oxygen (DO), water, unfiltered",7782-44-7,,Unfiltered,,,,,,,,,,,,,,,,,,,932b94ba-14d1-439b-9316-165b27d6ad76,7.6,mg/L,,Accepted,,,Actual,,,,,,,,,,,,,,,,,,,,,,,,LUMIN,USDOI/USGS,"Diss oxygen, luminescence sensor",,"DESCRIPTION: Dissolved Oxygen, Luminescence Quenching (Luminescence-Based Sensor); CITATION(S): U.S. Geological Survey, [variously dated], Dissolved oxygen, in National field manual for the collection of water-quality data: U.S. Geological Survey Techniques of Water-Resources Investigations, book 9, chap. A6.2, available online at https://www.usgs.gov/mission-areas/water-resources/science/national-field-manual-collection-water-quality-data-nfm. |<--->| Annual Book of ASTM Standards | ASTM | D888-05 |<--->| Thermo Fisher Scientific, 2008, Orion Rugged Dissolved Oxygen (RDO) Optical Dissolved Oxygen Sensor User Guide, revision A, 10-08 https://documents.thermofisher.com/TFS-Assets/LSG/manuals/D15864~.pdf",,,,U.S. Geological Survey-Water Resources Discipline,,,,,,,,,,,,,,,,,,,,,,,USGS,,"Inorganics, Major, Non-metals",Federal/US Government,2026-07-21,00300,
USGS,U.S. Geological Survey,"[""USGS"",""0003LB00""]",,,,,,USGS-01651770,"HICKEY RUN AT NATIONAL ARBORETUM AT WASHINGTON, DC",Stream,,District of Columbia,United States of America,District of Columbia,US,DC,,02070010,020700100204,,,38.9161111111111,-76.9688611111111,NAD83,38.9161111111111,-76.9688611111111,NAD83,,3b51cb47-e52e-4d12-b030-81f2a58cffe4,,Sample-Routine,Water,Surface water,,,,U.S. Geological Survey,,,,,,,,,,,,,2021-04-06,09:00:00,EDT,,,,,,,,,,,,15,USDOI/USGS,"EWT, multiple verticals",,"Depth-integrated: 10 or more equal-width verticals, non-isokinetic transit rate limited by velocity (EWT)",US DH-81,,,,,,,,,,,,,"Stable, normal stage",Routine sample,,,,,,Mercury,"Mercury, water, unfiltered",7439-97-6,,Unfiltered,,,,,,,,,,,,,,,,,,,54cc1b5d-030a-4a58-831b-594ecda01bfb,2.07,ng/L,,Accepted,,,Actual,,,,,,,,,,Bottle ID: JFD300CXM,,,,,Method Detection Level,0.17,ng/L,Quantitation limit value of the specified type,,,,,,,,,,,,,,"USGS-Wisconsin District Mercury Lab, Madison, WI",2021-06-01,,,,,,,,,,,,,,,,,,,,,,USGS,,"Inorganics, Minor, Metals",Federal/US Government,2026-07-20,50286,
USGS,U.S. Geological Survey,"[""USGS"",""247600309""]",,,,,,USGS-01471000,"Tulpehocken Creek near Reading, PA",Stream,,Pennsylvania,United States of America,Berks County,US,PA,,02040203,020402030409,,,40.3689816603926,-75.9791015497923,NAD83,40.3689816603926,-75.9791015497923,NAD83,,8e28f04b-e0a1-4190-b1df-dbf13f4a1833,,Sample-Routine,Water,Surface water,,,,U.S. Geological Survey-Water Resources Discipline,,,,,,,,,,,,,2010-06-07,11:30:00,EDT,,,,,,,,,,,,40,USDOI/USGS,Multiple verticals,,Depth-integrated: Multiple verticals,,,,,,,,,,,,,,"Stable, normal stage",Routine sample,,,,,,pH,"pH, water, unfiltered, field",,,Unfiltered,,,,,,,,,,,,,,,,,,,791cd378-8673-4303-905a-bed11468cb13,7.9,standard units,,Accepted,,,Actual,,,,,,,,,,,,,,,,,,,,,,,,,,,,,,,,U.S. Geological Survey-Water Resources Discipline,,,,,,,,,,,,,,,,,,,,,,,USGS,,Physical,Federal/US Government,2026-07-21,00400,
USGS,U.S. Geological Survey,"[""USGS"",""GOAP FY22""]",,,,,,USGS-03290500,"KENTUCKY RIVER AT LOCK 2 AT LOCKPORT, KY",Stream,,Kentucky,United States of America,Henry County,US,KY,,05100205,,,,38.43894162497998,-84.96326371817682,NAD83,38.43894162497998,-84.96326371817682,NAD83,,a76e1977-1f78-4df6-aebf-39072e1809b9,,Sample-Routine,Water,Surface water,,,,U.S. Geological Survey-Water Resources Discipline,,,,,,,,,,,,,2022-03-15,11:20:00,EST,,,,,,,,,,,,10,USDOI/USGS,EWI,,Depth-integrated: Equal-width-increment (EWI),US DH-2,,,,,,,,,,,,,Falling stage,Routine sample,,,,,,Dissolved oxygen (DO),"Dissolved oxygen (DO), water, unfiltered",7782-44-7,,Unfiltered,,,,,,,,,,,,,,,,,,,5239dff3-e0f3-4ee9-a666-5d79b2c0b8c9,12.0,mg/L,,Accepted,,,Actual,,,,,,,,,,,,,,,,,,,,,,,,,,,,,,,,U.S. Geological Survey-Water Resources Discipline,,,,,,,,,,,,,,,,,,,,,,,USGS,,"Inorganics, Major, Non-metals",Federal/US Government,2026-07-20,00300,
USGS,U.S. Geological Survey,"[""USGS"",""000034A00""]",,,,,,USGS-07103700,"FOUNTAIN CREEK NEAR COLORADO SPRINGS, CO.",Stream,,Colorado,United States of America,El Paso County,US,CO,,11020003,110200030204,,,38.8547135731108,-104.878031437746,NAD83,38.8547135731108,-104.878031437746,NAD83,,9d9b3259-6a77-4f66-9f06-754702c5400b,,Sample-Routine,Water,Surface water,,,,U.S. Geological Survey,,,,,,,,,,,,,2015-10-16,09:00:00,MDT,,,,,,,,,,,,15,USDOI/USGS,"EWT, multiple verticals",,"Depth-integrated: 10 or more equal-width verticals, non-isokinetic transit rate limited by velocity (EWT)",US DH-81,,,,,,,,,,,,,"Stable, normal stage",Routine sample,,,,,,Turbidity,"Turbidity (nephelometry), monochrome near-infrared (NIR) light-emitting diode (LED) light source (780 nanometers to 900 nanometers), detection angle 87.5 degrees to 92.5 degrees",,,Unfiltered,,,,,,,,,,,,,,,,,,,5239e2e0-0d39-49bd-97e7-98bdfaeaccf8,1.2,FNU,,Accepted,,,Actual,,,,,,,,,,,,,,,,,,,,,,,,TS087,USDOI/USGS,"YSI Environmental, sensor 6136",,"DESCRIPTION: YSI Environmental, sensor model 6136, several multiparameter instruments, FNU; CITATION(S): ISO | 7027",,,,U.S. Geological Survey-Water Resources Discipline,,,,,,,,,,,,,,,,,,,,,,,USGS,,Physical,Federal/US Government,2026-07-20,63680,
USGS,U.S. Geological Survey,"[""NAWQA - National Water-Quality Assessment"",""32GUMQN00""]",,,,,,USGS-13092747,ROCK CREEK AB HWY 30/93 XING AT TWIN FALLS ID,Stream,,Idaho,United States of America,Twin Falls County,US,ID,,17040212,170402120608,,,42.5625,-114.494722222222,NAD83,42.5625,-114.494722222222,NAD83,,f042a3b3-3e97-4cf7-8d63-5b0edd9a7638,,Sample-Routine,Water,Surface water,,,,U.S. Geological Survey-Water Resources Discipline,,,,,,,,,,,,,2022-10-05,14:20:00,MDT,,,,,,,,,,,,10,USDOI/USGS,EWI,,Depth-integrated: Equal-width-increment (EWI),US DH-81,,,,,,,,,,,,,"Stable, normal stage",Routine sample,,,,,,Turbidity,"Turbidity (ratiometric), broad band (BB) light source (400 nanometers to 680 nanometers), detectors at multiple angles including 60 degrees to 120 degrees",,,Unfiltered,,,,,,,,,,,,,,,,,,,31cebe93-5ff5-496e-9be1-88ffa4ce7b78,6.5,NTRU,,Accepted,,,Estimated,,,,,,,,,,Hold time parameters were exceeded during the collection to analysis phase of sample processing,,,,,Lower Reporting Limit,2,NTRU,Quantitation limit value of the specified type,,,,,,TS098,USDOI/USGS,"HACH, sensor model 2100 AN, R-On",,"DESCRIPTION: HACH, sensor model 2100 AN (Ratio ON), NTRU; CITATION(S): USEPA | 180.1 |<--->| Standard methods for the examination of water and wastewater | STDMETH | 2130 B |<--->| Hach Company, 2014, 2100AN Laboratory Turbidimeter user manual, 11/2014, edition 6, Loveland, Colorado, Hach Company | HACH ",,,,"USGS-National Water Quality Lab, Denver, CO",2022-10-21,,,,,,[@ - holding time exceeded];[b - value extrapolated at low end];[c - see result laboratory comment],,,,,,,,,,,,,,,,USGS,,Physical,Federal/US Government,2026-07-21,63676,
USGS,U.S. Geological Survey,"[""USGS"",""000032900""]",,,,,,USGS-402249105282000,BIG THOMPSON R AT WHISPERING PINES NR ESTES PARK,Stream,,Colorado,United States of America,Larimer County,US,CO,,10190006,101900060207,,,40.3806416666667,-105.472841666667,NAD83,40.3806416666667,-105.472841666667,NAD83,,616b8f6a-c301-4ed3-b6c1-2e39981be722,,Sample-Routine,Water,Surface water,,,,U.S. Geological Survey-Water Resources Discipline,,,,,,,,,,,,,2020-03-03,08:00:00,MST,,,,,,,,,,,,15,USDOI/USGS,"EWT, multiple verticals",,"Depth-integrated: 10 or more equal-width verticals, non-isokinetic transit rate limited by velocity (EWT)",US DH-81,,,,,,,,,,,,,"Stable, normal stage",Routine sample,,,,,,pH,"pH, water, unfiltered, field",,,Unfiltered,,,,,,,,,,,,,,,,,,,31cebf3c-e352-4704-8d95-b6390f24d88b,7.7,standard units,,Accepted,,,Actual,,,,,,,,,,,,,,,,,,,,,,,,PROBE,USDOI/USGS,"pH, field, electrometric",,"DESCRIPTION: pH, field, electrometric; CITATION(S): U.S. Geological Survey, [variously dated], pH, in National field manual for the collection of water-quality data: U.S. Geological Survey Techniques of Water-Resources Investigations, book 9, chap. A6.4, available online at https://www.usgs.gov/mission-areas/water-resources/science/national-field-manual-collection-water-quality-data-nfm. | USGS | NFM 6.4",,,,U.S. Geological Survey-Water Resources Discipline,,,,,,,,,,,,,,,,,,,,,,,USGS,,Physical,Federal/US Government,2026-07-21,00400,
USGS,U.S. Geological Survey,"[""USGS"",""ZF00C1D01""]",,,,,,USGS-345637110394900,"SITE 13, CLEAR CR ABOUT 2.3 MI US HWY99 BRIDGE",Stream,,Arizona,United States of America,Navajo County,US,AZ,,15020008,150200080408,,,34.9392638888889,-110.661761111111,NAD83,34.9392638888889,-110.661761111111,NAD83,,17773070-a44e-473a-974f-afb03f2891f8,,Sample-Routine,Water,Surface water,,,,U.S. Geological Survey-Water Resources Discipline,,,,,,,,,,,,,2018-09-26,12:10:00,MST,,,,,,,,,,,,,,,,,,,,,,,,,,,,,,Not applicable,Not applicable,,,,,,pH,"pH, water, unfiltered, field",,,Unfiltered,,,,,,,,,,,,,,,,,,,5239f14e-5805-4766-8f0f-0445ddcf4cec,8.5,standard units,,Accepted,,,Actual,,,,,,,,,,,,,,,,,,,,,,,,PROBE,USDOI/USGS,"pH, field, electrometric",,"DESCRIPTION: pH, field, electrometric; CITATION(S): U.S. Geological Survey, [variously dated], pH, in National field manual for the collection of water-quality data: U.S. Geological Survey Techniques of Water-Resources Investigations, book 9, chap. A6.4, available online at https://www.usgs.gov/mission-areas/water-resources/science/national-field-manual-collection-water-quality-data-nfm. | USGS | NFM 6.4",,,,U.S. Geological Survey-Water Resources Discipline,,,,,,,,,,,,,,,,,,,,,,,USGS,,Physical,Federal/US Government,2026-07-20,00400,
USGS,U.S. Geological Survey,"[""USGS"",""CFLT""]",,,,,,USGS-12323250,"Silver Bow Cr bl Blacktail Cr, at Butte, MT",Stream,,Montana,United States of America,Silver Bow County,US,MT,,17010201,170102010204,,,45.99916666666667,-112.57732222222222,NAD83,45.99916666666667,-112.57732222222222,NAD83,,4d6c35db-8c22-4cef-95d9-6a68cb03279c,,Sample-Routine,Water,Surface water,,,,U.S. Geological Survey-Water Resources Discipline,,,,,,,,,,,,,2022-07-12,11:30:00,MDT,,,,,,,,,,,,10,USDOI/USGS,EWI,,Depth-integrated: Equal-width-increment (EWI),US DH-81,,,,,,,,,,,,,"Stable, normal stage",Routine sample,,,,,Not Detected,Turbidity,"Turbidity (ratiometric), broad band (BB) light source (400 nanometers to 680 nanometers), detectors at multiple angles including 60 degrees to 120 degrees",,,Unfiltered,,,,,,,,,,,,,,,,,,,932ba99c-bad7-441c-9445-9a7b96ff93e5,,,,Accepted,,,Actual,,,,,,,,,,,Censoring Level,2.0,NTRU,Quantitation limit value associated with a < or > legacy remark code in USGS source data,Lower Reporting Limit,2,NTRU,Quantitation limit value of the specified type,,,,,,TS098,USDOI/USGS,"HACH, sensor model 2100 AN, R-On",,"DESCRIPTION: HACH, sensor model 2100 AN (Ratio ON), NTRU; CITATION(S): USEPA | 180.1 |<--->| Standard methods for the examination of water and wastewater | STDMETH | 2130 B |<--->| Hach Company, 2014, 2100AN Laboratory Turbidimeter user manual, 11/2014, edition 6, Loveland, Colorado, Hach Company | HACH ",,,,"USGS-National Water Quality Lab, Denver, CO",2022-07-22,,,,,,,,,,,,,,,,,,,,,,USGS,,Physical,Federal/US Government,2026-07-21,63676,
USGS,U.S. Geological Survey,"[""USGS"",""247600309""]",,,,,,USGS-01553850,"Chillisquaque Creek near Potts Grove, PA",Stream,,Pennsylvania,United States of America,Northumberland County,US,PA,,02050206,020502061103,,,40.974444444444444,-76.8,NAD83,40.974444444444444,-76.8,NAD83,,f908711f-b2ca-4cee-8bab-fc92f4f9df5d,,Sample-Routine,Water,Surface water,,,,U.S. Geological Survey-Water Resources Discipline,,,,,,,,,,,,,2022-06-21,14:15:00,EDT,,,,,,,,,,,,,,,,,,,,,,,,,,,,,,Not determined,Routine sample,,,,,,Lead,"Lead, water, unfiltered, recoverable",7439-92-1,,Unfiltered,,,,,,,,,,,,,,,,,,,5239f4e9-62b4-47d8-ac39-c2b09ec8345f,0.32,ug/L,,Accepted,,,Actual,,,,,,,,,,,,,,,Lower Reporting Limit,0.27,ug/L,Quantitation limit value of the specified type,,,,,,PLM82,USDOI/USGS,"Trace elements, wu, ICP-MS (PA)",,DESCRIPTION: Trace elements in unfiltered water by inductively coupled plasma-mass spectrometry (EPA 200.8; PA WSC; PA-DEP); CITATION(S): USEPA | 200.8,,,,Pennsylvania Department of Environmental Protection,2022-06-24,,,,,,,,,,,,,,,,,,,,,,USGS,,"Inorganics, Minor, Metals",Federal/US Government,2026-07-20,01051,
USGS,U.S. Geological Survey,"[""USGS"",""FJ029""]",,,,,,USGS-05539450,"DES PLAINES RIVER AB CEDAR CR NR MILLSDALE, IL",Stream,,Illinois,United States of America,Will County,US,IL,,07120004,071200040905,,,41.4788888888889,-88.1411111111111,NAD83,41.4788888888889,-88.1411111111111,NAD83,,923af1b8-94db-45d6-bbfe-4adc391c3e3a,,Sample-Routine,Water,Surface water,,,,U.S. Geological Survey-Water Resources Discipline,,,,,,,,,,,,,2015-08-12,10:24:00,CST,,,,,,,,,,,,,,,,,,,,,,,,,,,,,,Not applicable,Not applicable,,,,,,Dissolved oxygen (DO),"Dissolved oxygen (DO), water, unfiltered, laboratory",7782-44-7,,Unfiltered,,,,,,,,,,,,,,,,,,,31cecb33-69e9-4c60-8f29-3c1c40ff72c7,0.2,mg/L,,Accepted,,,Actual,,,,,,,,,,,,,,,Lower Reporting Limit,0.02,mg/L,Quantitation limit value of the specified type,,,,,,GC153,USDOI/USGS,Dissolved gases by GC/TCD,,"DESCRIPTION: Dissolved gases by gas chromatography with thermal conductivity detection; CITATION(S): U.S. Geological Survey, 2006, Analytical procedures for dissolved gas:  U.S. Geological Survey web page, accessed December 23, 2008, at URL http://water.usgs.gov/lab/dissolved-gas/lab/analytical_procedures/",,,,"USGS-NRP, Chlorofluorocarbon Laboratory, Reston, VA",,,,,,,,,,,,,,,,,,,,,,,USGS,,"Inorganics, Major, Non-metals",Federal/US Government,2026-07-21,62971,
USGS,U.S. Geological Survey,"[""USGS"",""009J2G200""]",,,,,,USGS-12413131,SF COEUR D ALENE R ABV PLACER CR AT WALLACE ID,Stream,,Idaho,United States of America,Shoshone County,US,ID,,17010302,170103020102,,,47.4751805555556,-115.928444444444,NAD83,47.4751805555556,-115.928444444444,NAD83,,9d0e912f-fd65-452c-956c-8956ef88cc79,,Sample-Routine,Water,Surface water,,,,U.S. Geological Survey-Water Resources Discipline,,,,,,,,,,,,,2017-09-12,14:35:00,PDT,,,,,,,,,,,,10,USDOI/USGS,EWI,,Depth-integrated: Equal-width-increment (EWI),"US DH-81, Teflon cap and nozzle",,,,,,,,,,,,,"Stable, low stage",Routine sample,,,,,,pH,"pH, water, unfiltered, laboratory",,,Unfiltered,,,,,,,,,,,,,,,,,,,54cc466d-3c34-43c0-9ebd-591da99f34c8,7.9,standard units,,Accepted,,,Actual,,,,,,,,,,,,,,,Lower Reporting Limit,0.1,standard units,Quantitation limit value of the specified type,,,,,,EL006,USDOI/USGS,"pH, lab, auto glass electrode",,"DESCRIPTION: pH, lab, by automated glass electrode; CITATION(S): Fishman, M.J., and Friedman, L.C., 1989, Methods for determination of inorganic substances in water and fluvial sediments: U.S. Geological Survey Techniques of Water-Resources Investigations, book 5, chap. A1, p. 363-364. | USGS | I-2587-85",,,,"USGS-National Water Quality Lab, Denver, CO",2017-09-20,,,,,,,,,,,,,,,,,,,,,,USGS,,Physical,Federal/US Government,2026-07-20,00403,
USGS,U.S. Geological Survey,"[""USGS"",""000034A00""]",,,,,,USGS-07105800,"FOUNTAIN CREEK AT SECURITY, CO",Stream,,Colorado,United States of America,El Paso County,US,CO,,11020003,110200030305,,,38.729444,-104.733333,NAD83,38.729444,-104.733333,NAD83,,165f8479-41e1-4fe1-a103-c5da7c34f194,,Sample-Routine,Water,Surface water,,,,U.S. Geological Survey-Water Resources Discipline,,,,,,,,,,,,,2023-02-09,13:00:00,MST,,,,,,,,,,,,10,USDOI/USGS,EWI,,Depth-integrated: Equal-width-increment (EWI),US DH-81,,,,,,,,,,,,,"Stable, normal stage",Routine sample,,,,,,Lead,"Lead, water, filtered",7439-92-1,,Filtered field and/or lab,,,,,,,,,,,,,,,,,,,523a01c5-da6e-4e10-b436-01fe6121d3a9,0.154,ug/L,,Accepted,,,Actual,,,,,,,,,,,,,,,Detection limit by blank data,0.02,ug/L,Quantitation limit value of the specified type,,,,,,PLM43,USDOI/USGS,"Metals, wf, ICP-MS",,"DESCRIPTION: Metals, filtered water, Inductively coupled plasma-mass spectrometry; CITATION(S): Faires, L.M., 1993, Methods of analysis by the U.S. Geological Survey National Water Quality Laboratory--Determination of metals in water by inductively coupled plasma-mass spectrometry: U.S. Geological Survey Open-File Report 92-634, 28 p. | USGS | I-2477-92",,,,"USGS-National Water Quality Lab, Denver, CO",2023-03-30,,,,,,,,,,,,,,,,,,,,,,USGS,,"Inorganics, Minor, Metals",Federal/US Government,2026-07-20,01049,
USGS,U.S. Geological Survey,"[""USGS"",""000032900""]",,,,,,USGS-06734900,"OLYMPUS TUNNEL AT LAKE ESTES, CO.",Stream,,Colorado,United States of America,Larimer County,US,CO,,10190006,101900060207,,,40.3738555555556,-105.473813888889,NAD83,40.3738555555556,-105.473813888889,NAD83,,d81427ef-5ad7-4d13-8b81-4ba3d5eb8b8e,,Sample-Routine,Water,Surface water,,,,U.S. Geological Survey-Water Resources Discipline,,,,,,,,,,,,,2023-07-11,10:45:00,MDT,,,,,,,,,,,,10,USDOI/USGS,EWI,,Depth-integrated: Equal-width-increment (EWI),"US DH-95, Teflon bottle",,,,,,,,,,,,,"Stable, normal stage",Routine sample,,,,,Not Detected,Lead,"Lead, water, unfiltered, recoverable",7439-92-1,,Unfiltered,,,,,,,,,,,,,,,,,,,31ced1c8-401c-41e0-b37a-5f42262aa913,,,,Accepted,,,Actual,,,,,,,,,,10x Dilution,Censoring Level,0.900,ug/L,Quantitation limit value associated with a < or > legacy remark code in USGS source data,Laboratory Reporting Level,0.9,ug/L,Quantitation limit value of the specified type,,,,,,PLM66,USDOI/USGS,"Metals, wu,ICP-MS(200.8: CO WSC)",,"DESCRIPTION: Metals, water, unfiltered, inductively coupled plasma-mass spectrometry (EPA 200.8; Colorado WSC); CITATION(S): USEPA | 200.8",,,,"Huffman-Hazen Laboratories, Golden, CO",2023-08-28,,,,,,[d - sample was diluted],,,,,,,,,,,,,,,,USGS,,"Inorganics, Minor, Metals",Federal/US Government,2026-07-21,01051,
USGS,U.S. Geological Survey,"[""USGS"",""UT21MOAB""]",,,,,,USGS-09379500,"SAN JUAN RIVER NEAR BLUFF, UT",Stream,,Utah,United States of America,San Juan County,US,UT,,14080205,140802050406,,,37.1506777777778,-109.866688888889,NAD83,37.1506777777778,-109.866688888889,NAD83,,2c5cc584-1b4f-407d-9954-d366d6c3657a,,Sample-Routine,Water,Surface water,,,,U.S. Geological Survey-Water Resources Discipline,,,,,,,,,,,,,2021-07-22,09:15:00,MDT,,,,,,,,,,,,20,USDOI/USGS,EDI,,Depth-integrated: Equal-discharge-increment (EDI),"US DH-95, plastic bottle",,,,,,,,,,,,,Falling stage,Routine sample,,,,,,pH,"pH, water, unfiltered, field",,,Unfiltered,,,,,,,,,,,,,,,,,,,791d00e8-a200-4a63-a7b1-199cf88c7313,8.1,standard units,,Accepted,,,Actual,,,,,,,,,,,,,,,,,,,,,,,,PROBE,USDOI/USGS,"pH, field, electrometric",,"DESCRIPTION: pH, field, electrometric; CITATION(S): U.S. Geological Survey, [variously dated], pH, in National field manual for the collection of water-quality data: U.S. Geological Survey Techniques of Water-Resources Investigations, book 9, chap. A6.4, available online at https://www.usgs.gov/mission-areas/water-resources/science/national-field-manual-collection-water-quality-data-nfm. | USGS | NFM 6.4",,,,U.S. Geological Survey-Water Resources Discipline,,,,,,,,,,,,,,,,,,,,,,,USGS,,Physical,Federal/US Government,2026-07-21,00400,
USGS,U.S. Geological Survey,"[""USGS"",""24829QE10""]",,,,,,USGS-01631000,"S F SHENANDOAH RIVER AT FRONT ROYAL, VA",Stream,,Virginia,United States of America,Warren County,US,VA,,02070005,020700051004,,,38.9140005900266,-78.2108338816366,NAD83,38.9140005900266,-78.2108338816366,NAD83,,345b7ed0-daaa-49e8-8920-0aab7c8830e3,,Sample-Routine,Water,Surface water,,,,U.S. Geological Survey-Water Resources Discipline,,,,,,,,,,,,,2019-07-18,11:30:00,EDT,,,,,,,,,,,,40,USDOI/USGS,Multiple verticals,,Depth-integrated: Multiple verticals,"US WBH-96, weighted bottle",,,,,,,,,,,,,"Stable, normal stage",Routine sample,,,,,,Turbidity,"Turbidity (nephelometry), monochrome near-infrared (NIR) light-emitting diode (LED) light source (780 nanometers to 900 nanometers), detection angle 87.5 degrees to 92.5 degrees",,,Unfiltered,,,,,,,,,,,,,,,,,,,523a1811-e15d-4f52-95eb-2e1fef73d257,2.7,FNU,,Accepted,,,Actual,,,,,,,,,,,,,,,,,,,,,,,,TS213,USDOI/USGS,"YSI EXO turbidity sensor, FNU",,"DESCRIPTION: YSI Environmental, EXO turbidity sensor, FNU; CITATION(S): ISO | 7027",,,,U.S. Geological Survey-Water Resources Discipline,,,,,,,,,,,,,,,,,,,,,,,USGS,,Physical,Federal/US Government,2026-07-20,63680,
USGS,U.S. Geological Survey,"[""NAWQA - National Water-Quality Assessment"",""CRM4600""]",,,,,,USGS-02175000,"EDISTO RIVER NR GIVHANS, SC",Stream,,South Carolina,United States of America,Dorchester County,US,SC,,03050206,,,,33.0279464549392,-80.3914876210054,NAD83,33.0279464549392,-80.3914876210054,NAD83,,4ae51465-70e8-4a7c-9c62-c2452092174a,,Sample-Routine,Water,Surface water,,,,,MM-38967A,,,,,,,,,,,,2014-04-24,10:00:00,EST,,,,,,,,,,,,10,USDOI/USGS,EWI,,Depth-integrated: Equal-width-increment (EWI),"US DH-95, Teflon bottle",,,,,,,,,,,,,Rising stage,Routine sample,,,,,,Turbidity,"Turbidity (ratiometric), broad band (BB) light source (400 nanometers to 680 nanometers), detectors at multiple angles including 60 degrees to 120 degrees",,,Unfiltered,,,,,,,,,,,,,,,,,,,932bc65d-4459-4fbd-a2bb-08e4b221bfa8,4.7,NTRU,,Accepted,,,Estimated,,,,,,,,,,,,,,,Lower Reporting Limit,2.0,NTRU,Quantitation limit value of the specified type,,,,,,TS098,USDOI/USGS,"HACH, sensor model 2100 AN, R-On",,"DESCRIPTION: HACH, sensor model 2100 AN (Ratio ON), NTRU; CITATION(S): USEPA | 180.1 |<--->| Standard methods for the examination of water and wastewater | STDMETH | 2130 B |<--->| Hach Company, 2014, 2100AN Laboratory Turbidimeter user manual, 11/2014, edition 6, Loveland, Colorado, Hach Company | HACH ",,,,"USGS-National Water Quality Lab, Denver, CO",2014-05-02,,,,,,[b - value extrapolated at low end],,,,,,,,,,,,,,,,USGS,,Physical,Federal/US Government,2026-07-21,63676,
USGS,U.S. Geological Survey,"[""USGS"",""WY00300""]",,,,,,USGS-09224700,"BLACKS FORK NEAR LITTLE AMERICA, WY",Stream,,Wyoming,United States of America,Sweetwater County,US,WY,,14040107,140401071005,,,41.5460425047848,-109.693510206512,NAD83,41.5460425047848,-109.693510206512,NAD83,,ea2c561b-ad66-4d47-866e-068266be8967,,Sample-Routine,Water,Surface water,,,,U.S. Geological Survey-Water Resources Discipline,,,,,,,,,,,,,2011-09-13,09:20:00,MDT,,,,,,,,,,,,10,USDOI/USGS,EWI,,Depth-integrated: Equal-width-increment (EWI),US DH-81,,,,,,,,,,,,,"Stable, normal stage",Routine sample,,,,,,Dissolved oxygen (DO),"Dissolved oxygen (DO), water, unfiltered",7782-44-7,,Unfiltered,,,,,,,,,,,,,,,,,,,54cc6361-9929-49ca-ba9e-0b376f15e971,7.7,mg/L,,Accepted,,,Actual,,,,,,,,,,,,,,,,,,,,,,,,MEMBR,USDOI/USGS,"Diss oxygen, membrane electrode",,"DESCRIPTION: Dissolved Oxygen, Amperometric (Membrane Electrode Method); CITATION(S): Standard methods for the examination of water and wastewater | STDMETH | 4500-O G",,,,U.S. Geological Survey-Water Resources Discipline,,,,,,,,,,,,,,,,,,,,,,,USGS,,"Inorganics, Major, Non-metals",Federal/US Government,2026-07-20,00300,
USGS,U.S. Geological Survey,"[""USGS"",""00EHU0000""]",,,,,,USGS-01487150,"BUCKS BRANCH NEAR ATLANTA, DE",Stream,,Delaware,United States of America,Sussex County,US,DE,,02080109,020801090405,,,38.6914722222222,-75.6348888888889,NAD83,38.6914722222222,-75.6348888888889,NAD83,,d8c21391-f760-4495-9d36-a0498cac54f8,,Sample-Routine,Water,Surface water,,,,U.S. Geological Survey,,,,,,,,,,,,,2014-03-10,10:00:00,EST,,,,,,,,,,,,15,USDOI/USGS,"EWT, multiple verticals",,"Depth-integrated: 10 or more equal-width verticals, non-isokinetic transit rate limited by velocity (EWT)","US DH-81, Teflon cap and nozzle",,,,,,,,,,,,,"Stable, high stage",Routine sample,,,,,,pH,"pH, water, unfiltered, field",,,Unfiltered,,,,,,,,,,,,,,,,,,,791d0875-2039-4d26-9df1-749e00eae2b9,6.1,standard units,,Provisional,,,Actual,,,,,,,,,,,,,,,,,,,,,,,,PROBE,USDOI/USGS,"pH, field, electrometric",,"DESCRIPTION: pH, field, electrometric; CITATION(S): U.S. Geological Survey, [variously dated], pH, in National field manual for the collection of water-quality data: U.S. Geological Survey Techniques of Water-Resources Investigations, book 9, chap. A6.4, available online at https://www.usgs.gov/mission-areas/water-resources/science/national-field-manual-collection-water-quality-data-nfm. | USGS | NFM 6.4",,,,U.S. Geological Survey-Water Resources Discipline,,,,,,,,,,,,,,,,,,,,,,,USGS,,Physical,Federal/US Government,2026-07-21,00400,
USGS,U.S. Geological Survey,"[""USGS"",""MOR003CS""]",,,,,,USGS-412126095565201,"Missouri River at NP Dodge Park at Omaha, Nebr.",Stream,,Nebraska,United States of America,Douglas County,US,NE,,10230006,102300060505,,,41.3574722222222,-95.9477777777778,NAD83,41.3574722222222,-95.9477777777778,NAD83,,cb73d55f-383a-42c1-9a92-efd2630251b6,,Sample-Routine,Water,Surface water,,,,"USGS Nebraska WSC Water-Quality Lab, Lincoln, NE",,,,,,,,,,,,,2019-04-17,09:03:00,CDT,,,,,,,,,,,,50,USDOI/USGS,Point sample,,Point / Grab: Point sample,,,,,,,,,,,,,,"Stable, high stage",Routine sample,,,,,,Turbidity,"Turbidity (nephelometry), monochrome near-infrared (NIR) light-emitting diode (LED) light source (780 nanometers to 900 nanometers), detection angle 87.5 degrees to 92.5 degrees",,,Unfiltered,,,,,,,,,,,,,,,,,,,54cc660c-e3af-43c1-bdca-5ab4cc61403e,56,FNU,,Accepted,,,Actual,,,,,,,,,,,,,,,,,,,,,,,,TS213,USDOI/USGS,"YSI EXO turbidity sensor, FNU",,"DESCRIPTION: YSI Environmental, EXO turbidity sensor, FNU; CITATION(S): ISO | 7027",,,,U.S. Geological Survey-Water Resources Discipline,,,,,,,,,,,,,,,,,,,,,,,USGS,,Physical,Federal/US Government,2026-07-20,63680,
USGS,U.S. Geological Survey,"[""USGS"",""009J2GS00""]",,,,,,USGS-12413290,"GOVERNMENT GULCH CRK NR MOUTH AT SMELTERVILLE, ID",Stream,,Idaho,United States of America,Shoshone County,US,ID,,17010302,170103020303,,,47.5438055555556,-116.166805555556,NAD83,47.5438055555556,-116.166805555556,NAD83,,7f928108-8c99-4387-9caa-ca826c54f5e0,,Sample-Routine,Water,Surface water,,,,U.S. Geological Survey-Water Resources Discipline,,,,,,,,,,,,,2015-10-07,12:55:00,PDT,,,,,,,,,,,,10,USDOI/USGS,EWI,,Depth-integrated: Equal-width-increment (EWI),Open-mouth bottle,,,,,,,,,,,,,"Stable, low stage",Routine sample,,,,,,Lead,"Lead, water, filtered",7439-92-1,,Filtered field and/or lab,,,,,,,,,,,,,,,,,,,791d0d7e-1159-4528-b56c-7b1081162cb0,3.93,ug/L,,Accepted,,,Actual,,,,,,,,,,,,,,,Detection limit by DQCALC,0.04,ug/L,Quantitation limit value of the specified type,,,,,,PLM43,USDOI/USGS,"Metals, wf, ICP-MS",,"DESCRIPTION: Metals, filtered water, Inductively coupled plasma-mass spectrometry; CITATION(S): Faires, L.M., 1993, Methods of analysis by the U.S. Geological Survey National Water Quality Laboratory--Determination of metals in water by inductively coupled plasma-mass spectrometry: U.S. Geological Survey Open-File Report 92-634, 28 p. | USGS | I-2477-92",,,,"USGS-National Water Quality Lab, Denver, CO",2015-10-29,,,,,,,,,,,,,,,,,,,,,,USGS,,"Inorganics, Minor, Metals",Federal/US Government,2026-07-21,01049,
USGS,U.S. Geological Survey,"[""USGS"",""247600309""]",,,,,,USGS-01516350,"Tioga River near Mansfield, PA",Stream,,Pennsylvania,United States of America,Tioga County,US,PA,,02050104,020501040907,,,41.7970182998117,-77.080245736259,NAD83,41.7970182998117,-77.080245736259,NAD83,,7ff779c8-f0c4-42c4-a556-ffb223a30ee8,,Sample-Routine,Water,Surface water,,,,U.S. Geological Survey-Water Resources Discipline,,,,,,,,,,,,,2022-11-30,12:15:00,EST,,,,,,,,,,,,,,,,,,,,,,,,,,,,,,Not determined,Routine sample,,,,,,Temperature,"Temperature, sensor",,,,,,,,,,,,,,,,,,,,,,31ceea05-329c-4157-86da-ffb44bf4bcfb,19.89,deg C,,Accepted,,,Actual,,,,,,,,,,,,,,,,,,,,,,,,,,,,,,,,Pennsylvania Department of Environmental Protection,,,,,,,,,,,,,,,,,,,,,,,USGS,,Information,Federal/US Government,2026-07-21,72176,
USGS,U.S. Geological Survey,"[""USGS"",""EsopusSed""]",,,,,,USGS-01362370,STONY CLOVE CREEK BLW OX CLOVE AT CHICHESTER NY,Stream,,New York,United States of America,Ulster County,US,NY,,02020006,020200060903,,,42.1020277777778,-74.3108888888889,NAD83,42.1020277777778,-74.3108888888889,NAD83,,7c3d80c1-278d-4186-8fe9-909a0c802665,,Sample-Routine,Water,Surface water,,,,U.S. Geological Survey-Water Resources Discipline,,,,,,,,,,,,,2011-10-25,10:00:00,EST,,,,,,,,,,,,70,USDOI/USGS,Grab/dip,,Point / Grab: Grab sample (dip),,,,,,,,,,,,,,"Stable, normal stage",Routine sample,,,,,,Turbidity,"Turbidity (ratiometric), broad band (BB) light source (400 nanometers to 680 nanometers), detectors at multiple angles including 60 degrees to 120 degrees",,,Unfiltered,,,,,,,,,,,,,,,,,,,31ceef9c-2b1f-4eaf-91bc-14f92f9ce201,71,NTRU,,Accepted,,,Actual,,,,,,,,,,,,,,,,,,,,,,,,TS098,USDOI/USGS,"HACH, sensor model 2100 AN, R-On",,"DESCRIPTION: HACH, sensor model 2100 AN (Ratio ON), NTRU; CITATION(S): USEPA | 180.1 |<--->| Standard methods for the examination of water and wastewater | STDMETH | 2130 B |<--->| Hach Company, 2014, 2100AN Laboratory Turbidimeter user manual, 11/2014, edition 6, Loveland, Colorado, Hach Company | HACH ",,,,"USGS-NY WSC Low Ionic Strength Lab,Troy(formerly Albany)",,,,,,,,,,,,,,,,,,,,,,,USGS,,Physical,Federal/US Government,2026-07-21,63676,
USGS,U.S. Geological Survey,"[""USGS"",""00ZMM1900""]",,,,,,USGS-331902096282201,"Sister Grove Ck at CR 476 Valdasta, TX",Stream,,Texas,United States of America,Collin County,US,TX,,12030106,120301060302,,,33.3173611111111,-96.4728611111111,NAD83,33.3173611111111,-96.4728611111111,NAD83,,798d0a5a-3cdd-439b-acb3-a2e320f73be3,,Sample-Routine,Water,Surface water,,,,U.S. Geological Survey-Water Resources Discipline,,,,,,,,,,,,,2012-05-21,13:50:00,CDT,,,,,,,,,,,,,,,,,,,,,,,,,,,,,,"Stable, normal stage",Routine sample,,,,,,pH,"pH, water, unfiltered, field",,,Unfiltered,,,,,,,,,,,,,,,,,,,791d1a2e-2162-43fe-a494-c1eb5d2f9dd6,7.7,standard units,,Accepted,,,Actual,,,,,,,,,,,,,,,,,,,,,,,,,,,,,,,,,,,,,,,,,,,,,,,,,,,,,,,USGS,,Physical,Federal/US Government,2026-07-21,00400,
USGS,U.S. Geological Survey,"[""USGS"",""000020000""]",,,,,,USGS-02354800,"ICHAWAYNOCHAWAY CREEK NEAR ELMODEL, GA",Stream,,Georgia,United States of America,Baker County,US,GA,,03130009,,,,31.2936666666667,-84.4885555555555,NAD83,31.2936666666667,-84.4885555555555,NAD83,,6aa1241a-99fc-4e76-875c-3b673fb64ccb,,Sample-Routine,Water,Surface water,,,,USGS - Georgia Water Science Center,,,,,,,,,,,,,2011-07-23,08:03:00,EST,,,,,,,,,,,,70,USDOI/USGS,Grab/dip,,Point / Grab: Grab sample (dip),,,,,,,,,,,,,,"Stable, low stage",Routine sample,,,,,,pH,"pH, water, unfiltered, field",,,Unfiltered,,,,,,,,,,,,,,,,,,,31cef308-a2da-46d3-82a3-b1385dbca66f,7.3,standard units,,Accepted,,,Actual,,,,,,,,,,,,,,,,,,,,,,,,PROBE,USDOI/USGS,"pH, field, electrometric",,"DESCRIPTION: pH, field, electrometric; CITATION(S): U.S. Geological Survey, [variously dated], pH, in National field manual for the collection of water-quality data: U.S. Geological Survey Techniques of Water-Resources Investigations, book 9, chap. A6.4, available online at https://www.usgs.gov/mission-areas/water-resources/science/national-field-manual-collection-water-quality-data-nfm. | USGS | NFM 6.4",,,,USGS - Georgia Water Science Center,,,,,,,,,,,,,,,,,,,,,,,USGS,,Physical,Federal/US Government,2026-07-21,00400,
USGS,U.S. Geological Survey,"[""USGS"",""000034A00""]",,,,,,USGS-07106500,"FOUNTAIN CREEK AT PUEBLO, CO.",Stream,,Colorado,United States of America,Pueblo County,US,CO,,11020003,110200030407,,,38.2877801274775,-104.601084903374,NAD83,38.2877801274775,-104.601084903374,NAD83,,fb565e75-5af5-4eb7-a86a-41e812b6ad12,,Sample-Routine,Water,Surface water,,,,U.S. Geological Survey,,,,,,,,,,,,,2016-01-11,11:00:00,MST,,,,,,,,,,,,10,USDOI/USGS,EWI,,Depth-integrated: Equal-width-increment (EWI),US DH-81,,,,,,,,,,,,,"Stable, normal stage",Routine sample,,,,,,Lead,"Lead, water, filtered",7439-92-1,,Filtered field and/or lab,,,,,,,,,,,,,,,,,,,31cef546-2b32-4884-ab2e-d39d05bae86e,0.078,ug/L,,Accepted,,,Actual,,,,,,,,,,,,,,,Detection limit by DQCALC,0.04,ug/L,Quantitation limit value of the specified type,,,,,,PLM43,USDOI/USGS,"Metals, wf, ICP-MS",,"DESCRIPTION: Metals, filtered water, Inductively coupled plasma-mass spectrometry; CITATION(S): Faires, L.M., 1993, Methods of analysis by the U.S. Geological Survey National Water Quality Laboratory--Determination of metals in water by inductively coupled plasma-mass spectrometry: U.S. Geological Survey Open-File Report 92-634, 28 p. | USGS | I-2477-92",,,,"USGS-National Water Quality Lab, Denver, CO",2016-01-21,,,,,,[n - below the reporting level but at or above the detection level],,,,,,,,,,,,,,,,USGS,,"Inorganics, Minor, Metals",Federal/US Government,2026-07-21,01049,
USGS,U.S. Geological Survey,"[""USGS"",""247600309""]",,,,,,USGS-01553150,"White Deer Creek at White Deer, PA",Stream,,Pennsylvania,United States of America,Union County,US,PA,,02050206,020502061201,,,41.0748057198099,-76.872463556242,NAD83,41.0748057198099,-76.872463556242,NAD83,,6ab0461a-819b-4fc1-a1be-a1cfd8e9d2e9,,Sample-Routine,Water,Surface water,,,,U.S. Geological Survey-Water Resources Discipline,,,,,,,,,,,,,2013-01-10,10:00:00,EST,,,,,,,,,,,,40,USDOI/USGS,Multiple verticals,,Depth-integrated: Multiple verticals,,,,,,,,,,,,,,"Stable, normal stage",Routine sample,,,,,Not Detected,Lead,"Lead, water, filtered",7439-92-1,,Filtered field and/or lab,,,,,,,,,,,,,,,,,,,54cc8ad8-57f5-44d7-a797-3400a9c26474,,,,Provisional,,,Actual,,,,,,,,,,,Censoring Level,1,ug/L,Quantitation limit value associated with a < or > legacy remark code in USGS source data,,,,,,,,,,,,,,,,,,Pennsylvania Department of Environmental Protection,,,,,,,,,,,,,,,,,,,,,,,USGS,,"Inorganics, Minor, Metals",Federal/US Government,2026-07-20,01049,
USGS,U.S. Geological Survey,"[""USGS"",""CFLT""]",,,,,,USGS-12334550,Clark Fork at Turah Bridge nr Bonner MT,Stream,,Montana,United States of America,Missoula County,US,MT,,17010202,170102021405,,,46.8259111111111,-113.814030555556,NAD83,46.8259111111111,-113.814030555556,NAD83,,1d8b832b-df29-4e1a-a6db-de428d1c9277,,Sample-Routine,Water,Surface water,,,,U.S. Geological Survey-Water Resources Discipline,"L-1520033 Received May 31, 2017",,,,,,,,,,,,2017-05-24,09:45:00,MDT,,,,,,,,,,,,20,USDOI/USGS,EDI,,Depth-integrated: Equal-discharge-increment (EDI),"US D-95, plastic bottle",,,,,,,,,,,,,Rising stage,Routine sample,,,,,,Lead,"Lead, water, filtered",7439-92-1,,Filtered field and/or lab,,,,,,,,,,,,,,,,,,,523a37d5-3723-4456-94a3-d4b534371c2d,0.174,ug/L,,Accepted,,,Actual,,,,,,,,,,,,,,,Detection limit by blank data,0.02,ug/L,Quantitation limit value of the specified type,,,,,,PLM43,USDOI/USGS,"Metals, wf, ICP-MS",,"DESCRIPTION: Metals, filtered water, Inductively coupled plasma-mass spectrometry; CITATION(S): Faires, L.M., 1993, Methods of analysis by the U.S. Geological Survey National Water Quality Laboratory--Determination of metals in water by inductively coupled plasma-mass spectrometry: U.S. Geological Survey Open-File Report 92-634, 28 p. | USGS | I-2477-92",,,,"USGS-National Water Quality Lab, Denver, CO",2017-09-20,,,,,,,,,,,,,,,,,,,,,,USGS,,"Inorganics, Minor, Metals",Federal/US Government,2026-07-20,01049,
USGS,U.S. Geological Survey,"[""USGS"",""00003X000""]",,,,,,USGS-01611500,"CACAPON RIVER NEAR GREAT CACAPON, WV",Stream,,West Virginia,United States of America,Morgan County,US,WV,,02070003,020700030708,,,39.5823158035497,-78.3097311698816,NAD83,39.5823158035497,-78.3097311698816,NAD83,,1cc1cd10-6a40-4bab-bdfd-ad289f7d85bb,,Sample-Routine,Water,Surface water,,,,USGS - West Virginia Water Science Center,,,,,,,,,,,,,2017-05-06,13:45:00,EDT,,,,,,,,,,,,10,USDOI/USGS,EWI,,Depth-integrated: Equal-width-increment (EWI),"US DH-95, plastic bottle",,,,,,,,,,,,,Peak stage,Storm,,,,,,Dissolved oxygen (DO),"Dissolved oxygen (DO), water, unfiltered",7782-44-7,,Unfiltered,,,,,,,,,,,,,,,,,,,31cf0382-6771-4572-96ef-eb5c8dba1d6b,8.9,mg/L,,Accepted,,,Actual,,,,,,,,,,,,,,,,,,,,,,,,LUMIN,USDOI/USGS,"Diss oxygen, luminescence sensor",,"DESCRIPTION: Dissolved Oxygen, Luminescence Quenching (Luminescence-Based Sensor); CITATION(S): U.S. Geological Survey, [variously dated], Dissolved oxygen, in National field manual for the collection of water-quality data: U.S. Geological Survey Techniques of Water-Resources Investigations, book 9, chap. A6.2, available online at https://www.usgs.gov/mission-areas/water-resources/science/national-field-manual-collection-water-quality-data-nfm. |<--->| Annual Book of ASTM Standards | ASTM | D888-05 |<--->| Thermo Fisher Scientific, 2008, Orion Rugged Dissolved Oxygen (RDO) Optical Dissolved Oxygen Sensor User Guide, revision A, 10-08 https://documents.thermofisher.com/TFS-Assets/LSG/manuals/D15864~.pdf",,,,U.S. Geological Survey-Water Resources Discipline,,,,,,,,,,,,,,,,,,,,,,,USGS,,"Inorganics, Major, Non-metals",Federal/US Government,2026-07-21,00300,
USGS,U.S. Geological Survey,"[""USGS"",""ZJ00A5701""]",,,,,,USGS-10336700,"INCLINE CK NR CRYSTAL BAY, NV",Stream,,Nevada,United States of America,Washoe County,US,NV,,16050101,160501010102,,,39.2401854952355,-119.944910642372,NAD83,39.2401854952355,-119.944910642372,NAD83,,56337933-eb0c-4c45-9ad6-e29a5b7b690f,,Sample-Routine,Water,Surface water,,,,USGS - Nevada Water Science Center,,,,,,,,,,,,,2017-03-14,11:45:00,PDT,,,,,,,,,,,,10,USDOI/USGS,EWI,,Depth-integrated: Equal-width-increment (EWI),"US DH-81, Teflon cap and nozzle",,,,,,,,,,,,,"Stable, high stage",Routine sample,,,,,,pH,"pH, water, unfiltered, field",,,Unfiltered,,,,,,,,,,,,,,,,,,,523a3fa3-4cd2-4eac-9c6d-36a51322dd11,7.7,standard units,,Accepted,,,Actual,,,,,,,,,,,,,,,,,,,,,,,,,,,,,,,,USGS - Nevada Water Science Center,2017-03-14,,,,,,,,,,,,,,,,,,,,,,USGS,,Physical,Federal/US Government,2026-07-20,00400,
USGS,U.S. Geological Survey,"[""USGS"",""00CCP9900""]",,,,,,USGS-07311800,"S Wichita Rv nr Benjamin, TX",Stream,,Texas,United States of America,Knox County,US,TX,,11130205,111302050206,,,33.644257025451,-99.8009251740748,NAD83,33.644257025451,-99.8009251740748,NAD83,,c3726d7d-9b20-453c-a50a-3d742f9c64bd,,Sample-Routine,Water,Surface water,,,,U.S. Geological Survey-Water Resources Discipline,"L-3250141 Received November 10, 2011",,,,,,,,,,,,2011-11-09,11:05:00,CST,,,,,,,,,,,,40,USDOI/USGS,Multiple verticals,,Depth-integrated: Multiple verticals,,,,,,,,,,,,,,"Stable, normal stage",Routine sample,,,,,Not Detected,Mercury,"Mercury, water, filtered",7439-97-6,,Filtered field and/or lab,,,,,,,,,,,,,,,,,,,31cf0898-2e2b-4e17-9d4a-415d6f083de8,,,,Accepted,,,Actual,,,,,,,,,,,Censoring Level,0.005,ug/L,Quantitation limit value associated with a < or > legacy remark code in USGS source data,Long Term Method Detection Level,0.005,ug/L,Quantitation limit value of the specified type,,,,,,CV014,USDOI/USGS,"Mercury, wf, CV-AFS",,"DESCRIPTION: Mercury in filtered water by cold vapor-atomic fluorescence spectrometry (CV-AFS); CITATION(S): Garbarino, J.R., and Damrau, D.L., 2001, Methods of analysis by the U.S. Geological Survey National Water Quality Laboratory---Determination of organic plus inorganic mercury in filtered and unfiltered natural water with cold vapor--atomic fluorescence spectrometry: U.S. Geological Survey Water-Resources Investigations Report 01-4132, 16 p. | USGS | I-2464-01",,,,"USGS-National Water Quality Lab, Denver, CO",2011-12-29,,,,,,,,,,,,,,,,,,,,,,USGS,,"Inorganics, Minor, Metals",Federal/US Government,2026-07-21,71890,
USGS,U.S. Geological Survey,"[""USGS"",""EH700""]",,,,,,USGS-12508997,"GRANDVIEW DRAIN AT CHASE ROAD NEAR GRANDVIEW, WA",Stream,,Washington,United States of America,Yakima County,US,WA,,17030003,170300031004,,,46.2292985073137,-119.925594413949,NAD83,46.2292985073137,-119.925594413949,NAD83,,6690305d-113b-42ee-bf03-9e9a829aa46b,,Sample-Routine,Water,Surface water,,,,U.S. Geological Survey-Water Resources Discipline,,,,,,,,,,,,,2017-12-12,12:44:00,PST,,,,,,,,,,,,70,USDOI/USGS,Grab/dip,,Point / Grab: Grab sample (dip),,,,,,,,,,,,,,Not applicable,Not applicable,,,,,,Dissolved oxygen (DO),"Dissolved oxygen (DO), water, unfiltered",7782-44-7,,Unfiltered,,,,,,,,,,,,,,,,,,,54cc966a-0a91-4e1a-b540-f852fa5412bd,12.7,mg/L,,Accepted,,,Actual,,,,,,,,,,,,,,,,,,,,,,,,MEMBR,USDOI/USGS,"Diss oxygen, membrane electrode",,"DESCRIPTION: Dissolved Oxygen, Amperometric (Membrane Electrode Method); CITATION(S): Standard methods for the examination of water and wastewater | STDMETH | 4500-O G",,,,,,,,,,,,,,,,,,,,,,,,,,,USGS,,"Inorganics, Major, Non-metals",Federal/US Government,2026-07-20,00300,
USGS,U.S. Geological Survey,"[""USGS"",""0030000""]",,,,,,USGS-01403385,Bound Brook at Route 28 at Middlesex NJ,Stream,,New Jersey,United States of America,Middlesex County,US,NJ,,02030105,020301050504,,,40.5808333333333,-74.4991666666667,NAD83,40.5808333333333,-74.4991666666667,NAD83,,75022125-e9e5-49d7-af39-ee26ed530c7d,,Sample-Routine,Water,Surface water,,,,U.S. Geological Survey-Water Resources Discipline,"A-3210049 TPCN =125mL filtered. L-3210049 Received November 14, 2014",,,,,,,,,,,,2014-11-12,11:30:00,EST,,,,,,,,,,,,40,USDOI/USGS,Multiple verticals,,Depth-integrated: Multiple verticals,Open-mouth bottle,,,,,,,,,,,,,Not determined,Routine sample,,,,,,Turbidity,"Turbidity (ratiometric), broad band (BB) light source (400 nanometers to 680 nanometers), detectors at multiple angles including 60 degrees to 120 degrees",,,Unfiltered,,,,,,,,,,,,,,,,,,,54cca93b-27c5-4199-a0a0-8c5ba29c50c4,2.5,NTRU,,Accepted,,,Actual,,,,,,,,,,,,,,,,,,,,,,,,TS101,USDOI/USGS,"HACH, sensor model 2100 P, NTRU",,"DESCRIPTION: HACH, sensor model 2100 P, NTRU; CITATION(S): USEPA | 180.1",,,,U.S. Geological Survey-Water Resources Discipline,,,,,,,,,,,,,,,,,,,,,,,USGS,,Physical,Federal/US Government,2026-07-20,63676,
USGS,U.S. Geological Survey,"[""NAWQA - National Water-Quality Assessment"",""PUGT""]",,,,,,USGS-12056500,"NF SKOKOMISH R BL STAIRCASE RPDS NR HOODSPORT, WA",Stream,,Washington,United States of America,Mason County,US,WA,,17110017,171100170202,,,47.514256664225,-123.329886837903,NAD83,47.514256664225,-123.329886837903,NAD83,,54b510bf-0e2d-494c-ab5a-36e250e48906,,Sample-Routine,Water,Surface water,,,,U.S. Geological Survey-Water Resources Discipline,"A-2460007 TPCN A: 286.7 B: 389.9 C: 366.8 L-2460007 X = Recvd without ASRs WSC emailed copy,PG,9/3/13 Improper sample container for DOC & DIC",,,,,,,,,,,,2013-08-28,10:30:00,PDT,,,,4.0,m,,,,,,,10,USDOI/USGS,EWI,,Depth-integrated: Equal-width-increment (EWI),"US DH-81, Teflon cap and nozzle",,,,,,,,,,,,,"Stable, normal stage",Routine sample,,,,,,Dissolved oxygen (DO),"Dissolved oxygen (DO), water, unfiltered",7782-44-7,,Unfiltered,,,,,,,,,,,,,,,,,,,932bff2f-8a8b-4833-8c86-1dad4a40a687,11.5,mg/L,,Accepted,,,Actual,,,,,,,,,,,,,,,,,,,,,,,,LUMIN,USDOI/USGS,"Diss oxygen, luminescence sensor",,"DESCRIPTION: Dissolved Oxygen, Luminescence Quenching (Luminescence-Based Sensor); CITATION(S): U.S. Geological Survey, [variously dated], Dissolved oxygen, in National field manual for the collection of water-quality data: U.S. Geological Survey Techniques of Water-Resources Investigations, book 9, chap. A6.2, available online at https://www.usgs.gov/mission-areas/water-resources/science/national-field-manual-collection-water-quality-data-nfm. |<--->| Annual Book of ASTM Standards | ASTM | D888-05 |<--->| Thermo Fisher Scientific, 2008, Orion Rugged Dissolved Oxygen (RDO) Optical Dissolved Oxygen Sensor User Guide, revision A, 10-08 https://documents.thermofisher.com/TFS-Assets/LSG/manuals/D15864~.pdf",,,,,,,,,,,,,,,,,,,,,,,,,,,USGS,,"Inorganics, Major, Non-metals",Federal/US Government,2026-07-21,00300,
USGS,U.S. Geological Survey,"[""USGS""]",,,,,,USGS-05544099,"LAKE BEULAH INLET NEAR EAST TROY, WI",Stream,,Wisconsin,United States of America,Walworth County,US,WI,,07120006,071200060203,,,42.8108471433963,-88.415651987178,NAD83,42.8108471433963,-88.415651987178,NAD83,,79f0c485-ecb4-4ba8-a090-69ec77acbce9,,Sample-Routine,Water,Surface water,,,,U.S. Geological Survey-Water Resources Discipline,,,,,,,,,,,,,2012-05-23,13:00:00,CDT,,,,0.5,m,,,,,,,50,USDOI/USGS,Point sample,,Point / Grab: Point sample,Van Dorn sampler,,,,,,,,,,,,,"Stable, normal stage",Routine sample,,,,,Not Detected,Turbidity,"Turbidity (nephelometry), broad band (BB) light source (400 nanometers to 680 nanometers), detection angle 60 degrees to 120 degrees relative to incident light",,,Unfiltered,,,,,,,,,,,,,,,,,,,523a5632-207a-4d98-8629-3e8990c988a5,,,,Accepted,,,Actual,,,,,,,,,,,Censoring Level,1.0,NTU,Quantitation limit value associated with a < or > legacy remark code in USGS source data,,,,,,,,,,,,,,,,,,"State Laboratory of Hygiene, Wisconsin",,,,,,,,,,,,,,,,,,,,,,,USGS,,Physical,Federal/US Government,2026-07-20,63675,
USGS,U.S. Geological Survey,"[""USGS"",""NS0000300""]",,,,,,USGS-05057200,"BALDHILL CREEK NEAR DAZEY, ND",Stream,,North Dakota,United States of America,Barnes County,US,ND,,09020203,090202030808,,,47.229167,-98.124444,NAD83,47.229167,-98.124444,NAD83,,6ed864d3-a520-44c9-88b8-d128b82dcb74,,Sample-Routine,Water,Surface water,,,,U.S. Geological Survey-Water Resources Discipline,,,,,,,,,,,,,2023-04-28,14:30:00,CDT,,,,,,,,,,,,10,USDOI/USGS,EWI,,Depth-integrated: Equal-width-increment (EWI),"US DH-95, plastic bottle",,,,,,,,,,,,,Falling stage,Routine sample,,,,,,Dissolved oxygen (DO),"Dissolved oxygen (DO), water, unfiltered",7782-44-7,,Unfiltered,,,,,,,,,,,,,,,,,,,523a5901-0474-47df-aa1c-bd57e1cf10e9,10.9,mg/L,,Accepted,,,Actual,,,,,,,,,,,,,,,,,,,,,,,,LUMIN,USDOI/USGS,"Diss oxygen, luminescence sensor",,"DESCRIPTION: Dissolved Oxygen, Luminescence Quenching (Luminescence-Based Sensor); CITATION(S): U.S. Geological Survey, [variously dated], Dissolved oxygen, in National field manual for the collection of water-quality data: U.S. Geological Survey Techniques of Water-Resources Investigations, book 9, chap. A6.2, available online at https://www.usgs.gov/mission-areas/water-resources/science/national-field-manual-collection-water-quality-data-nfm. |<--->| Annual Book of ASTM Standards | ASTM | D888-05 |<--->| Thermo Fisher Scientific, 2008, Orion Rugged Dissolved Oxygen (RDO) Optical Dissolved Oxygen Sensor User Guide, revision A, 10-08 https://documents.thermofisher.com/TFS-Assets/LSG/manuals/D15864~.pdf",,,,U.S. Geological Survey-Water Resources Discipline,,,,,,,,,,,,,,,,,,,,,,,USGS,,"Inorganics, Major, Non-metals",Federal/US Government,2026-07-21,00300,
USGS,U.S. Geological Survey,"[""USGS"",""00003LB00""]",,,,,,USGS-01411466,Indian B near Malaga NJ,Stream,,New Jersey,United States of America,Gloucester County,US,NJ,,02040206,020402060401,,,39.5908333333333,-75.0597222222222,NAD83,39.5908333333333,-75.0597222222222,NAD83,,8e567d64-8f6d-4680-abc1-ee3e91cc3902,,Sample-Routine,Water,Surface water,,,,U.S. Geological Survey-Water Resources Discipline,,,,,,,,,,,,,2020-03-09,10:30:00,EDT,,,,,,,,,,,,70,USDOI/USGS,Grab/dip,,Point / Grab: Grab sample (dip),,,,,,,,,,,,,,"Stable, normal stage",Routine sample,,,,,,Turbidity,"Turbidity (nephelometry), monochrome near-infrared (NIR) light-emitting diode (LED) light source (780 nanometers to 900 nanometers), detection angle 87.5 degrees to 92.5 degrees",,,Unfiltered,,,,,,,,,,,,,,,,,,,54ccb465-4ae8-4688-b1a1-e5162635935b,0.9,FNU,,Accepted,,,Actual,,,,,,,,,,,,,,,,,,,,,,,,TS213,USDOI/USGS,"YSI EXO turbidity sensor, FNU",,"DESCRIPTION: YSI Environmental, EXO turbidity sensor, FNU; CITATION(S): ISO | 7027",,,,U.S. Geological Survey-Water Resources Discipline,,,,,,,,,,,,,,,,,,,,,,,USGS,,Physical,Federal/US Government,2026-07-20,63680,
USGS,U.S. Geological Survey,"[""USGS"",""0001U100""]",,,,,,USGS-02207220,"YELLOW RIVER AT PLEASANT HILL ROAD, NR LITHONIA,GA",Stream,,Georgia,United States of America,DeKalb County,US,GA,,03070103,,,,33.7335833333333,-84.0615555555556,NAD83,33.7335833333333,-84.0615555555556,NAD83,,8a421015-2279-47df-b315-86eab9f1d670,,Sample-Routine,Water,Surface water,,,,U.S. Geological Survey-Water Resources Discipline,LabSampleID: 280-21866-1,,,,,,,,,,,,2011-10-20,10:00:00,EST,,,,,,,,,,,,10,USDOI/USGS,EWI,,Depth-integrated: Equal-width-increment (EWI),"US DH-95, plastic bottle",,,,,,,,,,,,,Falling stage,Routine sample,,,,,,pH,"pH, water, unfiltered, field",,,Unfiltered,,,,,,,,,,,,,,,,,,,791d494c-e756-4deb-a521-df8e1f47fcd4,7.2,standard units,,Accepted,,,Actual,,,,,,,,,,,,,,,,,,,,,,,,,,,,,,,,U.S. Geological Survey-Water Resources Discipline,,,,,,,,,,,,,,,,,,,,,,,USGS,,Physical,Federal/US Government,2026-07-21,00400,
USGS,U.S. Geological Survey,"[""USGS"",""24829RO35""]",,,,,,USGS-01644343,"SUGARLAND RUN TRIB BL CRAYTON RD NR HERNDON, VA",Stream,,Virginia,United States of America,Fairfax County,US,VA,,02070008,020700080905,,,38.9986027777778,-77.3606555555556,NAD83,38.9986027777778,-77.3606555555556,NAD83,,61bbf901-9223-4831-8623-97455c2338b7,,Sample-Routine,Water,Surface water,,,,U.S. Geological Survey-Water Resources Discipline,,,,,,,,,,,,,2021-12-14,12:00:00,EST,,,,,,,,,,,,70,USDOI/USGS,Grab/dip,,Point / Grab: Grab sample (dip),,,,,,,,,,,,,,"Stable, normal stage",Routine sample,,,,,,pH,"pH, water, unfiltered, field",,,Unfiltered,,,,,,,,,,,,,,,,,,,932c1541-dfe8-49ab-891f-c2d2e3bbeb66,7.6,standard units,,Accepted,,,Actual,,,,,,,,,,,,,,,,,,,,,,,,PROBE,USDOI/USGS,"pH, field, electrometric",,"DESCRIPTION: pH, field, electrometric; CITATION(S): U.S. Geological Survey, [variously dated], pH, in National field manual for the collection of water-quality data: U.S. Geological Survey Techniques of Water-Resources Investigations, book 9, chap. A6.4, available online at https://www.usgs.gov/mission-areas/water-resources/science/national-field-manual-collection-water-quality-data-nfm. | USGS | NFM 6.4",,,,U.S. Geological Survey-Water Resources Discipline,,,,,,,,,,,,,,,,,,,,,,,USGS,,Physical,Federal/US Government,2026-07-21,00400,
USGS,U.S. Geological Survey,"[""Great Lakes Restoration Initiative"",""GLRINUTS""]",,,,,,USGS-04199000,Huron River at Milan OH,Stream,,Ohio,United States of America,Erie County,US,OH,,04100012,041000120606,,,41.3008852324435,-82.6082326022024,NAD83,41.3008852324435,-82.6082326022024,NAD83,,5fe5bfdf-5087-4084-9ee4-3236bfab321e,,Sample-Routine,Water,Surface water,,,,U.S. Geological Survey-Water Resources Discipline,,,,,,,,,,,,,2019-06-04,09:40:00,EDT,,,,,,,,,,,,10,USDOI/USGS,EWI,,Depth-integrated: Equal-width-increment (EWI),"US DH-95, plastic bottle",,,,,,,,,,,,,Falling stage,Routine sample,,,,,,pH,"pH, water, unfiltered, field",,,Unfiltered,,,,,,,,,,,,,,,,,,,932c176e-fd93-440b-90f2-bf998dea039e,8.0,standard units,,Accepted,,,Actual,,,,,,,,,,,,,,,,,,,,,,,,PROBE,USDOI/USGS,"pH, field, electrometric",,"DESCRIPTION: pH, field, electrometric; CITATION(S): U.S. Geological Survey, [variously dated], pH, in National field manual for the collection of water-quality data: U.S. Geological Survey Techniques of Water-Resources Investigations, book 9, chap. A6.4, available online at https://www.usgs.gov/mission-areas/water-resources/science/national-field-manual-collection-water-quality-data-nfm. | USGS | NFM 6.4",,,,U.S. Geological Survey-Water Resources Discipline,,,,,,,,,,,,,,,,,,,,,,,USGS,,Physical,Federal/US Government,2026-07-21,00400,
USGS,U.S. Geological Survey,"[""USGS"",""00TJ29000""]",,,,,,USGS-350135106402210,RIO GRANDE BELOW RIO BRAVO,Stream,,New Mexico,United States of America,Bernalillo County,US,NM,,13020203,130202030305,,,35.0264027777778,-106.673,NAD83,35.0264027777778,-106.673,NAD83,,5bb54341-1e7e-4257-8d66-398658495c52,,Sample-Routine,Water,Surface water,,,,U.S. Geological Survey-Water Resources Discipline,high sand content,,,,,,,,,,,,2020-06-10,10:40:00,MDT,,,,,,,,,,,,70,USDOI/USGS,Grab/dip,,Point / Grab: Grab sample (dip),,,,,,,,,,,,,,"Stable, low stage",Routine sample,,,,,,pH,"pH, water, unfiltered, field",,,Unfiltered,,,,,,,,,,,,,,,,,,,523a61f8-e4f4-4812-845e-325bd9cd013c,8.3,standard units,,Accepted,,,Actual,,,,,,,,,,,,,,,,,,,,,,,,PROBE,USDOI/USGS,"pH, field, electrometric",,"DESCRIPTION: pH, field, electrometric; CITATION(S): U.S. Geological Survey, [variously dated], pH, in National field manual for the collection of water-quality data: U.S. Geological Survey Techniques of Water-Resources Investigations, book 9, chap. A6.4, available online at https://www.usgs.gov/mission-areas/water-resources/science/national-field-manual-collection-water-quality-data-nfm. | USGS | NFM 6.4",,,,U.S. Geological Survey-Water Resources Discipline,,,,,,,,,,,,,,,,,,,,,,,USGS,,Physical,Federal/US Government,2026-07-20,00400,
USGS,U.S. Geological Survey,"[""USGS"",""U3W00""]",,,,,,USGS-06889110,"SOLDIER CREEK NR CORNING, KS",Stream,,Kansas,United States of America,Nemaha County,US,KS,,10270102,102701020801,,,39.609547222222226,-95.97605555555556,NAD83,39.609547222222226,-95.97605555555556,NAD83,,2878e8b6-a76b-4721-99bf-76a4bf87128e,,Sample-Routine,Water,Surface water,,,,USGS - Kansas Water Science Center,,,,,,,,,,,,,2022-07-13,12:50:00,CDT,,,,,,,,,,,,70,USDOI/USGS,Grab/dip,,Point / Grab: Grab sample (dip),Open-mouth bottle,,,,,,,,,,,,,"Stable, low stage",Routine sample,,,,,,Turbidity,"Turbidity (ratiometric), broad band (BB) light source (400 nanometers to 680 nanometers), detectors at multiple angles including 60 degrees to 120 degrees",,,Unfiltered,,,,,,,,,,,,,,,,,,,932c243a-41be-4059-899f-683dee6a816a,6.2,NTRU,,Accepted,,,Estimated,,,,,,,,,,,,,,,Lower Reporting Limit,2,NTRU,Quantitation limit value of the specified type,,,,,,TS098,USDOI/USGS,"HACH, sensor model 2100 AN, R-On",,"DESCRIPTION: HACH, sensor model 2100 AN (Ratio ON), NTRU; CITATION(S): USEPA | 180.1 |<--->| Standard methods for the examination of water and wastewater | STDMETH | 2130 B |<--->| Hach Company, 2014, 2100AN Laboratory Turbidimeter user manual, 11/2014, edition 6, Loveland, Colorado, Hach Company | HACH ",,,,"USGS-National Water Quality Lab, Denver, CO",2022-07-22,,,,,,[b - value extrapolated at low end],,,,,,,,,,,,,,,,USGS,,Physical,Federal/US Government,2026-07-21,63676,
USGS,U.S. Geological Survey,"[""USGS""]",,,,,,USGS-07373424,"THOMPSON CREEK NEAR NEWTONIA, MS",Stream,,Mississippi,United States of America,Wilkinson County,US,MS,,08070201,080702010301,,,31.0405833333333,-91.1657222222222,NAD83,31.0405833333333,-91.1657222222222,NAD83,,029007fc-bdf4-413f-bd41-31fd93a7759c,,Sample-Routine,Water,Surface water,,,,U.S. Geological Survey-Water Resources Discipline,,,,,,,,,,,,,2014-08-14,16:00:00,CDT,,,,,,,,,,,,,,,,,,,,,,,,,,,,,,"Stable, normal stage",Routine sample,,,,,,Dissolved oxygen (DO),"Dissolved oxygen (DO), water, unfiltered",7782-44-7,,Unfiltered,,,,,,,,,,,,,,,,,,,31cf3cd7-f2d2-4797-b798-3263816143f5,7.5,mg/L,,Accepted,,,Actual,,,,,,,,,,,,,,,,,,,,,,,,LUMIN,USDOI/USGS,"Diss oxygen, luminescence sensor",,"DESCRIPTION: Dissolved Oxygen, Luminescence Quenching (Luminescence-Based Sensor); CITATION(S): U.S. Geological Survey, [variously dated], Dissolved oxygen, in National field manual for the collection of water-quality data: U.S. Geological Survey Techniques of Water-Resources Investigations, book 9, chap. A6.2, available online at https://www.usgs.gov/mission-areas/water-resources/science/national-field-manual-collection-water-quality-data-nfm. |<--->| Annual Book of ASTM Standards | ASTM | D888-05 |<--->| Thermo Fisher Scientific, 2008, Orion Rugged Dissolved Oxygen (RDO) Optical Dissolved Oxygen Sensor User Guide, revision A, 10-08 https://documents.thermofisher.com/TFS-Assets/LSG/manuals/D15864~.pdf",,,,U.S. Geological Survey-Water Resources Discipline,,,,,,,,,,,,,,,,,,,,,,,USGS,,"Inorganics, Major, Non-metals",Federal/US Government,2026-07-21,00300,
USGS,U.S. Geological Survey,"[""USGS"",""GWU2200""]",,,,,,USGS-03378500,"WABASH RIVER AT NEW HARMONY, IN",Stream,,Indiana,United States of America,Posey County,US,IN,,05120113,,,,38.13089124398878,-87.94141452141561,NAD83,38.13089124398878,-87.94141452141561,NAD83,,d72fb517-6f9c-47d3-8ef9-9aa9bb3a23f4,,Sample-Integrated Vertical Profile,Water,Surface water,,,,U.S. Geological Survey-Water Resources Discipline,,,,,,,,,,,,,2020-08-24,11:32:00,CST,,,,,,,,,,,,,,,,,,,,,,,,,,,,,,"Stable, normal stage",Routine sample,,,,,,pH,"pH, water, unfiltered, field",,,Unfiltered,,,,,,,,,,,,,,,,,,,523a6db7-8c58-4c1f-82fd-5be97fd62b47,8.5,standard units,,Accepted,,,Actual,,,,,,,,,,,,,,,,,,,,,,,,PROBE,USDOI/USGS,"pH, field, electrometric",,"DESCRIPTION: pH, field, electrometric; CITATION(S): U.S. Geological Survey, [variously dated], pH, in National field manual for the collection of water-quality data: U.S. Geological Survey Techniques of Water-Resources Investigations, book 9, chap. A6.4, available online at https://www.usgs.gov/mission-areas/water-resources/science/national-field-manual-collection-water-quality-data-nfm. | USGS | NFM 6.4",,,,U.S. Geological Survey,,,,,,,,,,,,,,,,,,,,,,,USGS,,Physical,Federal/US Government,2026-07-20,00400,
USGS,U.S. Geological Survey,"[""USGS"",""000039900""]",,,,,,USGS-05497150,"North Fabius River near Ewing, MO",Stream,,Missouri,United States of America,Lewis County,US,MO,,07110002,071100020404,,,40.0189027777778,-91.6223416666667,NAD83,40.0189027777778,-91.6223416666667,NAD83,,e3aae6ac-569e-4bc9-aefe-fff9cfda76dd,,Sample-Routine,Water,Surface water,,,,U.S. Geological Survey-Water Resources Discipline,,,,,,,,,,,,,2013-10-29,14:30:00,CDT,,,,,,,,,,,,40,USDOI/USGS,Multiple verticals,,Depth-integrated: Multiple verticals,"US WBH-96, weighted bottle",,,,,,,,,,,,,"Stable, low stage",Routine sample,,,,,,pH,"pH, water, unfiltered, laboratory",,,Unfiltered,,,,,,,,,,,,,,,,,,,523a7442-9412-4c89-8a2a-a9bdc1af29b7,8.0,standard units,,Accepted,,,Actual,,,,,,,,,,,,,,,Lower Reporting Limit,0.1,standard units,Quantitation limit value of the specified type,,,,,,EL006,USDOI/USGS,"pH, lab, auto glass electrode",,"DESCRIPTION: pH, lab, by automated glass electrode; CITATION(S): Fishman, M.J., and Friedman, L.C., 1989, Methods for determination of inorganic substances in water and fluvial sediments: U.S. Geological Survey Techniques of Water-Resources Investigations, book 5, chap. A1, p. 363-364. | USGS | I-2587-85",,,,"USGS-National Water Quality Lab, Denver, CO",2013-11-04,,,,,,,,,,,,,,,,,,,,,,USGS,,Physical,Federal/US Government,2026-07-20,00403,
USGS,U.S. Geological Survey,"[""USGS"",""247600309""]",,,,,,USGS-01534000,"Tunkhannock Creek near Tunkhannock, PA",Stream,,Pennsylvania,United States of America,Wyoming County,US,PA,,02050106,020501061208,,,41.558410075001,-75.8946416803412,NAD83,41.558410075001,-75.8946416803412,NAD83,,71280505-cc86-4400-8b13-2b84c6bc0176,,Sample-Routine,Water,Surface water,,,,U.S. Geological Survey-Water Resources Discipline,,,,,,,,,,,,,2010-11-09,12:00:00,EST,,,,,,,,,,,,40,USDOI/USGS,Multiple verticals,,Depth-integrated: Multiple verticals,,,,,,,,,,,,,,"Stable, normal stage",Routine sample,,,,,,pH,"pH, water, unfiltered, laboratory",,,Unfiltered,,,,,,,,,,,,,,,,,,,31cf4d13-33e1-496b-94a7-904bb143f500,7.3,standard units,,Accepted,,,Actual,,,,,,,,,,,,,,,,,,,,,,,,,,,,,,,,Pennsylvania Department of Environmental Protection,,,,,,,,,,,,,,,,,,,,,,,USGS,,Physical,Federal/US Government,2026-07-21,00403,
USGS,U.S. Geological Survey,"[""USGS"",""TMDL-RIBS""]",,,,,,USGS-01341140,REALL CREEK AT MOUTH AT UTICA NY,Stream,,New York,United States of America,Oneida County,US,NY,,02020004,020200040311,,,43.1119444444444,-75.2141666666667,NAD83,43.1119444444444,-75.2141666666667,NAD83,,364518c0-763b-4d7a-a253-015a2a9181fa,,Sample-Routine,Water,Surface water,,,,U.S. Geological Survey-Water Resources Discipline,L-2930103 FED EX LATE DELIVERY,,,,,,,,,,,,2016-10-11,11:00:00,EST,,,,,,,,,,,,15,USDOI/USGS,"EWT, multiple verticals",,"Depth-integrated: 10 or more equal-width verticals, non-isokinetic transit rate limited by velocity (EWT)",US DH-81,,,,,,,,,,,,,"Stable, normal stage",Routine sample,,,,,Not Detected,Lead,"Lead, water, filtered",7439-92-1,,Filtered field and/or lab,,,,,,,,,,,,,,,,,,,54ccdb17-3641-4030-ae19-9b707bf795aa,,,,Accepted,,,Actual,,,,,,,,,,,Censoring Level,83,ug/L,Quantitation limit value associated with a < or > legacy remark code in USGS source data,,,,,,,,,,PL125,USDOI/USGS,"Elements, wf, ICP/OES (USGS-NYL)",,"DESCRIPTION: Elements, filtered water, inductively coupled plasma optical emission spectrometry ICP/OES (USGS-NYL); CITATION(S): USEPA | 200.7 Rev 4.4",,,,"USGS-NY WSC Low Ionic Strength Lab,Troy(formerly Albany)",,,,,,,,,,,,,,,,,,,,,,,USGS,,"Inorganics, Minor, Metals",Federal/US Government,2026-07-20,01049,
USGS,U.S. Geological Survey,"[""USGS"",""NS0000300""]",,,,,,USGS-05102490,"RED RIVER OF THE NORTH AT PEMBINA, ND",Stream,,North Dakota,United States of America,Pembina County,US,ND,,09020311,090203110804,,,48.973611,-97.241389,NAD83,48.973611,-97.241389,NAD83,,3b7b9c41-5aff-4e74-8bf7-4fd2cd6187df,,Sample-Routine,Water,Surface water,,,,U.S. Geological Survey-Water Resources Discipline,tech sample 1/1,,,,,,,,,,,,2010-10-12,09:45:00,CDT,,,,,,,,,,,,10,USDOI/USGS,EWI,,Depth-integrated: Equal-width-increment (EWI),US DH-2,,,,,,,,,,,,,Falling stage,Routine sample,,,,,,Turbidity,"Turbidity (nephelometry), monochrome near-infrared (NIR) light-emitting diode (LED) light source (780 nanometers to 900 nanometers), detection angle 87.5 degrees to 92.5 degrees",,,Unfiltered,,,,,,,,,,,,,,,,,,,791d7f3a-84ed-4888-b185-2808ce123ed3,75,FNU,,Accepted,,,Actual,,,,,,,,,,,,,,,,,,,,,,,,TS087,USDOI/USGS,"YSI Environmental, sensor 6136",,"DESCRIPTION: YSI Environmental, sensor model 6136, several multiparameter instruments, FNU; CITATION(S): ISO | 7027",,,,U.S. Geological Survey-Water Resources Discipline,,,,,,,,,,,,,,,,,,,,,,,USGS,,Physical,Federal/US Government,2026-07-20,63680,
USGS,U.S. Geological Survey,"[""USGS"",""IA NWQN-SW""]",,,,,,USGS-05465500,"Iowa River at Wapello, IA",Stream,,Iowa,United States of America,Louisa County,US,IA,,07080209,070802091104,,,41.1780861111111,-91.1820916666667,NAD83,41.1780861111111,-91.1820916666667,NAD83,,7931a22a-894a-4194-bedb-5f5b01161b54,,Sample-Routine,Water,Surface water,,,,U.S. Geological Survey-Water Resources Discipline,ID-05915A,,,,,,,,,,,,2022-04-13,11:00:00,CDT,,,,,,,,,,,,40,USDOI/USGS,Multiple verticals,,Depth-integrated: Multiple verticals,"US DH-81, Teflon cap and nozzle",,,,,,,,,,,,,"Stable, normal stage",Routine sample,,,,,,pH,"pH, water, unfiltered, field",,,Unfiltered,,,,,,,,,,,,,,,,,,,932c49e9-5d47-45c1-b6b8-992482509baa,8.6,standard units,,Accepted,,,Actual,,,,,,,,,,,,,,,,,,,,,,,,,,,,,,,,U.S. Geological Survey-Water Resources Discipline,,,,,,,,,,,,,,,,,,,,,,,USGS,,Physical,Federal/US Government,2026-07-21,00400,
USGS,U.S. Geological Survey,"[""USGS"",""247600309""]",,,,,,USGS-04220350,"Genesee River US Cryder Creek at Genesee, PA",Stream,,Pennsylvania,United States of America,Potter County,US,PA,,04130002,041300020103,,,41.9942342369411,-77.8702758584464,NAD83,41.9942342369411,-77.8702758584464,NAD83,,0727fb8b-109b-4d40-8066-16a83d066683,,Sample-Routine,Water,Surface water,,,,U.S. Geological Survey-Water Resources Discipline,,,,,,,,,,,,,2015-09-03,10:00:00,EDT,,,,,,,,,,,,40,USDOI/USGS,Multiple verticals,,Depth-integrated: Multiple verticals,,,,,,,,,,,,,,"Stable, normal stage",Routine sample,,,,,,pH,"pH, water, unfiltered, laboratory",,,Unfiltered,,,,,,,,,,,,,,,,,,,791d8454-7446-42ab-a68a-dccecb054cb2,7.7,standard units,,Accepted,,,Actual,,,,,,,,,,,,,,,,,,,,,,,,,,,,,,,,Pennsylvania Department of Environmental Protection,,,,,,,,,,,,,,,,,,,,,,,USGS,,Physical,Federal/US Government,2026-07-20,00403,
USGS,U.S. Geological Survey,"[""USGS"",""003KL00""]",,,,,,USGS-11501000,"SPRAGUE RIVER NEAR CHILOQUIN, OR",Stream,,Oregon,United States of America,Klamath County,US,OR,,18010202,180102020715,,,42.5843055555556,-121.848333333333,NAD83,42.5843055555556,-121.848333333333,NAD83,,b5afa75b-c212-492f-8f5a-429c970598de,,Sample-Routine,Water,Surface water,,,,U.S. Geological Survey-Water Resources Discipline,,,,,,,,,,,,,2021-09-07,08:09:00,PST,,,,,,,,,,,,40,USDOI/USGS,Multiple verticals,,Depth-integrated: Multiple verticals,"US DH-95, plastic bottle",,,,,,,,,,,,,"Stable, low stage",Routine sample,,,,,,Dissolved oxygen (DO),"Dissolved oxygen (DO), water, unfiltered",7782-44-7,,Unfiltered,,,,,,,,,,,,,,,,,,,523a9d06-8658-4b77-8f3e-45748a07cb57,9.1,mg/L,,Accepted,,,Actual,,,,,,,,,,,,,,,,,,,,,,,,LUMIN,USDOI/USGS,"Diss oxygen, luminescence sensor",,"DESCRIPTION: Dissolved Oxygen, Luminescence Quenching (Luminescence-Based Sensor); CITATION(S): U.S. Geological Survey, [variously dated], Dissolved oxygen, in National field manual for the collection of water-quality data: U.S. Geological Survey Techniques of Water-Resources Investigations, book 9, chap. A6.2, available online at https://www.usgs.gov/mission-areas/water-resources/science/national-field-manual-collection-water-quality-data-nfm. |<--->| Annual Book of ASTM Standards | ASTM | D888-05 |<--->| Thermo Fisher Scientific, 2008, Orion Rugged Dissolved Oxygen (RDO) Optical Dissolved Oxygen Sensor User Guide, revision A, 10-08 https://documents.thermofisher.com/TFS-Assets/LSG/manuals/D15864~.pdf",,,,U.S. Geological Survey-Water Resources Discipline,,,,,,,,,,,,,,,,,,,,,,,USGS,,"Inorganics, Major, Non-metals",Federal/US Government,2026-07-21,00300,
USGS,U.S. Geological Survey,"[""USGS"",""NS0000300""]",,,,,,USGS-05085000,"FOREST RIVER AT MINTO, ND",Stream,,North Dakota,United States of America,Walsh County,US,ND,,09020308,090203080503,,,48.286111,-97.369722,NAD83,48.286111,-97.369722,NAD83,,3249503c-b292-4484-a9e4-c55247ae92ec,,Sample-Routine,Water,Surface water,,,,U.S. Geological Survey-Water Resources Discipline,,,,,,,,,,,,,2011-08-08,13:15:00,CDT,,,,,,,,,,,,40,USDOI/USGS,Multiple verticals,,Depth-integrated: Multiple verticals,Weighted bottle,,,,,,,,,,,,,"Stable, low stage",Routine sample,,,,,Not Detected,Lead,"Lead, water, filtered",7439-92-1,,Filtered field and/or lab,,,,,,,,,,,,,,,,,,,31cf7023-ca17-4830-bd30-83d0e814048f,,,,Accepted,,,Actual,,,,,,,,,,,Censoring Level,5.00,ug/L,Quantitation limit value associated with a < or > legacy remark code in USGS source data,,,,,,,,,,PLM43,USDOI/USGS,"Metals, wf, ICP-MS",,"DESCRIPTION: Metals, filtered water, Inductively coupled plasma-mass spectrometry; CITATION(S): Faires, L.M., 1993, Methods of analysis by the U.S. Geological Survey National Water Quality Laboratory--Determination of metals in water by inductively coupled plasma-mass spectrometry: U.S. Geological Survey Open-File Report 92-634, 28 p. | USGS | I-2477-92",,,,North Dakota State Health Department Laboratory,,,,,,,,,,,,,,,,,,,,,,,USGS,,"Inorganics, Minor, Metals",Federal/US Government,2026-07-21,01049,
USGS,U.S. Geological Survey,"[""USGS"",""250300370""]",,,,,,USGS-02384750,"CONASAUGA RIVER AT US 76, NEAR DALTON, GA",Stream,,Georgia,United States of America,Whitfield County,US,GA,,03150101,,,,34.783452224192004,-84.87298639556629,NAD83,34.783452224192004,-84.87298639556629,NAD83,,dc2d88bf-2c84-4e9c-aa72-8aaf1c7f915b,,Sample-Routine,Water,Surface water,,,,U.S. Geological Survey-Water Resources Discipline,GAEPD ID: RV_14_4438,,,,,,,,,,,,2020-11-17,08:50:00,EST,,,,,,,,,,,,10,USDOI/USGS,EWI,,Depth-integrated: Equal-width-increment (EWI),"US WBH-96, weighted bottle",,,,,,,,,,,,,Not determined,Routine sample,,,,,,pH,"pH, water, unfiltered, laboratory",,,Unfiltered,,,,,,,,,,,,,,,,,,,791d8b53-bcd4-4f3c-8358-1486f15817c9,7.5,standard units,,Accepted,,,Actual,,,,,,,,,,,,,,,Lower Reporting Limit,1.0,standard units,Quantitation limit value of the specified type,,,,,,EL008,USDOI/USGS,"pH, wu, lab (Std Methods /DODEC)",,"DESCRIPTION: pH of unfiltered water, laboratory, by electrometry (Standard Methods 4500-H B; DODEC program); CITATION(S): Standard methods for the examination of water and wastewater | STDMETH | 4500-H B",,,,Georgia State Natural Resources Department,,,,,,,,,,,,,,,,,,,,,,,USGS,,Physical,Federal/US Government,2026-07-20,00403,
USGS,U.S. Geological Survey,"[""USGS"",""GOAP FY21""]",,,,,,USGS-03254520,"LICKING RIVER AT HWY 536 NEAR ALEXANDRIA, KY",Stream,,Kentucky,United States of America,Campbell County,US,KY,,05100101,,,,38.920341703603,-84.4479954924722,NAD83,38.920341703603,-84.4479954924722,NAD83,,a7dc2fd7-f3dc-49e4-b8e4-5f9cbc6776cb,,Sample-Routine,Water,Surface water,,,,U.S. Geological Survey-Water Resources Discipline,,,,,,,,,,,,,2021-09-29,09:10:00,EST,,,,,,,,,,,,10,USDOI/USGS,EWI,,Depth-integrated: Equal-width-increment (EWI),US DH-2,,,,,,,,,,,,,Falling stage,Routine sample,,,,,,Turbidity,"Turbidity (nephelometry), monochrome near-infrared (NIR) light-emitting diode (LED) light source (780 nanometers to 900 nanometers), detection angle 87.5 degrees to 92.5 degrees",,,Unfiltered,,,,,,,,,,,,,,,,,,,932c4e3f-d207-48c3-b555-95a4dff48f2b,25,FNU,,Accepted,,,Actual,,,,,,,,,,,,,,,,,,,,,,,,,,,,,,,,U.S. Geological Survey-Water Resources Discipline,,,,,,,,,,,,,,,,,,,,,,,USGS,,Physical,Federal/US Government,2026-07-21,63680,
USGS,U.S. Geological Survey,"[""NAWQA - National Water-Quality Assessment"",""00CRM5400""]",,,,,,USGS-11447650,SACRAMENTO R A FREEPORT CA,Stream,,California,United States of America,Sacramento County,US,CA,,18020163,180201630701,,,38.4556638888889,-121.501616666667,NAD83,38.4556638888889,-121.501616666667,NAD83,,833af909-acb2-4291-b05d-e954ffe5fc5a,,Sample-Routine,Water,Surface water,,,,USGS - California Water Science Center,"A-2120038 TPCN 100mL each for a total of 300mL Program/Project - SWMSA L-2120038 Received July 30, 2013",,,,,,,,,,,,2013-07-29,12:30:00,PDT,,,,,,,,,,,,10,USDOI/USGS,EWI,,Depth-integrated: Equal-width-increment (EWI),US D-96,,,,,,,,,,,,,"Stable, normal stage",Routine sample,,,,,,pH,"pH, water, unfiltered, field",,,Unfiltered,,,,,,,,,,,,,,,,,,,932c5b53-ef23-4706-93fc-c6897f83b4db,7.5,standard units,,Accepted,,,Actual,,,,,,,,,,,,,,,,,,,,,,,,PROBE,USDOI/USGS,"pH, field, electrometric",,"DESCRIPTION: pH, field, electrometric; CITATION(S): U.S. Geological Survey, [variously dated], pH, in National field manual for the collection of water-quality data: U.S. Geological Survey Techniques of Water-Resources Investigations, book 9, chap. A6.4, available online at https://www.usgs.gov/mission-areas/water-resources/science/national-field-manual-collection-water-quality-data-nfm. | USGS | NFM 6.4",,,,U.S. Geological Survey-Water Resources Discipline,,,,,,,,,,,,,,,,,,,,,,,USGS,,Physical,Federal/US Government,2026-07-21,00400,
USGS,U.S. Geological Survey,"[""USGS"",""250300370""]",,,,,,USGS-02328200,"OCHLOCKONEE RIVER NEAR CALVARY, GA",Stream,,Georgia,United States of America,Grady County,US,GA,,03120003,,,,30.731608730780323,-84.23658201002696,NAD83,30.731608730780323,-84.23658201002696,NAD83,,a2be18d7-0e97-49b1-97e4-475f16c3501f,,Sample-Routine,Water,Surface water,,,,U.S. Geological Survey-Water Resources Discipline,,,,,,,,,,,,,2014-02-19,10:05:00,EST,,,,,,,,,,,,70,USDOI/USGS,Grab/dip,,Point / Grab: Grab sample (dip),Weighted bottle,,,,,,,,,,,,,Not determined,Routine sample,,,,,,Dissolved oxygen (DO),"Dissolved oxygen (DO), water, unfiltered",7782-44-7,,Unfiltered,,,,,,,,,,,,,,,,,,,31cf7aaf-4a89-4428-84f5-2bdc13c5880b,8.4,mg/L,,Accepted,,,Actual,,,,,,,,,,,,,,,,,,,,,,,,MEMBR,USDOI/USGS,"Diss oxygen, membrane electrode",,"DESCRIPTION: Dissolved Oxygen, Amperometric (Membrane Electrode Method); CITATION(S): Standard methods for the examination of water and wastewater | STDMETH | 4500-O G",,,,U.S. Geological Survey-Water Resources Discipline,,,,,,,,,,,,,,,,,,,,,,,USGS,,"Inorganics, Major, Non-metals",Federal/US Government,2026-07-21,00300,
USGS,U.S. Geological Survey,"[""NAWQA - National Water-Quality Assessment"",""00CRM2200""]",,,,,,USGS-01184000,"CONNECTICUT RIVER AT THOMPSONVILLE, CT",Stream,,Connecticut,United States of America,Capitol Planning Region,US,CT,,01080205,010802050105,,,41.987204616172,-72.6053482565335,NAD83,41.987204616172,-72.6053482565335,NAD83,,b7c9bdc4-5488-43f9-bb99-54939ca3f6e0,,Sample-Routine,Water,Surface water,,,,U.S. Geological Survey-Water Resources Discipline,"A-2040092 Sch: 2431: Filter 1 vol = mL Filter 2 vol = mL Filter 3 vol = mL L-2040092 Received July 19, 2013",,,,,,,,,,,,2013-07-18,09:50:00,EST,,,,,,,,,,,,15,USDOI/USGS,"EWT, multiple verticals",,"Depth-integrated: 10 or more equal-width verticals, non-isokinetic transit rate limited by velocity (EWT)","US DH-95, Teflon bottle",,,,,,,,,,,,,"Stable, normal stage",Regulated flow,,,,,,Dissolved oxygen (DO),"Dissolved oxygen (DO), water, unfiltered",7782-44-7,,Unfiltered,,,,,,,,,,,,,,,,,,,791d9294-44ec-4f7a-a9cc-6e875587d4b3,7.4,mg/L,,Accepted,,,Actual,,,,,,,,,,,,,,,,,,,,,,,,MEMBR,USDOI/USGS,"Diss oxygen, membrane electrode",,"DESCRIPTION: Dissolved Oxygen, Amperometric (Membrane Electrode Method); CITATION(S): Standard methods for the examination of water and wastewater | STDMETH | 4500-O G",,,,U.S. Geological Survey-Water Resources Discipline,,,,,,,,,,,,,,,,,,,,,,,USGS,,"Inorganics, Major, Non-metals",Federal/US Government,2026-07-20,00300,
USGS,U.S. Geological Survey,"[""USGS""]",,,,,,USGS-07049691,White River at Beaver Dam near Eureka Springs,Stream,,Arkansas,United States of America,Carroll County,US,AR,,11010001,110100010803,,,36.4208333333333,-93.8472222222222,NAD83,36.4208333333333,-93.8472222222222,NAD83,,34ac4804-5f71-4a1c-9224-172f475d7e54,,Sample-Routine,Water,Surface water,,,,U.S. Geological Survey-Water Resources Discipline,,,,,,,,,,,,,2011-07-12,09:15:00,CDT,,,,,,,,,,,,70,USDOI/USGS,Grab/dip,,Point / Grab: Grab sample (dip),,,,,,,,,,,,,,"Stable, normal stage",Routine sample,,,,,,pH,"pH, water, unfiltered, field",,,Unfiltered,,,,,,,,,,,,,,,,,,,523aacb0-40bf-4096-a24d-8d885a311d58,7.1,standard units,,Accepted,,,Actual,,,,,,,,,,,,,,,,,,,,,,,,PROBE,USDOI/USGS,"pH, field, electrometric",,"DESCRIPTION: pH, field, electrometric; CITATION(S): U.S. Geological Survey, [variously dated], pH, in National field manual for the collection of water-quality data: U.S. Geological Survey Techniques of Water-Resources Investigations, book 9, chap. A6.4, available online at https://www.usgs.gov/mission-areas/water-resources/science/national-field-manual-collection-water-quality-data-nfm. | USGS | NFM 6.4",,,,U.S. Geological Survey-Water Resources Discipline,,,,,,,,,,,,,,,,,,,,,,,USGS,,Physical,Federal/US Government,2026-07-20,00400,
USGS,U.S. Geological Survey,"[""USGS""]",,,,,,USGS-14206500,"TUALATIN RIVER AT FARMINGTON,OREG.",Stream,,Oregon,United States of America,Washington County,US,OR,,17090010,170900100404,,,45.4498391762694,-122.951213761155,NAD83,45.4498391762694,-122.951213761155,NAD83,,f1eedce4-53bb-451a-8af1-9aaad7fa23c1,,Sample-Routine,Water,Surface water,,,,"Clean Water Services, Hillsboro, OR",,,,,,,,,,,,,2011-03-01,10:27:00,PST,,,,,,,,,,,,,,,,,,,,,,,,,,,,,,Not determined,Routine sample,,,,,,Turbidity,"Turbidity (ratiometric), broad band (BB) light source (400 nanometers to 680 nanometers), detectors at multiple angles including 60 degrees to 120 degrees",,,Unfiltered,,,,,,,,,,,,,,,,,,,54cd0f29-eac0-4f13-b388-fd3bb9b2b17a,68,NTRU,,Accepted,,,Actual,,,,,,,,,,,,,,,Lower Reporting Limit,0.1,NTRU,Quantitation limit value of the specified type,,,,,,TS100,USDOI/USGS,"HACH, sensor model 2100 N, R-On",,"DESCRIPTION: HACH, sensor model 2100 N (Ratio ON), NTRU; CITATION(S): USEPA | 180.1",,,,"Clean Water Services, Hillsboro, OR",,,,,,,,,,,,,,,,,,,,,,,USGS,,Physical,Federal/US Government,2026-07-20,63676,
USGS,U.S. Geological Survey,"[""USGS"",""10003LB00""]",,,,,,USGS-01118360,"ASHAWAY RIVER AT ASHAWAY, RI",Stream,,Rhode Island,United States of America,Washington County,US,RI,,01090005,010900050301,,,41.4234328828257,-71.7917351427223,NAD83,41.4234328828257,-71.7917351427223,NAD83,,511b3bf2-cb61-4b5a-9a4a-59a09255369b,,Sample-Routine,Water,Surface water,,,,U.S. Geological Survey-Water Resources Discipline,,,,,,,,,,,,,2019-06-25,12:45:00,EDT,,,,,,,,,,,,70,USDOI/USGS,Grab/dip,,Point / Grab: Grab sample (dip),,,,,,,,,,,,,,Rising stage,Routine sample,,,,,,Turbidity,"Turbidity (ratiometric), broad band (BB) light source (400 nanometers to 680 nanometers), detectors at multiple angles including 60 degrees to 120 degrees",,,Unfiltered,,,,,,,,,,,,,,,,,,,523abc5e-f64d-4de8-a2c0-e62b69aed50e,2.2,NTRU,,Accepted,,,Actual,,,,,,,,,,,,,,,,,,,,,,,,TS101,USDOI/USGS,"HACH, sensor model 2100 P, NTRU",,"DESCRIPTION: HACH, sensor model 2100 P, NTRU; CITATION(S): USEPA | 180.1",,,,U.S. Geological Survey-Water Resources Discipline,,,,,,,,,,,,,,,,,,,,,,,USGS,,Physical,Federal/US Government,2026-07-20,63676,
USGS,U.S. Geological Survey,"[""USGS"",""00ED20000""]",,,,,,USGS-11452600,CACHE C INFLOW TO SETTLING BASIN NR YOLO CA,Stream,,California,United States of America,Yolo County,US,CA,,18020116,180201160704,,,38.7260149908126,-121.729963136745,NAD83,38.7260149908126,-121.729963136745,NAD83,,e4e33107-0dc1-498e-b4a1-a43b65c095c4,,Sample-Routine,Water,Surface water,,,,U.S. Geological Survey-Water Resources Discipline,,,,,,,,,,,,,2015-02-08,13:20:00,PST,,,,,,,,,,,,40,USDOI/USGS,Multiple verticals,,Depth-integrated: Multiple verticals,"US DH-95, Teflon bottle",,,,,,,,,,,,,Not determined,Flood,,,,,,Mercury,"Mercury, suspended sediment",7439-97-6,,,,,,,,,,,,,,,,,,,,,932c687d-8475-4a77-9875-798a95f3f1d2,149,ng/L,,Accepted,,,Actual,,,,,,,,,,,,,,,Laboratory Reporting Level,1.90,ng/L,Quantitation limit value of the specified type,,,,,,CV038,USDOI/USGS,"Mercury, ss, EPA1631 extr &CVAFS",,"DESCRIPTION: Particulate mercury by EPA 1631 Appendix acid digestion and BrCl oxidation, and cold vapor atomic fluorescence spectrometry (CVAFS) (USGSBGCA); CITATION(S): U.S. Environmental Protection Agency, 2001, Appendix to Method 1631, Total mercury in tissue, sludge, sediment, and soil by acid digestion and BrCl oxidation: U.S. Environmental Protection Agency, EPA-821-R-01-013, 13 p.",,,,"USGS Biogeochemistry Lab, Menlo Park, CA",,,,,,,,,,,,,,,,,,,,,,,USGS,,"Inorganics, Minor, Metals",Federal/US Government,2026-07-21,62976,
USGS,U.S. Geological Survey,"[""USGS"",""00003LB00""]",,,,,,USGS-01124000,"QUINEBAUG RIVER AT QUINEBAUG, CT",Stream,,Connecticut,United States of America,Northeastern Connecticut Planning Region,US,CT,,01100001,011000010105,,,42.02220151324722,-71.95560456748045,NAD83,42.02220151324722,-71.95560456748045,NAD83,,f142f69f-3d3e-484f-b72e-3683a36b3aec,,Sample-Routine,Water,Surface water,,,,U.S. Geological Survey-Water Resources Discipline,,,,,,,,,,,,,2011-02-09,11:45:00,EST,,,,,,,,,,,,30,USDOI/USGS,Single vertical DI,,"Depth-integrated: Single vertical, depth integrated",US DH-81,,,,,,,,,,,,,"Stable, normal stage",Routine sample,,,,,,pH,"pH, water, unfiltered, field",,,Unfiltered,,,,,,,,,,,,,,,,,,,54cd16c5-c9f1-4fb3-96fd-ca4521180230,7.3,standard units,,Accepted,,,Actual,,,,,,,,,,,,,,,,,,,,,,,,PROBE,USDOI/USGS,"pH, field, electrometric",,"DESCRIPTION: pH, field, electrometric; CITATION(S): U.S. Geological Survey, [variously dated], pH, in National field manual for the collection of water-quality data: U.S. Geological Survey Techniques of Water-Resources Investigations, book 9, chap. A6.4, available online at https://www.usgs.gov/mission-areas/water-resources/science/national-field-manual-collection-water-quality-data-nfm. | USGS | NFM 6.4",,,,U.S. Geological Survey-Water Resources Discipline,,,,,,,,,,,,,,,,,,,,,,,USGS,,Physical,Federal/US Government,2026-07-20,00400,
USGS,U.S. Geological Survey,"[""USGS"",""ZJ00A5701""]",,,,,,USGS-10336676,WARD C AT HWY 89 NR TAHOE PINES CA,Stream,,California,United States of America,Placer County,US,CA,,16050101,160501010403,,,39.13210687581325,-120.1576704672531,NAD83,39.13210687581325,-120.1576704672531,NAD83,,86927824-755b-4b1c-bc88-57ed3b89c5db,,Sample-Routine,Water,Surface water,,,,"University of California, Davis",,,,,,,,,,,,,2018-05-04,18:40:00,PDT,,,,,,,,,,,,10,USDOI/USGS,EWI,,Depth-integrated: Equal-width-increment (EWI),US DH-81,,,,,,,,,,,,,"Stable, normal stage",Routine sample,,,,,,Dissolved oxygen (DO),"Dissolved oxygen (DO), water, unfiltered",7782-44-7,,Unfiltered,,,,,,,,,,,,,,,,,,,31cf92d6-28cb-4517-b7df-404593271458,9.7,mg/L,,Accepted,,,Actual,,,,,,,,,,,,,,,,,,,,,,,,,,,,,,,,"University of California, Davis",,,,,,,,,,,,,,,,,,,,,,,USGS,,"Inorganics, Major, Non-metals",Federal/US Government,2026-07-21,00300,
USGS,U.S. Geological Survey,"[""NAWQA - National Water-Quality Assessment"",""2503CRM01""]",,,,,,USGS-02338000,"CHATTAHOOCHEE RIVER NEAR WHITESBURG, GA",Stream,,Georgia,United States of America,Carroll County,US,GA,,03130002,,,,33.4765277777778,-84.9011944444445,NAD83,33.4765277777778,-84.9011944444445,NAD83,,80d5f966-545d-48a6-a40a-6dce80a1bf6e,,Sample-Routine,Water,Surface water,,,,U.S. Geological Survey-Water Resources Discipline,A-1200109 Attention: Charlie Patton TPCN volume filtered 63mL,,,,,,,,,,,,2010-04-29,09:00:00,EDT,,,,,,,,,,,,10,USDOI/USGS,EWI,,Depth-integrated: Equal-width-increment (EWI),"US DH-95, Teflon bottle",,,,,,,,,,,,,Falling stage,Routine sample,,,,,,Dissolved oxygen (DO),"Dissolved oxygen (DO), water, unfiltered",7782-44-7,,Unfiltered,,,,,,,,,,,,,,,,,,,791db5ce-a9eb-454c-86ff-2946531e9a6c,9.0,mg/L,,Accepted,,,Actual,,,,,,,,,,,,,,,,,,,,,,,,,,,,,,,,,,,,,,,,,,,,,,,,,,,,,,,USGS,,"Inorganics, Major, Non-metals",Federal/US Government,2026-07-20,00300,
USGS,U.S. Geological Survey,"[""USGS"",""00DNG1900""]",,,,,,USGS-08062700,"Trinity Rv at Trinidad, TX",Stream,,Texas,United States of America,Henderson County,US,TX,,12030105,120301050504,,,32.1476525461499,-96.1024707629276,NAD83,32.1476525461499,-96.1024707629276,NAD83,,c76bb8a2-69c6-47ff-911a-05fae659cf6a,,Sample-Routine,Water,Surface water,,,,"USGS-TX WSC Water-Quality Lab, Fort Worth, TX (KIR fwr)",,,,,,,,,,,,,2011-01-27,12:20:00,CST,,,,,,,,,,,,10,USDOI/USGS,EWI,,Depth-integrated: Equal-width-increment (EWI),"US DH-95, Teflon bottle",,,,,,,,,,,,,"Stable, normal stage",Routine sample,,,,,,pH,"pH, water, unfiltered, field",,,Unfiltered,,,,,,,,,,,,,,,,,,,932c7968-161e-4195-a5be-ee365bb5f399,8.0,standard units,,Accepted,,,Actual,,,,,,,,,,,,,,,,,,,,,,,,EL009,USDOI/USGS,"pH, fld,glass electrode (NRP&CO)",,"DESCRIPTION: pH, water, field, glass electrode (NRP and CO WSC); CITATION(S): Radtke, D.B., Busenberg, Eurybiades, Wilde, F.D., and Kurklin, J.K., 1998, pH, in the National field manual for the collection of water-quality data: U.S. Geological Survey Techniques of Water-Resources Investigations, book 9, chap. A6.4, 27 p.",,,,U.S. Geological Survey-Water Resources Discipline,,,,,,,,,,,,,,,,,,,,,,,USGS,,Physical,Federal/US Government,2026-07-21,00400,
USGS,U.S. Geological Survey,"[""Great Lakes Restoration Initiative"",""GLRITRIBS""]",,,,,,USGS-04165500,"CLINTON RIVER AT MORAVIAN DRIVE AT MT. CLEMENS, MI",Stream,,Michigan,United States of America,Macomb County,US,MI,,04090003,040900030402,,,42.59583949730101,-82.90874495833125,NAD83,42.59583949730101,-82.90874495833125,NAD83,,37226826-137c-43b9-b47c-cef94b7392a9,,Sample-Routine,Water,Surface water,,,,U.S. Geological Survey-Water Resources Discipline,,,,,,,,,,,,,2016-04-04,09:00:00,EST,,,,,,,,,,,,10,USDOI/USGS,EWI,,Depth-integrated: Equal-width-increment (EWI),"US DH-95, Teflon bottle",,,,,,,,,,,,,Falling stage,Routine sample,,,,,,pH,"pH, water, unfiltered, field",,,Unfiltered,,,,,,,,,,,,,,,,,,,54cd2291-bc3c-4baa-a077-68a96e7210f9,7.8,standard units,,Accepted,,,Actual,,,,,,,,,,,,,,,,,,,,,,,,PROBE,USDOI/USGS,"pH, field, electrometric",,"DESCRIPTION: pH, field, electrometric; CITATION(S): U.S. Geological Survey, [variously dated], pH, in National field manual for the collection of water-quality data: U.S. Geological Survey Techniques of Water-Resources Investigations, book 9, chap. A6.4, available online at https://www.usgs.gov/mission-areas/water-resources/science/national-field-manual-collection-water-quality-data-nfm. | USGS | NFM 6.4",,,,U.S. Geological Survey-Water Resources Discipline,,,,,,,,,,,,,,,,,,,,,,,USGS,,Physical,Federal/US Government,2026-07-20,00400,
USGS,U.S. Geological Survey,"[""USGS"",""250300370""]",,,,,,USGS-02212940,"OCMULGEE RIVER NEAR MACON, GA",Stream,,Georgia,United States of America,Jones County,US,GA,,03070103,,,,32.899166666666666,-83.66416666666667,NAD83,32.899166666666666,-83.66416666666667,NAD83,,57fa99ab-4d7a-486c-9376-69d836724965,,Sample-Routine,Water,Surface water,,,,U.S. Geological Survey-Water Resources Discipline,GAEPD ID: RV_05_2165,,,,,,,,,,,,2021-07-27,12:20:00,EDT,,,,,,,,,,,,70,USDOI/USGS,Grab/dip,,Point / Grab: Grab sample (dip),Weighted bottle,,,,,,,,,,,,,Not determined,Routine sample,,,,,,pH,"pH, water, unfiltered, field",,,Unfiltered,,,,,,,,,,,,,,,,,,,54cd25a6-e8eb-49cf-af5c-367d2b545202,7.5,standard units,,Accepted,,,Actual,,,,,,,,,,,,,,,,,,,,,,,,PROBE,USDOI/USGS,"pH, field, electrometric",,"DESCRIPTION: pH, field, electrometric; CITATION(S): U.S. Geological Survey, [variously dated], pH, in National field manual for the collection of water-quality data: U.S. Geological Survey Techniques of Water-Resources Investigations, book 9, chap. A6.4, available online at https://www.usgs.gov/mission-areas/water-resources/science/national-field-manual-collection-water-quality-data-nfm. | USGS | NFM 6.4",,,,U.S. Geological Survey-Water Resources Discipline,,,,,,,,,,,,,,,,,,,,,,,USGS,,Physical,Federal/US Government,2026-07-20,00400,
USGS,U.S. Geological Survey,"[""USGS"",""24829QE10""]",,,,,,USGS-02035000,"JAMES RIVER AT CARTERSVILLE, VA",Stream,,Virginia,United States of America,Goochland County,US,VA,,02080205,020802050403,,,37.670979573031,-78.0858327652848,NAD83,37.670979573031,-78.0858327652848,NAD83,,8d765d8c-f494-4865-b4bf-d3fa05ff59d7,,Sample-Routine,Water,Surface water,,,,U.S. Geological Survey-Water Resources Discipline,,,,,,,,,,,,,2021-05-04,08:30:00,EDT,,,,,,,,,,,,10,USDOI/USGS,EWI,,Depth-integrated: Equal-width-increment (EWI),"US DH-95, Teflon bottle",,,,,,,,,,,,,Falling stage,Routine sample,,,,,,Turbidity,"Turbidity (legacy), laboratory",,,Unfiltered,,,,,,,,,,,,,,,,,,,54cd291f-dea0-4bee-8890-cbff572d289b,3.12,NTU,,Accepted,,,Actual,,,,,,,,,,,,,,,Lower Reporting Limit,0.100000001,NTU,Quantitation limit value of the specified type,,,,,,TBD04,USDOI/USGS,"Turbidity, wu, lab nephelometry",,"DESCRIPTION: Turbidity, water, unfiltered, laboratory, nephelometric method (Standard Methods 2130 B; USGSVAWC; VA-CLS); CITATION(S): STDMETH | 2130 B",,,,Virginia Division of Consolidated Laboratory Services,,,,,,,,,,,,,,,,,,,,,,,USGS,,Physical,Federal/US Government,2026-07-20,82079,
USGS,U.S. Geological Survey,"[""USGS"",""UT22SLCFO""]",,,,,,USGS-09302000,"DUCHESNE RIVER NEAR RANDLETT, UT",Stream,,Utah,United States of America,Uintah County,US,UT,,14060003,140600031505,,,40.2102777777778,-109.781388888889,NAD83,40.2102777777778,-109.781388888889,NAD83,,0d62b598-35e4-4c30-807c-d41f586923b8,,Sample-Routine,Water,Surface water,,,,U.S. Geological Survey,,,,,,,,,,,,,2022-09-20,16:15:00,MDT,,,,,,,,,,,,10,USDOI/USGS,EWI,,Depth-integrated: Equal-width-increment (EWI),US DH-81,,,,,,,,,,,,,"Stable, normal stage",Routine sample,,,,,,Dissolved oxygen (DO),"Dissolved oxygen (DO), water, unfiltered",7782-44-7,,Unfiltered,,,,,,,,,,,,,,,,,,,31cfaa0e-4149-4807-a6dc-cddc07ff732f,9.0,mg/L,,Accepted,,,Actual,,,,,,,,,,,,,,,,,,,,,,,,,,,,,,,,U.S. Geological Survey-Water Resources Discipline,,,,,,,,,,,,,,,,,,,,,,,USGS,,"Inorganics, Major, Non-metals",Federal/US Government,2026-07-21,00300,
USGS,U.S. Geological Survey,"[""USGS"",""00003UL00""]",,,,,,USGS-02206500,"YELLOW RIVER NEAR SNELLVILLE, GA",Stream,,Georgia,United States of America,Gwinnett County,US,GA,,03070103,,,,33.8530555555556,-84.0783333333333,NAD83,33.8530555555556,-84.0783333333333,NAD83,,98e46c5f-7edb-4c43-8d29-fd8ffa4aa952,,Sample-Routine,Water,Surface water,,,,U.S. Geological Survey-Water Resources Discipline,,,,,,,,,,,,,2021-09-08,09:40:00,EST,,,,,,,,,,,,10,USDOI/USGS,EWI,,Depth-integrated: Equal-width-increment (EWI),"US DH-95, plastic bottle",,,,,,,,,,,,,Rising stage,Storm,,,,,,pH,"pH, water, unfiltered, laboratory",,,Unfiltered,,,,,,,,,,,,,,,,,,,31cfab43-7ceb-466c-ab91-9a4f9eb6fa86,7.3,standard units,,Accepted,,,Actual,,,,,,,,,,RTI ID:2109171-001,,,,,,,,,,,,,,EL008,USDOI/USGS,"pH, wu, lab (Std Methods /DODEC)",,"DESCRIPTION: pH of unfiltered water, laboratory, by electrometry (Standard Methods 4500-H B; DODEC program); CITATION(S): Standard methods for the examination of water and wastewater | STDMETH | 4500-H B",,,,"USGS-National Water Quality Lab, Denver, CO",2021-09-09,,,,,,[@ - holding time exceeded],,,,,,,,,,,,,,,,USGS,,Physical,Federal/US Government,2026-07-21,00403,
USGS,U.S. Geological Survey,"[""USGS""]",,,,,,USGS-07247015,"Poteau River at Loving, OK",Stream,,Oklahoma,United States of America,Le Flore County,US,OK,,11110105,111101050304,,,34.8798238848853,-94.4841112298161,NAD83,34.8798238848853,-94.4841112298161,NAD83,,6c1ee18d-f052-40de-944c-9f2de8a9227b,,Sample-Routine,Water,Surface water,,,,U.S. Geological Survey-Water Resources Discipline,"L-2340058 Received August 17, 2012",,,,,,,,,,,,2012-08-16,08:30:00,CDT,,,,,,,,,,,,70,USDOI/USGS,Grab/dip,,Point / Grab: Grab sample (dip),,,,,,,,,,,,,,"Stable, low stage",Routine sample,,,,,,Dissolved oxygen (DO),"Dissolved oxygen (DO), water, unfiltered",7782-44-7,,Unfiltered,,,,,,,,,,,,,,,,,,,523adec2-184a-43ae-99b7-f135b010392e,3.0,mg/L,,Accepted,,,Actual,,,,,,,,,,,,,,,,,,,,,,,,LUMIN,USDOI/USGS,"Diss oxygen, luminescence sensor",,"DESCRIPTION: Dissolved Oxygen, Luminescence Quenching (Luminescence-Based Sensor); CITATION(S): U.S. Geological Survey, [variously dated], Dissolved oxygen, in National field manual for the collection of water-quality data: U.S. Geological Survey Techniques of Water-Resources Investigations, book 9, chap. A6.2, available online at https://www.usgs.gov/mission-areas/water-resources/science/national-field-manual-collection-water-quality-data-nfm. |<--->| Annual Book of ASTM Standards | ASTM | D888-05 |<--->| Thermo Fisher Scientific, 2008, Orion Rugged Dissolved Oxygen (RDO) Optical Dissolved Oxygen Sensor User Guide, revision A, 10-08 https://documents.thermofisher.com/TFS-Assets/LSG/manuals/D15864~.pdf",,,,,,,,,,,,,,,,,,,,,,,,,,,USGS,,"Inorganics, Major, Non-metals",Federal/US Government,2026-07-21,00300,
USGS,U.S. Geological Survey,"[""USGS""]",,,,,,USGS-431755116312500,"SNAKE RIVER NR RM 448 NR MELBA, ID",Stream,,Idaho,United States of America,Canyon County,US,ID,,17050103,170501030507,,,43.2991444444444,-116.523419444444,NAD83,43.2991444444444,-116.523419444444,NAD83,,f088eb25-2dca-49c1-869b-318c590e95c1,,Sample-Routine,Water,Surface water,,,,U.S. Geological Survey-Water Resources Discipline,,,,,,,,,,,,,2020-05-26,07:40:00,MDT,,,,,,,,,,,,70,USDOI/USGS,Grab/dip,,Point / Grab: Grab sample (dip),,,,,,,,,,,,,,"Stable, normal stage",Routine sample,,,,,,Mercury,"Mercury, water, filtered",7439-97-6,,Filtered field and/or lab,,,,,,,,,,,,,,,,,,,791dc65c-0e07-45ea-ab94-2a6d75e1e3e7,0.35,ng/L,,Accepted,,,Actual,,,,,,,,,,Filter type: Q; Bottle ID: WIT422CVX,,,,,Method Detection Level,0.04,ng/L,Quantitation limit value of the specified type,,,,,,,,,,,,,,"USGS-Wisconsin District Mercury Lab, Madison, WI",2020-07-08,,,,,,,,,,,,,,,,,,,,,,USGS,,"Inorganics, Minor, Metals",Federal/US Government,2026-07-20,50287,
USGS,U.S. Geological Survey,"[""USGS"",""244500358""]",,,,,,USGS-04175120,"HURON RIVER AT FORT ROAD AT ROCKWOOD, MI",Stream,,Michigan,United States of America,Wayne County,US,MI,,04090005,040900050407,,,42.0641666666667,-83.2538888888889,NAD83,42.0641666666667,-83.2538888888889,NAD83,,d28ce1f5-a119-485f-8a80-6cbc1ce26d00,,Sample-Routine,Water,Surface water,,,,U.S. Geological Survey-Water Resources Discipline,,,,,,,,,,,,,2010-04-07,13:45:00,EST,,,,,,,,,,,,70,USDOI/USGS,Grab/dip,,Point / Grab: Grab sample (dip),,,,,,,,,,,,,,"Stable, normal stage",Routine sample,,,,,,Turbidity,"Turbidity (legacy), laboratory",,,Unfiltered,,,,,,,,,,,,,,,,,,,54cd4512-4ce4-4156-9762-64ea9059a9fe,14,NTU,,Accepted,,,Actual,,,,,,,,,,,,,,,Lower Reporting Limit,1,NTU,Quantitation limit value of the specified type,,,,,,,,,,,,,,Michigan Department of Environmental Quality (MDEQ),,,,,,,,,,,,,,,,,,,,,,,USGS,,Physical,Federal/US Government,2026-07-20,82079,
USGS,U.S. Geological Survey,"[""USGS"",""MN-F0600""]",,,,,,USGS-05317000,"COTTONWOOD RIVER NEAR NEW ULM, MN",Stream,,Minnesota,United States of America,Brown County,US,MN,,07020008,070200080803,,,44.289217,-94.439427,NAD83,44.289217,-94.439427,NAD83,,3fc0fa4d-46b5-4dda-b9ae-2a051687333e,,Sample-Routine,Water,Surface water,,,,U.S. Geological Survey-Water Resources Discipline,d100 = 34.23 mm,,,,,,,,,,,,2018-04-23,13:24:00,CDT,,,,,,,,,,,,1000,USDOI/USGS,SEWI,,"Bedload: Bedload - Bedload, single-equal-width-increment (SEWI)","Bedload - US BL-84, 3 x 3-inch, 1.40 area ratio, cable suspension",,,,,,,,,,,,,Rising stage,Snowmelt,,,,,,Turbidity,"Turbidity (ratiometric), broad band (BB) light source (400 nanometers to 680 nanometers), detectors at multiple angles including 60 degrees to 120 degrees",,,Unfiltered,,,,,,,,,,,,,,,,,,,54cd461c-15d1-4a26-b3aa-40fee7f256e3,290,NTRU,,Accepted,,,Actual,,,,,,,,,,,,,,,,,,,,,,,,,,,,,,,,,,,,,,,,,,,,,,,,,,,,,,,USGS,,Physical,Federal/US Government,2026-07-20,63676,
USGS,U.S. Geological Survey,"[""USGS""]",,,,,,USGS-04253630,CONSTABLE CREEK AT HIGBY ROAD NEAR BIG MOOSE NY,Stream,,New York,United States of America,Herkimer County,US,NY,,04150101,041501010501,,,43.8250888888889,-74.8384972222222,NAD83,43.8250888888889,-74.8384972222222,NAD83,,5fef6bd4-46df-4ddb-a4f7-1a8bcf4a7e4a,,Sample-Routine,Water,Surface water,,,,,,,,,,,,,,,,,2014-07-07,09:17:00,EST,,,,0.0,m,,,,,,,,,,,,,,,,,,,,,,,,,Not determined,Routine sample,,,,,,pH,"pH, water, unfiltered, laboratory",,,Unfiltered,,,,,,,,,,,,,,,,,,,523af2a6-99ee-405f-86cd-8713afcb9faf,5.77,standard units,,Accepted,,,Actual,,,,,,,,,,,,,,,,,,,,,,,,EL019,USDOI/USGS,"pH, wu, Ross (USGSNYWC: ALSC)",,"DESCRIPTION: pH, unfiltered water, manual laboratory measurement with Orion Ross electrode (NY WSC; ALSC); CITATION(S): No citations are available for this method",,,,"Adirondack Lakes Survey Corporation, Ray Brook, NY",,,,,,,,,,,,,,,,,,,,,,,USGS,,Physical,Federal/US Government,2026-07-20,00403,
USGS,U.S. Geological Survey,"[""USGS"",""000031900""]",,,,,,USGS-09067005,"EAGLE RIVER AT AVON, CO.",Stream,,Colorado,United States of America,Eagle County,US,CO,,14010003,140100030301,,,39.6316527119368,-106.522531825378,NAD83,39.6316527119368,-106.522531825378,NAD83,,c34a9336-080b-44b3-97fe-e32afa04b47e,,Sample-Routine,Water,Surface water,,,,U.S. Geological Survey,A little coarse sand,,,,,,,,,,,,2016-06-28,15:30:00,MDT,,,,,,,,,,,,10,USDOI/USGS,EWI,,Depth-integrated: Equal-width-increment (EWI),"US DH-95, plastic bottle",,,,,,,,,,,,,"Stable, normal stage",Routine sample,,,,,,Lead,"Lead, water, filtered",7439-92-1,,Filtered field and/or lab,,,,,,,,,,,,,,,,,,,932ca5b4-75c3-4764-8338-3424c4153450,0.091,ug/L,,Accepted,,,Actual,,,,,,,,,,,,,,,Detection limit by DQCALC,0.04,ug/L,Quantitation limit value of the specified type,,,,,,PLM43,USDOI/USGS,"Metals, wf, ICP-MS",,"DESCRIPTION: Metals, filtered water, Inductively coupled plasma-mass spectrometry; CITATION(S): Faires, L.M., 1993, Methods of analysis by the U.S. Geological Survey National Water Quality Laboratory--Determination of metals in water by inductively coupled plasma-mass spectrometry: U.S. Geological Survey Open-File Report 92-634, 28 p. | USGS | I-2477-92",,,,"USGS-National Water Quality Lab, Denver, CO",2016-07-25,,,,,,,,,,,,,,,,,,,,,,USGS,,"Inorganics, Minor, Metals",Federal/US Government,2026-07-21,01049,
USGS,U.S. Geological Survey,"[""USGS"",""250300370""]",,,,,,USGS-02352560,"FLINT RIVER AT GA 234, AT ALBANY, GA",Stream,,Georgia,United States of America,Dougherty County,US,GA,,03130008,,,,31.55241919707397,-84.14602305897827,NAD83,31.55241919707397,-84.14602305897827,NAD83,,b4a7117b-72de-4314-98fd-fbc89294aee5,,Sample-Routine,Water,Surface water,,,,U.S. Geological Survey-Water Resources Discipline,GAEPD ID: RV_11_3553,,,,,,,,,,,,2023-07-12,12:15:00,EDT,,,,,,,,,,,,70,USDOI/USGS,Grab/dip,,Point / Grab: Grab sample (dip),Weighted bottle,,,,,,,,,,,,,"Stable, normal stage",Routine sample,,,,,,pH,"pH, water, unfiltered, field",,,Unfiltered,,,,,,,,,,,,,,,,,,,31cfc3cd-979b-4339-ac79-aa0d2526b748,7.0,standard units,,Accepted,,,Actual,,,,,,,,,,,,,,,,,,,,,,,,PROBE,USDOI/USGS,"pH, field, electrometric",,"DESCRIPTION: pH, field, electrometric; CITATION(S): U.S. Geological Survey, [variously dated], pH, in National field manual for the collection of water-quality data: U.S. Geological Survey Techniques of Water-Resources Investigations, book 9, chap. A6.4, available online at https://www.usgs.gov/mission-areas/water-resources/science/national-field-manual-collection-water-quality-data-nfm. | USGS | NFM 6.4",,,,U.S. Geological Survey-Water Resources Discipline,,,,,,,,,,,,,,,,,,,,,,,USGS,,Physical,Federal/US Government,2026-07-20,00400,
USGS,U.S. Geological Survey,"[""USGS"",""000L300AR""]",,,,,,USGS-07048600,"White River near Fayetteville, AR",Stream,,Arkansas,United States of America,Washington County,US,AR,,11010001,110100010701,,,36.073055555555555,-94.08111111111111,NAD83,36.073055555555555,-94.08111111111111,NAD83,,f8860acf-7a56-4204-9c93-ea540e9cd2a7,,Sample-Routine,Water,Surface water,,,,U.S. Geological Survey-Water Resources Discipline,,,,,,,,,,,,,2020-01-11,09:05:00,CST,,,,,,,,,,,,40,USDOI/USGS,Multiple verticals,,Depth-integrated: Multiple verticals,"US DH-95, plastic bottle",,,,,,,,,,,,,Falling stage,Storm,,,,,,pH,"pH, water, unfiltered, field",,,Unfiltered,,,,,,,,,,,,,,,,,,,932ca5c6-8b4e-470c-8464-789145891809,7.0,standard units,,Provisional,,,Actual,,,,,,,,,,,,,,,,,,,,,,,,PROBE,USDOI/USGS,"pH, field, electrometric",,"DESCRIPTION: pH, field, electrometric; CITATION(S): U.S. Geological Survey, [variously dated], pH, in National field manual for the collection of water-quality data: U.S. Geological Survey Techniques of Water-Resources Investigations, book 9, chap. A6.4, available online at https://www.usgs.gov/mission-areas/water-resources/science/national-field-manual-collection-water-quality-data-nfm. | USGS | NFM 6.4",,,,U.S. Geological Survey-Water Resources Discipline,,,,,,,,,,,,,,,,,,,,,,,USGS,,Physical,Federal/US Government,2026-07-21,00400,
USGS,U.S. Geological Survey,"[""USGS"",""UTHL400""]",,,,,,USGS-355817092502701,"Buffalo Rv. DS of Margaret White Spr nr Woolum, AR",Stream,,Arkansas,United States of America,Searcy County,US,AR,,11010005,110100050402,,,35.9714388888889,-92.8410111111111,NAD83,35.9714388888889,-92.8410111111111,NAD83,,eb1a9d67-1f8d-4f30-9d75-af2669d6dbbb,,Sample-Routine,Water,Surface water,,,,U.S. Geological Survey-Water Resources Discipline,,,,,,,,,,,,,2023-06-14,11:30:00,CDT,,,,,,,,,,,,40,USDOI/USGS,Multiple verticals,,Depth-integrated: Multiple verticals,Open-mouth bottle,,,,,,,,,,,,,"Stable, normal stage",Routine sample,,,,,,Dissolved oxygen (DO),"Dissolved oxygen (DO), water, unfiltered",7782-44-7,,Unfiltered,,,,,,,,,,,,,,,,,,,31cfc470-3616-41ec-a183-a5b49b81c6b6,6.0,mg/L,,Accepted,,,Actual,,,,,,,,,,,,,,,,,,,,,,,,,,,,,,,,U.S. Geological Survey-Water Resources Discipline,,,,,,,,,,,,,,,,,,,,,,,USGS,,"Inorganics, Major, Non-metals",Federal/US Government,2026-07-20,00300,
USGS,U.S. Geological Survey,"[""NAWQA - National Water-Quality Assessment"",""2510CRM45""]",,,,,,USGS-02091500,"CONTENTNEA CREEK AT HOOKERTON, NC",Stream,,North Carolina,United States of America,Greene County,US,NC,,03020203,,,,35.4288888888889,-77.5825,NAD83,35.4288888888889,-77.5825,NAD83,,64ca9b9e-3129-413d-8b8a-0b56ae29204d,,Sample-Routine,Water,Surface water,,,,U.S. Geological Survey-Water Resources Discipline,Generated activity from observation import file file357071716fc0_26ef4264-f555-4c10-8b25-66561ba12baa.csv,,,,,,,,,,,,2023-11-02,10:00:00,EDT,,,,,,,,,,,,40,USDOI/USGS,Multiple verticals,,Depth-integrated: Multiple verticals,"US WBH-96, weighted bottle",,,,,,,,,,,,,"Stable, low stage",Routine sample,,,,,,pH,"pH, water, unfiltered, field",,,Unfiltered,,,,,,,,,,,,,,,,,,,54cd4aff-532d-45f1-afb9-c57c594960ff,6.7,standard units,,Accepted,,,Actual,,,,,,,,,,,,,,,,,,,,,,,,PROBE,USDOI/USGS,"pH, field, electrometric",,"DESCRIPTION: pH, field, electrometric; CITATION(S): U.S. Geological Survey, [variously dated], pH, in National field manual for the collection of water-quality data: U.S. Geological Survey Techniques of Water-Resources Investigations, book 9, chap. A6.4, available online at https://www.usgs.gov/mission-areas/water-resources/science/national-field-manual-collection-water-quality-data-nfm. | USGS | NFM 6.4",,,,U.S. Geological Survey-Water Resources Discipline,,,,,,,,,,,,,,,,,,,,,,,USGS,,Physical,Federal/US Government,2026-07-20,00400,
USGS,U.S. Geological Survey,"[""USGS"",""DOT_BDECK""]",,,,,,USGS-021473415,"FISHING CREEK AT HWY 5 BELOW YORK, SC",Stream,,South Carolina,United States of America,York County,US,SC,,03050103,,,,34.9753194444444,-81.18015,NAD83,34.9753194444444,-81.18015,NAD83,,3b591334-968f-464c-bfd7-cbf6d2be5ef8,,Sample-Routine,Water,Surface water,,,,,,,,,,,,,,,,,2017-08-08,10:05:00,EST,,,,,,,,,,,,40,USDOI/USGS,Multiple verticals,,Depth-integrated: Multiple verticals,"US DH-81, Teflon cap and nozzle",,,,,,,,,,,,,"Stable, low stage",Routine sample,,,,,,Dissolved oxygen (DO),"Dissolved oxygen (DO), water, unfiltered",7782-44-7,,Unfiltered,,,,,,,,,,,,,,,,,,,791dd854-a8e2-4bc8-ac9a-fc45c5890468,6.7,mg/L,,Accepted,,,Actual,,,,,,,,,,,,,,,,,,,,,,,,MEMBR,USDOI/USGS,"Diss oxygen, membrane electrode",,"DESCRIPTION: Dissolved Oxygen, Amperometric (Membrane Electrode Method); CITATION(S): Standard methods for the examination of water and wastewater | STDMETH | 4500-O G",,,,,,,,,,,,,,,,,,,,,,,,,,,USGS,,"Inorganics, Major, Non-metals",Federal/US Government,2026-07-20,00300,
USGS,U.S. Geological Survey,"[""USGS""]",,,,,,USGS-04220045,OAK ORCHARD CREEK NEAR SHELBY NY,Stream,,New York,United States of America,Orleans County,US,NY,,04130001,041300010405,,,43.1743055555556,-78.3863888888889,NAD83,43.1743055555556,-78.3863888888889,NAD83,,9cf600f4-7059-437b-adf1-0f2275568465,,Sample-Routine,Water,Surface water,,,,U.S. Geological Survey-Water Resources Discipline,"L-2860112 Received October 09,2015",,,,,,,,,,,,2015-10-08,12:45:00,EST,,,,,,,,,,,,10,USDOI/USGS,EWI,,Depth-integrated: Equal-width-increment (EWI),,,,,,,,,,,,,,"Stable, low stage",Routine sample,,,,,,Dissolved oxygen (DO),"Dissolved oxygen (DO), water, unfiltered",7782-44-7,,Unfiltered,,,,,,,,,,,,,,,,,,,31cfc95e-52af-4536-b0e1-d37ad90b8375,8.0,mg/L,,Accepted,,,Actual,,,,,,,,,,,,,,,,,,,,,,,,,,,,,,,,,,,,,,,,,,,,,,,,,,,,,,,USGS,,"Inorganics, Major, Non-metals",Federal/US Government,2026-07-20,00300,
USGS,U.S. Geological Survey,"[""USGS"",""250300370""]",,,,,,USGS-02344040,"CHATTAHOOCHEE RIVER NEAR STEAM MILL, GA",Stream,,Georgia,United States of America,Seminole County,US,GA,,03130004,,,,30.977713324421874,-85.00521537986387,NAD83,30.977713324421874,-85.00521537986387,NAD83,,e29ef0f3-9a3e-48b5-b28c-4e20e449cadd,,Sample-Routine,Water,Surface water,,,,U.S. Geological Survey-Water Resources Discipline,GAEPD ID: RV_12_4110,,,,,,,,,,,,2017-12-13,12:00:00,EST,,,,,,,,,,,,40,USDOI/USGS,Multiple verticals,,Depth-integrated: Multiple verticals,"US WBH-96, weighted bottle",,,,,,,,,,,,,Not determined,Routine sample,,,,,,pH,"pH, water, unfiltered, field",,,Unfiltered,,,,,,,,,,,,,,,,,,,791de2fe-980c-4252-a939-52496937c07d,7.4,standard units,,Accepted,,,Actual,,,,,,,,,,,,,,,,,,,,,,,,PROBE,USDOI/USGS,"pH, field, electrometric",,"DESCRIPTION: pH, field, electrometric; CITATION(S): U.S. Geological Survey, [variously dated], pH, in National field manual for the collection of water-quality data: U.S. Geological Survey Techniques of Water-Resources Investigations, book 9, chap. A6.4, available online at https://www.usgs.gov/mission-areas/water-resources/science/national-field-manual-collection-water-quality-data-nfm. | USGS | NFM 6.4",,,,U.S. Geological Survey-Water Resources Discipline,,,,,,,,,,,,,,,,,,,,,,,USGS,,Physical,Federal/US Government,2026-07-20,00400,
USGS,U.S. Geological Survey,"[""USGS"",""CFLT""]",,,,,,USGS-12324200,Clark Fork at Deer Lodge MT,Stream,,Montana,United States of America,Powell County,US,MT,,17010201,170102010707,,,46.39765,-112.742538888889,NAD83,46.39765,-112.742538888889,NAD83,,4d95e591-126b-46ca-90d2-d1a889c8ab47,,Sample-Routine,Water,Surface water,,,,U.S. Geological Survey-Water Resources Discipline,"A-0820014 ATTENTION GARY COTTRELL - CLARK FORK PROJECT,MT L-0820014 Received March 16, 2010",,,,,,,,,,,,2010-03-09,14:00:00,MST,,,,,,,,,,,,10,USDOI/USGS,EWI,,Depth-integrated: Equal-width-increment (EWI),US DH-81,,,,,,,,,,,,,"Stable, normal stage",Routine sample,,,,,,Lead,"Lead, water, filtered",7439-92-1,,Filtered field and/or lab,,,,,,,,,,,,,,,,,,,31cfd9c8-704b-4a9e-be50-a934e0ee9679,0.051,ug/L,,Accepted,,,Actual,,,,,,,,,,,,,,,Laboratory Reporting Level,0.030,ug/L,Quantitation limit value of the specified type,,,,,,PLM43,USDOI/USGS,"Metals, wf, ICP-MS",,"DESCRIPTION: Metals, filtered water, Inductively coupled plasma-mass spectrometry; CITATION(S): Faires, L.M., 1993, Methods of analysis by the U.S. Geological Survey National Water Quality Laboratory--Determination of metals in water by inductively coupled plasma-mass spectrometry: U.S. Geological Survey Open-File Report 92-634, 28 p. | USGS | I-2477-92",,,,"USGS-National Water Quality Lab, Denver, CO",2010-04-01,,,,,,,,,,,,,,,,,,,,,,USGS,,"Inorganics, Minor, Metals",Federal/US Government,2026-07-20,01049,
USGS,U.S. Geological Survey,"[""USGS"",""LWW-00300""]",,,,,,USGS-06803525,SALT CR BL STEVENS CR NR WAVERLY NEBR,Stream,,Nebraska,United States of America,Lancaster County,US,NE,,10200203,102002030904,,,40.9049996200275,-96.5861224339267,NAD83,40.9049996200275,-96.5861224339267,NAD83,,ffa3045e-10ee-4a3b-bda5-e6af803a359b,,Sample-Routine,Water,Surface water,,,,U.S. Geological Survey-Water Resources Discipline,,,,,,,,,,,,,2022-05-23,12:00:00,CDT,,,,,,,,,,,,40,USDOI/USGS,Multiple verticals,,Depth-integrated: Multiple verticals,US DH-81,,,,,,,,,,,,,"Stable, normal stage",Routine sample,,,,,,Mercury,"Mercury, water, unfiltered, recoverable",7439-97-6,,Unfiltered,,,,,,,,,,,,,,,,,,,932cbd8f-48f4-47f5-8b1c-0a4fd1ea9fc8,0.006,ug/L,,Accepted,,,Actual,,,,,,,,,,,,,,,Detection limit by DQCALC,0.005,ug/L,Quantitation limit value of the specified type,,,,,,CV018,USDOI/USGS,"Mercury, wu, CV-AFS",,"DESCRIPTION: Mercury in unfiltered water by cold vapor-atomic fluorescence spectrometry (CV-AFS); CITATION(S): Garbarino, J.R., and Damrau, D.L., 2001, Methods of analysis by the U.S. Geological Survey National Water Quality Laboratory---Determination of organic plus inorganic mercury in filtered and unfiltered natural water with cold vapor--atomic fluorescence spectrometry: U.S. Geological Survey Water-Resources Investigations Report 01-4132, 16 p. | USGS | I-4464-01",,,,"USGS-National Water Quality Lab, Denver, CO",2022-07-20,,,,,,[n - below the reporting level but at or above the detection level],,,,,,,,,,,,,,,,USGS,,"Inorganics, Minor, Metals",Federal/US Government,2026-07-21,71900,
ERROR: INCOMPLETE DATA - THE RESULTS FOR THIS REQUEST ARE NOT COMPLETE AND MORE DATA IS LIKELY AVAILABLE.  PLEASE RETRY THE REQUEST.